-- phpMyAdmin SQL Dump
-- version 4.0.4.1
-- http://www.phpmyadmin.net
--
-- Host: localhost
-- Generation Time: Mar 25, 2015 at 11:13 PM
-- Server version: 5.5.31
-- PHP Version: 5.4.16

SET SQL_MODE = "NO_AUTO_VALUE_ON_ZERO";
SET time_zone = "+00:00";


/*!40101 SET @OLD_CHARACTER_SET_CLIENT=@@CHARACTER_SET_CLIENT */;
/*!40101 SET @OLD_CHARACTER_SET_RESULTS=@@CHARACTER_SET_RESULTS */;
/*!40101 SET @OLD_COLLATION_CONNECTION=@@COLLATION_CONNECTION */;
/*!40101 SET NAMES utf8 */;

--
-- Database: `lavado`
--
CREATE DATABASE IF NOT EXISTS `lavado` DEFAULT CHARACTER SET latin1 COLLATE latin1_swedish_ci;
USE `lavado`;

-- --------------------------------------------------------

--
-- Table structure for table `accionauditable`
--

CREATE TABLE IF NOT EXISTS `accionauditable` (
  `idaccionauditable` int(11) NOT NULL AUTO_INCREMENT,
  `nombre` varchar(256) DEFAULT NULL,
  `hash` varchar(256) DEFAULT NULL,
  `firma` varchar(1024) DEFAULT NULL,
  PRIMARY KEY (`idaccionauditable`),
  KEY `nombre` (`nombre`)
) ENGINE=InnoDB  DEFAULT CHARSET=latin1 AUTO_INCREMENT=8 ;

--
-- Dumping data for table `accionauditable`
--

INSERT INTO `accionauditable` (`idaccionauditable`, `nombre`, `hash`, `firma`) VALUES
(1, 'Inserci', '993ccd81562b049355726667c1f194800d555b135f251d550bb4d27c5d5f03b3', 'Y7s25tukTb/PvP6TYQGUq8jA2qG7l6aW2EYSyhPK9SUOhy6CewJ9Xxqi7cKpMU4g1/6dghWZ5/tqkPk/9ZJ9hBpdUd1p4kNcgRzxG0iDtyA9/8A12OAdN8togNt67bfxX/4hiCPYELHHxMk1F2HvtywmVysdnjzCE/2Q9kvZlEFZ3vEMdLB4wHT/Uwiao59L2BXeZMXrAhWBJnaQz/AQ+xBj5bZEeeU+/8eimLnGkc19WM4Hlr7hsd+bSgxA6dOOVejkaoNFVW2ymJOVNc+qjCpeQS5bvLOSKrmbOPEsjEzPtn6dvbbN8K/Zj7edw1dRyIot6o1tIca2DSzB3TN9Xw=='),
(2, 'Modificaci', '9999f9a73cd369c4f18bca0f9171371cf624506ab6f1cd7f213f5f98ec5027c3', 'lO9xq40rW55beWuv1ud38axN9Ps86vIauyDcCJ5STDts1q+Y/SGcpYk6lOUhnKRJsRrBUK/hLM1RcZnO8KxHnWASM/J4dQc2ZB1X38uUCb9HnLzqZ5/gUUFmnjvm7qD8rtH1Du/mNkRjoLREV6FRf8aoMH47W0JgOyCPgxcJAgd3R0U0hnCneGINCUwNJaAzZbeEonwj5e621uhgBsA27bTUGU6JKi/ifmLUbt1MS5oPmi57+Gay6pw8Hn2AmrA3U/hGYCO2MGbwn2w+Addc7tcKFEz6UQNygB2MgxFWr9d47ry/cLpz5XE3wgqlrPIPMLBsciN5hGCU0mnju3IdHA=='),
(3, 'Eliminaci', '29cf070dadce992951d52ff02d7178ed8351230722baca09eadd0f2bd8a69081', 'Q2vMxbrxGmbkV2P7Ri3z3eYQfkpC3Ltg7zTt/nz7ylUyoT1yyCRWAvBu7zdyeDRQg6RKjXcXbS3AEcc7Alwispz6XtvNubtlj644WDxixdwjinE2kesAP3M9p2Jc9bdlj7aMEtc+984myJO1HAFandkTs8shhaUHEf77XfRmNQ/3dHalyXzrzyMefSKJyWPgYXYJuya2+hpbApRQ3tjSCTZskRF5xaQhD/KaWnOyfY1qrO4Fdb6oOBrqI889hpxNC93DB00ixhpFTOTGwJUUXjsd0yxDLThYiexsjDeobEti5gM2kiE9dh9UmjegfvTvZOX4XyNcI2VYSNdI3lLaIQ=='),
(4, 'Expedici', '68aa8ee35e4ff255e0a080cb5f51ce13a7166a6a657ecfffda6d22049fbbe7ad', 'O4XZ+JqfUr/LN6VNvG53ABx2q7wrlHnYNgzgafSy9vTkn0B2kRzEkvzh8tadinYCya5bNB/mQnRIRlOYHYegn1zF8dKDP5/8hfZ/W8tbB54cS1G4bFkwTUtM90bhz9C0GTogQ04vxpSz+bzf5nFfS/4SivMMUOCm6llyM4iWCRrZJRO9UaIoZBzW94zQ4Sr0qUdYUGqQg0akXuQDsMK2GovIiqv5SSwndFbbGixYCTM3kQF/UzX3JeeukysgumJFPmXqnq4kUJM6PM6vC4KrHFNEzXH94u6GaBZelGASYhA7G1xNWs/cYkCjF8Lk1QuMoGWfvB6qUI1sbzFkZksf4A=='),
(5, 'Ingreso al sistema', '0d5ccce960e6f5141c98f26fe1bd7324160850e0da8f7a700c4b222c9ca94be7', 'qgxSO/DDLZnI2nXDLnNC9ZxCgFhzjFafZwHBufPSeXeBKCwJqM6he2A2CugcgvBIU0cpLas3glf2SOOPfSQzTYPV2HyiRBhN59I5aFB4FF4zxEpbSz1cLsyW3vwWtcZRlGdr/Xds32q+bXgkRF9WxC8z8pM+Z/qufUSgKnkJLW6zxyiQUf5zxuzCyfVbCiPyonrDhXQ9n6RPgIRr5KLZZVlJCg5o20vQxqWcEFnyY+z8ZlJ4q/bvOdtHveJvBCfKgN5q6sngO7Id5hQjPlyEY/LfOr52C00cE5byVNC7CZPs3sGqL3Ofqifl4Dl9t13k1N0u55txBgnriUv/+2mwnQ=='),
(6, 'Salida del sistema', '7136eea0a369538a656b34859d2c4515d72b4030dc930d5ed4808b40903c9984', 'ZCj960/6SQLqCjDub9ERCHQY0XQDmqGK2UmIcOcUYgg9Sc7IXQmZd+gXyJJcCBP7p95dbe4i9Cf7rnFEEUMhynSiQXYG3NyV46fRVdcMUkbBnwB0op+sr/9NlhAchRZ6Xe0k5ta8Qr1Q1YPrA0gJfdhqV7lhQLoAhrMRX2Yx2xGPc3GtnmodtrqmMSLDrrVLlNDQLOB1A45bvZp7G9gznKW30WncabloswaBBuW7DFJMUakLXtTdxrbWGkI5NETBhys+iYERR4Q7nl4PnMlJlSEw1kuyGaZmHwpans4i6/ZKOUNd004l5vgpThvCvP2SqbCHS/Qh8tXT+Ob85p22Cg=='),
(7, 'Impresion', '239292da4e8e7990dc08919384451e50a7c887f8449c42b809bf6cf8e9b75b3a', 'SoLIB6X1sqXjQBzL3z69xk4OibJk27/vjoSFtgsgfWV2/Emi/cDkt5wltH5HBee6wyPFk/1xjtILtIdi5san7VMv+7ADz1oLO4q9Fgo3fJtCMWYdRJFXVPiPe4yescjhXBxZpqrNFcbbkX55jAiB8EAI7wrOrfWeKghQJUv1vPM775pU9IasNl4v+uGuYzeKtA/FxxfKfbD/x6f23b9Xu0zubMpAPtEzVVoBk/O+QqUchXJHuLC+KWZD30Z3UvS4XIf88GngSZVoW8AOWny+WRNxI3ZvMPapTe7xMM2L3gGDGU+5mqoY7Dz73L+u00YkKAhalridCRfsbYxM7A0/Pw==');

-- --------------------------------------------------------

--
-- Table structure for table `auditoria`
--

CREATE TABLE IF NOT EXISTS `auditoria` (
  `idauditoria` int(11) NOT NULL AUTO_INCREMENT,
  `idaccionauditable` int(11) NOT NULL,
  `idusuario` int(11) NOT NULL,
  `idmodulo` int(11) NOT NULL,
  `descripcion` text NOT NULL,
  `fecha` datetime NOT NULL,
  `hash` varchar(256) DEFAULT NULL,
  `firma` varchar(1024) DEFAULT NULL,
  PRIMARY KEY (`idauditoria`),
  KEY `fk_auditoria_modulo1_idx` (`idmodulo`),
  KEY `fk_auditoria_usuario1_idx` (`idusuario`),
  KEY `fk_auditoria_accionauditable1_idx` (`idaccionauditable`)
) ENGINE=InnoDB  DEFAULT CHARSET=latin1 AUTO_INCREMENT=1823 ;

--
-- Dumping data for table `auditoria`
--

INSERT INTO `auditoria` (`idauditoria`, `idaccionauditable`, `idusuario`, `idmodulo`, `descripcion`, `fecha`, `hash`, `firma`) VALUES
(1448, 3, 1, 8, '', '2013-03-19 10:38:34', '3ea8d1676ce0db6de4b7497f6fb71dd5720b153c9d966838fed3f678fd30e466', 'oyNYItczchCdpRBO+gu2vw4qbBUoNDaLpSc9PT+XzHAnbzyzq6QY2HjkVm8X17lqDqTNcfCJIoXq5mimUGjz8wI1sS7UjymIzf6EnhM7CEJxvB6r0InZyU4BuedHkOPr3qw5zkPf+3ZjEKhw2WaOUfGa2SNHdP05B7hbtSdXFd81cbhelmWIR9i/O9vZoGtb7buQKN4rzylhiYslQhTttwD6/T2UW2juG0lGeHnLOgPRJDcq/tfhi5uMtU3s17r9avwwd2XzIAMw09Z6lm49cRdpkpolB1kJhiAeazlyEuqRSmDnwuuJqXqo2c+muivL1IKS28Xky9YoFKJSMqwJnQ=='),
(1449, 3, 1, 8, '', '2013-03-19 10:39:42', '5cee052cb4561c8ad7d9ea0515640426a352bd3a867409f089f3b92c7931069d', 'YjasA9u46027m3UQ6g6/MYZwqlec+Y+caNtP3gOxsuTysvhSM2UPvnI3gHkO6RVrvjGIqfabuftxwZD0EP8cQIMLUDrll7O2xHV/twl5LPvS5RQum4lvcTeDPc4oY6g7rxosC1gwlktSArpLqUhfODYFPfaHNmVPJm01I3mhrYeglO5TeIEs3qS3upeSRxlUgfdJ0csJipIJidVUrTjWjYq5r06q8scrnmtAdHpsFCEHSQaZRY1ko2vv0X95u0Rz+QGWHkbsyfyqB2kN8W8o0jE3P0LvpXl3yFcztJ1ALFgTwws84i17gcVcAX0fldCEPZqKkUb7gBC3kda24qWh2Q=='),
(1450, 7, 1, 111, '', '2013-03-19 10:40:41', '16f6f287e7dd0cf1f1f1ac9e3f96b81c56869a42c08a8115a78bd5769f2c22bf', 'NAOy9ysW+CG7J/RiLLdY+wz+L5fhtVtBSRv23P9jUrRKqpHFQxbSitAJCWfk5WrXjMhGEfNqbvw0aiDc+qqy1JJ/mGwn5s439FDrHgoILG1ekMSHCFdBDWdDRmu5Xp8lOf9bpkD3cVBl5+QDQCdusHbqRQqo1p9yGoF0HjiDbw8Pkgb1DSXGECOBPZLav+EHooYHkfAQ08CQHqvgas5r7N66Ql/u6YaOAnO4urB69ijb7AoVKVhNZ0/fNbgbyqCmpZT3VjMmu+Dh0+3hsYE1DbFKfTVo7+9yyihlgoUQ5Iiw+j8ctC2SPlDWPCH/XVayFQ47qh/+YbVj95pFiB9Yeg=='),
(1451, 7, 1, 108, '', '2013-03-19 10:40:55', 'bf576ad58039b473c5c7d638910f5071a93f0a922db60eb041315440367ec7e4', 'gXxtBw41W06wgZvQkQ8aT2Yvyt5NnAGRiQzPj/C+j2vA9VIAkZndv3VQzy2WYG8IogoKvLB/RpqfnazIQl6dajPfZCUnZ02wHnFqgpTiT+d/OiNR5j9KOVl5EbFO1VnXOTm4TMRtZe2fyCV4Qs/hFWggd6zVM6IRaUOojfdVHTtFFilIF+cKyrzZ2PPS2AHdyGOANqSViTy9DOmdfL/siM7mz0x6OVjz3RhMZ9Hf9i5X1oGl1FQa0exYZm50gYY+00uKmO/7RU6JY6hEiFYG3E0VBKtYZ1GQRYGwsrCs6X0vv26WjRFBikC7hL5raq8l208aemcfZPsqzktWjYex1Q=='),
(1452, 7, 1, 93, '', '2013-03-19 10:41:33', '88fdf6a15d6c2e92ac6df1ad175cde376576d888d834aa613428f3933e32a4f4', 'axOCEovkOkQpgxFITQ1pyGKjdun9USI1G0odJHfaesVYusJnOFqcj4eFCbGFvU9CljiBXFWwQvfTOOzFkk+LviQzfQZ+NMOZtqCkcd3da8MNPJtfbSmS+W2O/NRI8nW4Vp0QU50b3zyRpsrd6/YM4m9TkEPkfzgKL2Uw6JUdrKVDdMoovK3U2jpo5g5GaU0fwoE7/aLFxfCTga9kKxKekaP/fjziBOnx2oDo/ryOMnlAjPMsbcgC7qWw0NThLGZQDdNvDcUap36djKN7d8hnWe1wKUMwC/ZGu8uBOQktEc5AKgTV0aTPtmnaolbfdb0pQ6VYXhgHJ1Lc0vnaiu1Jog=='),
(1453, 7, 1, 93, '', '2013-03-19 10:42:13', 'a6601c74d1346c77948f6275cbf0c34f1c2af27dd193eb835a90d9da9295a60c', 'BQMtEYbKH9QJ/pDFX1a8jsUuXM5nNuBzk/fNkH+RvpRKUPZIMzKeKiUpfVI5NA36E6v/WJ3yC+yp88hvCqOz3S/5S5wS4zjuSNcXWgIpkOkPrJ2Oz0SA8J3wbjKJXG2fDT5+cPSV046MAmwP817du2UvRO5XPzNbBJL2dPrwuGHLs9lPFRj6tHdWBuNGYqS24LpJEAKFSWMs0zpw1nkVTeDmNb3pWw+A9z2YhgjTLnXO+BT+hFZ+W+P73dZHaB+ygi7N4TJXags6k9Kq+nppK60stC5XEMvT+AdGMlE6YTqamAiaAtXP0ngkifQbzBKN2+LqlTPU/KX1iFrCELeXnQ=='),
(1454, 7, 1, 93, '', '2013-03-19 10:44:36', 'ac3ea0ab6966b0b1b3c452ea00c13c68ba3f778e19e8fe3aa65633c529e31013', 'RkXZuk9F7KCpx5zTTyIfDdKaW+gP49A75In4S8Lsxo7pvGJYYr2Sww0eLDf+MniB2gnhmcmqhcTZcSUNqm8XMNiedHzh1nbRL0WEf4Bt2mFQTBDLRTTUZOlk5mjkadzR32Uz4RnNd6VF7Logdc7tpvl4RcB3RVFwcgmmwivYi+tLaqPAnvtnlaysSihtv868VRi5K3uIEZ/xCeK01wiUrqwMWAqIGseNWDV1KVMblsO4mfVXBpIKOhf2fqoZ4xTfWakHT0Ai7Yxjpg7E9hT1HbDn+NpNAdrV6YQE2Flgd/CDNCN9SgAiT/F/OiJAFHcmpWktyC6A/J6+B2yjNmpURA=='),
(1455, 7, 1, 111, '', '2013-03-19 10:55:35', 'c5286fe1cf3fd1732c665e04fa8eecb946f69165175825c7fa0b13f18e0063d1', 'H+7hwAndbbCGQdO0O2e0ig0r4L+riHGq/5uKAonZqSd4af6Nh7nb+KvlmCef+EL+2/M8HjY/oulkiVS7SSy9NIfvJ2kEO7zTD/qQGGJi4Q8p/syM52ACIOwFK95Aei6X0O9kkZSsFuO2Ky/hKo0qYTdznOwMZ5aC/zfEQDWxUgGribw+O6enW8QdjdHB67zmrexUDzosJPanbXKTvHqq2vnpSlShhU8GLWS+e5K2p80beWurInrc6vU/nBvR9b54e+YNUJyhHOlMMBasV7QepO1+nOvho6V683JikgopdurUgDKW0KH8yKjAoaX0E0ThcKYsRgWk6NF8CqSLmafucA=='),
(1456, 7, 1, 110, '', '2013-03-19 10:56:28', '737d16881d2c18e2a2dfa6e8149d67dba769099fd9c0bd1849b582abe8d2c3f8', 'qsCg4/4/Seo58cOrBx8dhlYTMBd8QHnPvLe0vw+YvZ/+iexbsqvEYhVS8Bj/faaaMxSPHTRbVYqUJmQAjsK1rMfQK3FSVFC4eNMKxCr4GhOAe4hQ/G0AilIyskWRZSAMErNSlCFXmywG2ROjs5nzpu6koX3oisbIpS6oEQeRdACHn7UAcOgW5EGp/kk8i0roOv6tbanXK2hz4MI24FIDwP5j0gKqCjgSHyVCPTBVU+tDj7p0CBSaV9GXpgqVwUi5nVjQAWsDLo0/GTMFFEQcDiSIW6XnAUCwEIFzn2dmjIR52i7pRFdxquJsF3P4izunz5VviZiKiD1PQ74I34KqHA=='),
(1457, 7, 1, 110, '', '2013-03-19 10:57:54', '8c592cc13ee53d364f0a77544d3bce7bb0635c562a000e7a3aca4f5612ac1878', 'MHuKtOdjPp3Sel8V6ajGCk367CQNAqHR5qi0L3Uilo1IU9CyKsQ358RGSkB1sR2Aal1Kaug5/OcGjIjOfyzMv2q6ch2xrVrm3uCuz6a7yqvbVDoVkwCjF9pDQ4GvqncwQ5tZvibE4lRjYfhKFtuL7ymsamYcah42ui89FPFbAUzuDQgOsR5skqpolN6X4QKKbW8aCEHrpwhpDvJpTBtzJrIhhFGBYkUa2NUrIDN8KlD6z0W5yRaXzmDtKPWb26NtW6+XN4QjvK+Ewapd6CkDGlNWITRcwhjdyIStcrta57KSp3sn9buP4Mq3K+Cr6KIpWbuUQYCL8baSL4t3+ytq7w=='),
(1458, 7, 1, 78, '', '2013-03-19 10:59:31', 'f3fb4409b9613c2175d31d36c6d90d62f25ec147b99890c15d74dc45b8e8f9b9', 'PdHoGgPyyV2G3AKzLAqi4Pz3cuxACX3FNYq5X99kH+fwrKnkKqf3zNEcxhf6T/3w7N4jszvWMdJen9hO3Pue1CfLNDh+uoOhrJ3r1pEJjUE0Xk+Xg3pOqm39WgR189GMk0EO4mc6yEeIKYD+Lux07diyYpzXYcnr+t5PWlVatFlER5vk6emtW98Z+O9NumRH6Uux7rC8A5Q+g4C3jzpu+Auxs5/fuoHsWWIp7qZo4cHick2G8/0Jld0/YkBZ4NYmwSsHztOXfM8HB+JNaHM94u9ahHDduYhCRsRXqmLcv1Wjx4QpFpPOoMtSrz5/dDnWKGK6OlyLUdN6a+mfygq95g=='),
(1459, 2, 1, 37, '', '2013-03-19 11:01:37', '89bf61d5338f46f0bcb1f8304bd592c71912da07cf977846dca41d1dc877b02a', 'l8ORrGFiILTT4cdLXXgRosnxjyPx8gxioJj74WJPJhtr3zdzfbMNEtyA/5rpMi7unFNRg5604KekrvY8Ruf3gGpcoomVR1dvc5Dopc407j+S7z84LLEyMH4h+gqtQATmkV4vWVVtXtIOTNoEuqUTkAfcnE0akSpj8si51h5gPuY06HHhQPeLtqW+JibAbHH62prTUWpnCNfcS7ARmzoViRfypmk5wgd1CQk0zU5llwyF5jdniPnp+X7ulFJnQ9SgOK540E/ZWPK8HF6vvM924cIv00OD+mNNRWfx9AkbhOFCHRYCFTbLMnWAGZXJg0NBr8Z1NwV5ztlbVp8pdlVf8A=='),
(1460, 1, 1, 86, '', '2013-03-19 11:07:01', 'f8c327ab5beace419ec7d8f03d059ba0a3a3d099e338e01c2c68e56df72e1363', 'D9sVAW0KnaFqR3COGIf+s/2WYeKlKNxI6ZAyZZDCYJvWlmWhp/0frqxG173hYCbFHAmvRM8XUgMGOhKRshb4mwmRYf5nZMocCO7q4fQb91OhsImGaPxLF3qDRPgYaPkduiIS30TskwKlxGKltv6uRSH/Kx4/vUMMQxhUu2rTtQ+5HDtzeLT4iEe+WPgT+sVvW25vJUuBYk+xYTrbNOWhc6aSN7VhukigkO8uQnL+Tb0VpNnW1v/k3bCZy/tP+MXgR8HBtOkwEWKq4yjlHn/bzsr7fR2WfnIe/ZTB23aRkVvqkd4+dlPg/kZlBhRsMyA8w3cgrV/PW7gInxoB069CiA=='),
(1461, 1, 1, 86, '', '2013-03-19 11:07:29', 'b077303e26d86030f095c5343671d1444ac805f6333d08d136539823862404b6', 'mhfTrWdB5RoYaLaSa0TkNmIgilqzo+CZdXlGHLB4XYJ3hbLgtkvnT1k8ubkWny+AkIl9s390GnSNsJOz/Z7+3J7ZdkK9qGXD3DkXLgHlx6xBBsUKI8kZSqJL+H5HT18VqGjSHrmNXTgqTvhMNl87YNsdcQICgmxI/NxO6i8DVkGcmfiQWWfzBEfcsVzKtkcC11ws5cVNIyg3gabbmdm04NXuq+ARavYCixsKkpgFh8hi7Gc7cXu73ZwXP7ZP1wFCJem6l7DOdiUBCxzkzwBQZPWpj75MYdWc/AsjQV8aYUM/CjyvUb3lh3UHB1giaa6CJPqET1Zw4j2Eyhi4bj12uw=='),
(1462, 1, 1, 86, '', '2013-03-19 11:07:35', '94dfdf24d40e0884fb498942aafad3d87549cb831fe57bfa7778e066da74d046', 'ifBTYbFnp6Y2ED3M+peV1+Z5hvTDXTNuy7nWfzP62frDwqGg/9pu2kXVFk3Pvk8taOb5iw1i4A00wNwsq8vTyzkuZf1H6A4UdLniuQdmz/pxEq+MHHTXr/1pmCxDdRLkqQhAtOM+QGS+Jc2UJ3sJ0ZQuxEmFbSnn47E3ahG3A24HfOqMgFJSxL+y1hWzji31fE+/JA40t1otSD3MaFfbDG3dldXKa0u03El17wJMkaoTxdDkeoofuQ7bRbtN4XclQLwnOnwuNHaNAnfk7lqdXn1kmYfqbmrnl1MeR7oX/275lZZEG2rPqlIvk4CA59RXyQlVcxK3ORbKvg4ufNPNNA=='),
(1463, 1, 1, 95, '', '2013-03-19 11:10:40', 'dbef016b9a632bef81a96d80df1f1bdb14e21824b41e9c4d47a0a1257e467b93', 'QS9OkbxeWFk0uGBxM41cko96gt8He07WQiNJQtOAWjes+gHYr6eq2GAgoMxm5UygYVC54QeyIrL3X5lI6oAwLLnZFi2mY4SHr0EBQ54UyWwkPdLasqOJbF1gqM/PFSoljs0sQx4icU2s8CIvqInqIs7vg9yV7mu/JZiEDcuYu46OCDFblWWv3uMVWrPQoMZNBThPnr8uXg1oLEPSkkz0muFtRrk8e794vn+YPv1050bAF16Q3niwIbTeEbRekgLAa1ri0WbEPQaAGsSndCwuYweZp0nGx7JvD7BKLBjhQUzNpJZeudT1Y3dOsyAsV/+nMeS8DJmyowLdpA4+qzqdyQ=='),
(1464, 1, 1, 98, '', '2013-03-19 11:14:32', 'd5c16a680192e89dbe62690e99ec5fa9cc86dfc3cb770be8d96ab2123dee6d0e', 'GStuG58QndwUtRKACDm1ND+fjZQbLOX9DCQoYaJHuqiSnxVEIV8cjtHbIAznkVwhYJ837zYGqj8JhCDQXZ17mVf3WSDfwPaOCtY31xByKj0EbL7J1FNN94jXL8pOF/u3W4BzEj3tdx0hTuAjcSe4hhia9jMc+syz7ooHIEFHI5jBtyPDUkyu1Hiy+ZWAhRfwf3ayb3K5tTCXSks0aMkfWpjJ5CK3m2mBtLpIK5N56IdR5NuDFADyU4E76xIcrkZllu+6J15PO6Oi34pjuUHL0syfoA5tjodMfbAxF8Pp4bSdopkmmg8hdqSslZirLbh0colkK2JoKX54L4TL4fRM2w=='),
(1465, 2, 1, 98, '', '2013-03-19 11:14:33', 'cf59219a09f0bf42f28fcdc9e79a4571f3e1edc25af0c5b3d13dda40c1a1804e', 'ZoJgA+2dpulasWNv9f+vup5F2eS204MwpCDlXYeCXildmOY5D0s7XFhRHsDJADA2sck2gEpA+pXmAUiqGmxifsRNYt1ilPL1p/LVAWUT6Ya7wbfyt8peFo2YTJ5a9no72dw7ZcUavtHjwV/cpnIq0BZRqjM+dS3bi/louM6vSla6SMviGaTaN6seI22Or8B7XpbIz6nCm5YOu1tV3qsF6dUrLo+MXcRTzgivS1IeomvVhjxsMGp8KJW6VP8ZU4Cz0UOPuL9FtwezLUik+XygWD69YkRJ4SGl8kvv99NjII9lq2zE59xRtCPe3GYuABRxRlUnsJ5EdwUBR6OawEC3Aw=='),
(1466, 5, 1, 12, '', '2013-03-19 12:57:18', '0aca36fe662e035cb3be6f6138df2a4f8077129f4a389f44301559bb5e07cb89', 'qkemvnVEwnKUQZ03PYerISE6Ui6RFluAORsCZwIE8O1bswoRnjc5dQTPNJjoPAAN3uVe6bCXWocx6Tp/OfNm/4um3i8xKCzQhKkqoaz8QCOCc9iwNBa2AtFnj9gbR0tIlEByc2oGpP4Owezwpwcmf4iaLdrsOrzlL/hY0jKt4Jm9HYm+bDtFGh8tWP9MzwpZ1S2PgR0KDUt0Hi/A/MPYk1lH2gllcJNEDdOExFlQm0HPtaG/Ccgva+JVVp1gUsCsWyo6aaHyDyrtVAMrYd7CDVm6ogYuqmLr8yUrBxRI1Mr+F2X/twjGIl4j2IVNsV6Ijqj32XaEobuC6CVAUWrZmw=='),
(1467, 7, 1, 93, '', '2013-03-19 12:57:41', '163384e6a79bd2b031780b91de14a9051adfa360a41f351dda0b6240df36b493', 'vGGjKX9OcE3co9I5lbFpAHc9lfqrQO88tM1o/9Vgr9blQfcCUJefcSL6o1CzYu0c4JFojvOA3XUWj0JefaL2GJEowgyJQ1Fh1IU+maBA9XwWJQLszq1PRJqJijUdWCtPvJZWIhDQLsSPjLQn1FcmOlzd9AKiDVMDhw5nk9jhiee++LxRY+N67biDJjnn5JZR2r5DghmM/3kl4/WBd9b0hQeFXxW0Bs9tTuxgOtmpQQ+z7tayGRfZ/OZrNOyOQbF8Hi8BM44ubxktHHTjCo7DAHD5dcTmzqzmSIzb8NUCo5KqKFfcLT7xDZhFptUQ+4yXawdKE8ZcIWGIL6Ko6a5isQ=='),
(1468, 6, 1, 7, '', '2013-03-19 01:23:58', 'b1bead4cd429e3243250cd2ac687274c047e436ac518820541c851835f1091f9', 'NAFuBQd3e9DYzjhiwv/j9UajYTG3o67Olg5UggFqR5vwdxP/nXISy1i8IslE3AFsbzJi6HUBR/xWSgYDyDmNLjOGyQuPlfE95jjmcnahnPVONVciYtBl0HdH3z+pc78meAHGsaDLNqaRpBhuVH37GU0XyIBmStJAkHzJ/Lspj1HoN648h6TO0dOuEJXpEjwRBkzPhN7rRSakRWUCMCkirA5gY5DeYeWmr6eZh8ScLjFRq1OJk72oHkYbBdg1aPEL+wEk4oEkVBwOHvQmFfHtOZMrFc/1/rzfWTMvCiOU+UTj2r0W9r8klGImP6D/9tL/FfSViJDlwDQDaM767w0kBg=='),
(1469, 6, 1, 7, 'Forzada', '2013-03-19 03:08:29', '82ae73b4b8e71a618e1205a6780ae3d5b036f6ee45082b10c141844195ddcf5e', 'nx35YP+jX3yxLT03gtfQi2tRpeGSJl+7cllP6yMWdEp6Xw851C6ghcCOPILzpvAOU1ttP5isuqB1eQUWfS6TOQApyPvwZpfz/3Pi1HSahF3Tifcjnt5bHRN+iFpVgH/EEt20R+itp9CC28wFnxTKBLtVIJUmb9bT4wKXBElx5KuC9LPUKZo7smLZRBKw/MRdv+En80UKAf/q8hG/2jkljGyKtowp5iO0I6oN4AERn+hvWsHi2u7mm7SZaFgB0z/EY8ylIXTcoRsvI0vpFFeuxtoU6H7KuZ8iELOOydEGuoWj6XstN3464w05bhoLpZVNN2BjW0/RJvbRnzYeL+j3DQ=='),
(1470, 5, 1, 12, '', '2013-03-19 03:08:30', '147431b5e3462ed971e5001e00b6157decdb50479b922006db2cd1e142d7d84d', 'G+bwuYcaFzUGsKzQUM1lczgmvLwro/S1wOoLEbe87b9/T3xs4UdfiNJ912L4WTBQVoMzqyD8psOULKUHf7Pkd1xM1ztdj+IAQWtOoDbqmVKa8qrwzYFngc4bCmLIri4EmyyWBOQ0r22OR0mV18h9ePCMxK0vavGOIc3V1gDriUM2cBzEV3PSwa1YIbZ1qM4l9IEJhqPRvBhHywBL40xz/7Qt6A1e9jbaKqbfDBbAfPA7GxzQ1Ln+Pb0uVF+T6IwT/lL2buKh04uAPFRAt6cV7JSBOVBU3dfbVsQLJI9Md/u8+cLlI+MP//AIM2gHVOWYZyLlfDnJBxNpOzYT2olhIA=='),
(1471, 5, 1, 12, '', '2013-03-19 06:44:05', '5d3fabd3740e867046c226822ac4a905a4ba0d7205dd65b71173a6641a98f194', 'OUEfrc5HoWy6hf+dYj3hyIIoy0MBjWy2iSc8hUXuZy78TIXTOuO1ye9jREIKmlfbJ0ZAV99V2Sa4ehGUybueFbGv2mkVoffgXNB9ceqfOlWLRzPaWx8LI6h8SshnGkzCBXtLO6r87EwBrUBHEMSr9DADnd7c2ZY9pxLMOstokFJKnI8lqvDIn3+NzoifKyhC5SycFIdswj9hKbFUlY9R5zH6A9vsjNM6dv02qE6FpN15sxbJsgdashxoZzzGzpvFgDklrL6BM6Yu4LRGuur6xq7TgUKtDEHOnO57y8GjD4myB/Ykw0e0Mkig47uuSeTx6n+C5yijU3sHn0MVfTdf/Q=='),
(1472, 5, 1, 12, '', '2013-03-19 07:05:32', '1fcbd2898ec25f3363cc5eac4b25d3f5386bb97ebb8051f2c144f92e1234324e', 'BLDqtSuUNQRZRylTmsteeUfeOaStYH2wdbYigy5p9WPDn7pCcKKabvzF4PRJbikVhBIQFcUlggOI4Lg1SnU6GNbUVnn0P5jslxbPWbZbb/xOWSsYloEpRv1UoTCNu3LNWAV4X2JL50/OS5MJhUdtVIRv7HWiBntMTJowsX/9NIcFTQOX4im+JtwvDVJRaomqn++GTmXdcc7t35QeHcs1VgB4rjRrAGFe86QjQ4KZ+zALnc5ygv35qs1eCZc7T1u0WRRK1ETYeUJ1xjfNhSJOnlzqYUhiViJ9mAHckkcjy87qY5Y1e4uBRxQBH7yJVkT8oNNzBKxHMpTsXGw7Btvuxg=='),
(1474, 1, 1, 89, '', '2013-03-19 07:10:01', '939b428810bb4d70c54909aae443de5736ea9bd2da7b374fa06d1a97ecacd656', 'O8eSwbNZpNVpgjhhEkK5ThybtfXNWTZI+Qkoi+orxW95iXEx7w1AwIFc2ztddIjrFm1cbIGyQ5e+So2C6fy9Vave250AmtqUjQPi66UirEvtb9JyApdIDs8Y2wrp8ClOZb7yl+cEpHqO8qM4TVoAIt2edtkyXT1Tik462UyyhZc5fZLw2n3l42uoXnNae5zTXSiV1MzTs5viuGTMVhvNyPnnwoJ2u48UqoOKT5jFpUAw/7fLRCbKs5S1b9m7nfym3Z89WINZUfBRcA57eHoQTYOkQslPKEh3D9J7YpUJa2U7feO4hMakWFqJ6K3EvpskRITuyX7u4mBQEcUd3Tj5FQ=='),
(1475, 3, 1, 89, '', '2013-03-19 07:10:23', '13d062aef554ee47fbffc892b87a9414c9165bcfa0c093326f90bada93494f7c', 'e2/GuCLomnaGHMquM72Dk7KlBABvi/8ZKwVb8aCXW3tXN9XYC5e95/sI+PXsyBIw8A9UbS8gt6A2YoGaDM8gdlioW0du1WCypc32WDkNkSlai7vfzDOtR1mg+SsZr3GGT5K2+rH+sNJ7Ifw/imJy+i4DbFGR7Up5y9doawtUccxBuFGjfgKGjAv9EptJtNVwUT++8PRVqvwsOZgIgB4+aIsSKrSMTWJbqsfELMpBIyKnB0npqLPuqShaFhzxRE+t0kCLJbZsEorMNbqleIToFg2cf+7hmsYCCem6jgrZelgWqIE50JrDBc6wAjm/5qFnkKlIyaK2ObHU84CsTweVtQ=='),
(1477, 5, 1, 12, '', '2013-03-19 07:21:44', 'bd4a5447203000c9f1bdc763c8e5defad294453a55771918d2044d990a3b87b4', 'ghotu+TRv/zwSAoNZxmnYyRum9KqrNDIuENtGlZgJfMmX0FGDZUIJGKwTdR5sBr2WcYzoqH+2/+AqrTU5AegY6HjM3/7UzDh54LY2NkCllffxSsXytTiKGbeNISjzIAkwv2HHYuBqbGvtAQva8fVPqblZl2KJWqOkBr8QgQQeRdxUsfA3zoCQis2jQYm0+wfOJxrUeI68DIGxZw6bOkbRTISDOYIrNZwvHl4k5Lud57zdv9NmcJm11sD8190oPhprlvFaDKVW8TexTLlkfxljMWZjb1gSEZcyIvExQo7RjIikAZXW59+Dy7UyIOyKOMDEZ8DITOYvPxSV6p83MV+Dw=='),
(1478, 6, 1, 7, '', '2013-03-19 07:27:17', 'e14a9484f76c796c6ab47fa495fabd2e9b849001b0b83ed842758fbac1707c39', 'q1cfM2nbVOyub9wvhGK3cLAMAgvnWGfpsDfvtVcKOkO+8Vddx39nyRo3Ix9kkxyhWALDxpiychMWaAXS/kdFsZHvOFJDvf2E5vTBIc381q2k7U8zipTeFp1MGBxEyPZ8ISU8lEGZT1mZeIcO4GR+OalrZ9CHSj3akKQfCTUcqf84lWm456/G0h1BmmpEkVVjTtA/WVNrd6yv/FQ9XByj2+1szJWeCO8bevCo3mg7CftvFy87K8b0BfESbHOQD14Z5xJobFFmOmFmR13ib/wh/huR15Yd5f7pgqvbfULPQ991xuPZl68o6JAS90s7sEn387FrI6OxIFJ2rIoRni0pVQ=='),
(1479, 5, 1, 12, '', '2013-03-19 07:36:07', 'fb1cc3c6cf3860a9200b3c7c509233209fa3cb329ed6c71070af2a7c22d947ff', 'MjliZ05wWkiSW3oxXIeE0+zM7H6HdZ9EInuMeihtb+tZ5sC6uhuHPLeID53lMWM+SSaKE2HxVyY6nq/v0MgtEleQXTaJ2smwlN+Lu8IhcuH8htRq8ll4tWeU5hCj674+Ex+6b539ro4h6MQXcD//39GIQzluVI9Nijzf1xrXB86gR89l64E4AG9IDrustvpae+B0pvlZ4NzzzUusxikhWSgayROQMwQRVd8uh4ZMtepa4ymNUL2Py0I62yAp+b/jt1dl1d7yb+NnRm99WpzEOWaSoWu7dPUoheaBdEV8O5Y7sk6xj1/mJ/4CgN57k8Y3iMLfDMal644ua8WJV9T7BQ=='),
(1480, 1, 1, 98, '', '2013-03-19 07:37:01', '702eb964e1bc635eb04d0c54bc8b3ed533070212a0dccd60fd94bc81e6f992f5', 'dFdbHdh025DpAz7BTf8rupQT+kjX9WGBlnVFCaflgyCQXSbys4p5PKwWpgh0DRCfBXKtUZYHldAesdzcWRwqxaqQe9vDGBjeB7yMJL1eaqaO00ut7Grb+wduwkni900EjhidUqdPGXhIXKCCL+u/1mbOqX/lj0XEVbhjX3P4UgzCGa2gZzfKA/UscsibP9Y9dHh5P8x8FIHqWa1rdFmNosHkrK7pFSXTYItvGX9EJbgR3g06hcw9cqDThOmoRrYbmwqkkzdudf194X9ohDCoOBUkpSDTYOBPsUyOVQ/48ApF0pmi0eA6ylt1mS3vW8VAkCCeNdCwaCOWCcM0dNe61A=='),
(1481, 2, 1, 98, '', '2013-03-19 07:37:02', 'ef4d79e245faa44b91e3b805955ce923d7594f94f882cdb956fee8169d7be436', 'Oaplwt1hj7mVlGiEmlUt3+uoBN8Vc9feR5NhGPlc5eJBEPscfacZlm2KFbiUFqIKgLA9ZvkYW+b64VrP7chj8B03eBqAl7VmqJi6NtEcQ3YV/rHKcT9S0Pczz+9Vd6HkX/1NDM8zBz+uUZnhUKPQh7C/Xtm/qbqdQuArDb8jd56rFZzZFmj1B2RgfLQSQk/DckXvTXeXE8n3xGyuGHgCqI7LoaI3XpbVPmguKqbAg7pqIferCT38fQStWpSFVOwt5Ub8c0j4eKvQ81fuJmxVlyt6zUuenk30IhEhurqeDQ/4OU/5b4l8JL7BRb+GMvihRxAhmGUtqZtBuA+IJKc0VQ=='),
(1482, 2, 1, 98, '', '2013-03-19 07:37:03', '2672bd77b953c6686032d0c11047c15de45f4ea94e70dba77f41c8aadfa050d7', 'T9kmmg0Q9p/hEtvDDGENltd+qAb7vv1bpSpvFr1sT2Fgnb7hC8q2hksbVBy2Qvqo77ry+0CfR2TOu6lY+pETUubWCf2k4HE3j8sZnCL7OMJk/fWyswCfz3xSexbzX6x2+K6Eo+p0qC7rJ77hC8cxTCvJlUQGcdxwplsBT+k8cHeF8NtSuU5bT3lbtANVe7etKT7WGz+PamILfedAPaBsupxANg7WZiOabKoI5imPjuvHeQ8vR5G6jE7zU9Ska3i7pJR5Y2ccvEPdF5wfiGcv3mAzyI3pZ+yW64/hqcDwhgjpf4tNtXtOkQ2EabjzbF1h1KIkAH+3wd34/+27C4wCoQ=='),
(1484, 2, 1, 98, '', '2013-03-19 07:38:15', 'ca64eb5bb3001f4c475a4ff3ac25284631fe01e80a89428720ec4efeae9c2719', 'Cy1kXa66vW4l1pFeQeqFU/zCb5OERRufAWuWVEJgO1PdAk6jy7RZufKFvuP/o1HPotXAvnkh7uu4nJt90ZCUn+ay7i9Ekaa1iWGQYYL1OOtPXn+r6Wv5zGluOZKUcQa7kKz2i/y0TSv9C/CGnwCg5FpnUXv8C0JrwCbXGC2CJhgH+Apc/G9s/PkvXXuajmwX/aYXc9IkP4CM7Hpgb3UdN9cvyby4xV1+Vk8ii9pELvUnGaGzcsGAEYXK13HMOUDALJW5k/2dUHu6ZdGhL8yT9YH+cCa5nkYooTpdF9kjeQwKJEsspgd/6qXPzfd8mdicgsmBg8rsFZ6MPvJtknaQaw=='),
(1485, 2, 1, 98, '', '2013-03-19 07:38:27', '0a0d6c9016e258cee3a88b02e5d03588ca30fc1c50214477cce322959fc1c0c3', 'WkACP2BU8EwYfBp/0k2Y//P3hc5wDIGQxLDcnQrOVevVkYsE7ndKr2B7FikyxI2vQSCe0hcZMwShr3m2ImqEPzM1CfXBy8N3Y28+eaCnUQNA2xPyW6slW4QHVDn+PeRt+WB7tVxF4FrDs1c8nZrvev612kRtsubajekiv2EbqpA6FWk0dX8bRsAV4kTvO023vifBfSDlYtCXGIa1QfXw06VCgaJdmtKF8xsMiA0Qs0GJyuPGlj4bnccCJj6uJTuJIjdCnmiEEuyuYPPAH6VnYixlqAsr/vEX3OPJwcXjc5r1yLFdcZhpf4ZXOrn3p2/aq1O7b0a9JDQIYe7AicieZQ=='),
(1486, 6, 1, 7, '', '2013-03-19 07:39:25', '435bb307101999f39a5e560fd03f173309759c50a6c76c5056d396fe091e7706', 'sPHINuwA89Eh0uOh6nsmwdKJ+wi9GBqyIPnAehXbJ4K/QdofGgVYi5Uy8ogqapreSjwV5e9PmcFTLlN1FLa9InH7/SE+PlVZHccOCl/YulrXW34nMg0x3fVro8m6DqH/7Jnue5p3av+2hgtIVWtf94BXRA/FDnl0dWO4ZFlcG7c7fTqRg76lt6cxTR/qzBuA+jF9ocvzRB2wlbokTjEE8yUNcLybCotoMofb8fXZEE7AK5jJrwrnjc+5/nE5PCwSuZSUVhnZ9aYsLDJE/3Rt2go9Bs7DjZpliCbiGX399uuYxj7/JpOLIXgVLyXmdamEOSkZQ/XnPnJ/OdRZNNIz8w=='),
(1487, 5, 1, 12, '', '2013-03-19 09:08:57', 'd0f4bd442a4395e74fe4c3997d42c7f6574f7ccb7a31a2fef9dd41b3fa26937f', 'dDdPbZ2TulUznTAn85nWKBYKffDkhUyIXEZXK5c6LlIlg5l128+w+rt7HnCLcw8FKvq1bVENr5hcLo0/MaNnnOTBlQztR8xIlXcqa6zzxWJ4r92Xx0h7g5NtiMUF0avaz+0HFQdAChLk9zh2p47+khO/CrSp53/zxbrg1sotSL2PzLbLQ5y2PpNLuPkG4YXqdC9bFX6FX6Q9r4aGrZWG3wNRIOZ9uz0L6wCIDdJhvyAZYDvg+26U0IrQ+KWpM6beKBE68C47YgJZAowbPFNWQsMUrfjYTcw75Y2t1USwJsIZJdXVyoJVMS5L0qIfFB8hDVd6JqTnKK0pmIzu40V6DQ=='),
(1488, 5, 1, 12, '', '2013-03-19 09:09:34', '0c5411d0a03ff9fb6d667e1e88b5f8441e0bdaf18d331f0023645af8f78098fe', 'BXZ0+t5nPeA20Heu/UW5wyYWWQLMzZVtmjdIIGl52SHTgRoh61b7WC0eAFgP2S6NR4P7q8jv2WHL/XaTTGEZJ0DhEZtbf/0ijGJ6vKJ51+cxH9pVV/Jc2xB0K3XuksKXH9tce6hVbu4JYkJD6XzI+KKY1XZyBAWt1gXksrt0JRbVhMUH0tVzlV0qMCHtmvQ5jKwIrMEDkY7WsdBrT3CKp5hVXNA2xhn28qjdPait2pXlmiRJKExdzmCnSeSzD9WzcucqvfP+cvocxE4gj0ntx1oQbwZQHhk0Yob3uztwPhiQoz0Mtg7d5KJFodxPRFlFNrPB4STSOZXZaefe18mUKw=='),
(1489, 3, 1, 8, '', '2013-03-19 09:13:25', '943a7ca15e4798a6171c148292478901b0ca7b2f998e9ccf8f1cd1feb18e993b', 'ibqLHvE2ycXPvQjnR9dUzRMDjoqzUY03O9DsJw5z8UpiipxVjSlA2bkXLkRVj/QJmoEnqgwYWHpUOTRSXWPThOgWMAYfxAVFBW5FaKsTePkHSP5CEsffkleTBI+JJGzNBOrLekCbD/JSPvKFWY1nyFwbsJ1YOxBXxfsjnEU+wWDod2KhBc4ErvcJlHV7VMv8CtRnOiknCPYabpW2VvZxcDfvfB75fGSxeZzK45QvtaC+cHbOAjZK5tfbVhdRNbS0P+D3Qc9Fqd17UCOdRaBwai8fTVdl21dLXPMXB2chw+4zmteW0kE++XlQ6Q054cSvKZ33Er+QE/mjFbP0mK/s6A=='),
(1490, 3, 1, 8, '', '2013-03-19 09:13:30', 'fa8be14c24c6d68107ad9c472df9ed714fc7d332a186bc93600b621d7dbe4f0f', 'TadfH1u6vmoGzFPiWLh+SK4Yr4qjE3vOlsX7+KX3MEWZ0fQ0z1oUrzYUeiyqor0jbSpMEB/1+fCfO3tkGP2wu3ha6HaX6EZKdG9D6V9pNxstUfpKm2pA7kUTVpRd8PlZsJl30FkODXXYKnn4Xrs34eS3g3DlHDYwN7VAxa8qo+c5BiH7u8c201Gbo49Y5SiRjVDOY4JX2SLx7Sq33YvHSLKaThas3uaioWj9oW2Lr5xtdIjGjuLf+PixltlyV1LV3QL4cb8S5o2DOFhIkrYDt35GZLjcOUbwZzvkQnYJlZCtkGJ1sQx/xOp0EzJtIa4+lC3mvUHLc8kbI13Sq2vUmw=='),
(1491, 1, 1, 8, '', '2013-03-19 09:13:50', 'a91de63fea359a3c2748fbe7b48bcc0f42efa121c9c4f26c930bf5e723f75130', 'a1iCLiJ0xXqF8RmfEuWuLRw70/wbTcaBH6AxKSySe+EDO8hsjbfvmbCJjks7bQbmClSqImeTIyxiyNvZvBXPmzdVJIiKqt6gBoIgsulAr8KYXDusksQsQHS/6DU0kgZPpTwzhycddbQpHwP9aZOLsMZrJT9rgjGGtIFFyC8fLa0FkGQyiy93jkQMps72OPUP4C4y154gB699iqo88KNIO72Saz2fjxfc4/9XpeCJtkt93dADO+ZpUUqAL3+/zuQJCDVAsvsOG6krHVizSawtqAAQxj/qSItr3HTsfyUdqnhYvNDvRRlAByIdd2F7E8TIfzxyq9uzlHi2/A1GTkrO8g=='),
(1492, 2, 1, 8, '', '2013-03-19 09:14:24', '56ff156f9c99de0b2b1fab2b503a242808fb9a49c1aa4b215f54b6bf8f4cd0dd', 'QoZgi/0nIya8Q9Z4/lGtc88c5Casi5eNkr+c8ypOAHuRxfncs4FGkc2DaXfBPEqu78cnmXka77IzOvELy2WXDwW/OuJoTfTRsaWWOQwhfOHaiKOZPo6eXCyFkY340kjKVZ5Jx8n+IR48lOyzKuY9E/0k1pzjtwajrwfSs11GNpP51zSR8+bzOiOJYi1xVbnZqEZAI171St/G+1GEjRgD3afzpmegAJw7xoTYA69M08cvI7Yx0gWYYCaz4pht8qkRlDOef+N027g+ghlfSKKZCxDuL5ZppK82V3dQFsXjp+Ccx2SEJWcG7yco1EssVDIb8WnJ5AsiHg5i33s2hgH+3A=='),
(1493, 1, 1, 8, '', '2013-03-19 09:14:46', '75d4819eb474e949dbda4ac8d22b1d50b24dca935b9e655eb1f9c60ca0e41a93', 'YtyJWPxv/LVoKddE4SP5WOa7agZCy7riYjxgTCLjbmhqneV382dQpKxsVWmftLFYksJkBRfq0acHgCkLzk9Q5LQLX56ooSclDfFxV32p/4/ujNAekHlA+/Vuf5JP0DsAS5Nc+/LFDhwxqscXIe0lGaB54tqt+xJ2XRl2udgsnqgVNwheQAPHWjQLfI8bbGjfhhUXrqr4IvlECQEB2wUgz3V7RA12Bz2xNgTDDAup8Zhu3Qahu8vKL8RljwtqBLhnTobOONT56tmtts5B2QLXZdVkMA6e3ugXXLwO85ti20eWwM8F7wj+6ACoTJHrzm1zY6dKv2tsoZHuQOtKCzxMkw=='),
(1494, 2, 1, 8, '', '2013-03-19 09:15:00', '334457393da8f096c342abf70e46e32ea80307d51e116afd8297d20d870e4e16', 'Si3yuAwPC3SeVdIYNvCo1NGydtVPxm5jkFY7H/4GS520oLnIl9jBEopdcPiCFh9ak0JFaTgeb/jexNjfuwqcuFoC+LrPTYYGa9IwA4ZHhSdxx0RdLZ6v0qUwewCnmNlxaX2mKwFTLv72SgM6js6KLucG35u30BEZWvm0+UDgCuODKxqOTM0E2LCQIkjhU+MORPBZ/IFylw3EocKgBhRFz03WwXkECQrZj+13STX7Ecmm6O2ms0iRj+fz3QTdyS/LPK1Lz/J7C02QwTuJIRu17mBN58w/TTZrOPM14tjOHbFeqBSd+3kqJXT1PVegAULFLTaTwbR5gmGAn6mWXQFZnQ=='),
(1495, 3, 1, 8, '', '2013-03-19 09:15:15', 'f4e99b096f6bed6cacd63bba1fc117b96f0b2554cbee26b9ca6efd1eeeac7549', 'd4qWVU67ktVWkgr58j5kG+3qq2MK5nEKLdit9zt7pw8izlkDhUgrKDeYn73DmKrNmOvQrF2YFKUSCIuJldH4fifYPaiy1L6sF2NsWTsuX9oZdnWXviwaxLZidPLz6NaeS76WTjD9K7G44E2qh7T1MDzmGtdBjShRq2Vkv03wryw8QK/jLS6lMwQ9gWAYJe1QaLfkE73l+puc1A92p/bSqhoWHv98KAV2kQpjv2JFdw6zpMK9Qd5DCQM3YUw1iUNxWS5uaCLWe7oxf/43O5mV/49T4T1YoYoEPq2wquwefau9ahseKWmHk5aIDACDTmXqsUM+HyJHrEz0ic498em/Hg=='),
(1496, 2, 1, 8, '', '2013-03-19 09:15:19', '3a1cfc84b9caab5a0a79bc470a81729b7082ee1f1ae472cc3e323c78b9897249', 'RxsV07IDETVohjvw7fh74A/mBEjdO7HYNA2Gk8RHjGd3/XTIkv5b+HiaeZwh7IwyHsf8r+n0/0kNRt0+obOuf1V62yRvv1t/U36eE6OJ7zTZxhj1JmpvpRnIFr0XhGGbcJuIS1yxTBmoJK9yA3A05NaV9fjlrEjfEXFrBsXLhZUnqdDFzfpOVTp6iZo5I+ABoITJFjQaf9lm09WpsCQLpo6DR4g9oIa3T0OV05vtHKg33D/rspCRB7c8AbNVV1KWruv9AczBjeYMOO1deqrXZ4C/HpBOH8Ql5if59Zs9JGdVKukZCvHP2bzjhr0yjQ8WD8B/uuRuxFe/5Hja8xM5IQ=='),
(1497, 2, 1, 8, '', '2013-03-19 09:15:25', 'e911a386159ca1127dada61e1bf4a5bf59116ca1b4d8d9dfad91b9649e2f6395', 'nY31wYDH9670ruBtJFA5c5gqo9v/sC08IUN7QMAtYz5pnA9Aep9FQ7iROREEHCE/jGlfiA2BF5IKHMRxPTcwZ3ig4XOc1QxvMBUgrGIWNsAgLAVtwrymSQMOaO4QhoRxU73y2ASHP9xN+Q8dXuiuuP1Rzw9h5KjkXwSS9Xerz9ccAo+j2JUkrzQ/tIy4ROX6SNjIyf+UgUHy3rhSXhUJSSKtn9IMuRzocB1zkioQcATxZ0USYwgNCkJC3WGGO9QpGOA2Vyz7K+/jDq2/cbFytv4HbTnWOo+RMExnc1HpB4NXKE8O53CIIJM8ka4n8syFcYKgZ6md10WFRVf8WJDEnw=='),
(1498, 2, 1, 8, '', '2013-03-19 09:15:32', '9764a234c3ac8b8e4d1403c1a5155956daee82dc812efa0bed76b0dd7daf79aa', 'DVfF2og41j2+I6nZ2hS7OUXBDGXPsrwoQwvYrpuLFDQ87AR6PASIk7pTML8aRyEpMhmcInlY9ry+BbSP2l6xXCWXbjOHTV1X33j9v49N+pg7aXWhfLwPlgX9Ww6v2jaQZntDEG8CZPaUy6PWO1TYr6CjqYb4xKibDoJi7q/evKtiEBM0HFnmhSSJx0uVrI0eGoZa/7HJR6AwBsp12ZR0Ef3LFOs4Kcs7aE/0Kx2RgihDFvVVwV9PNwSRWoZUELBhKbNQnvcp1M/fwpgRy9sgN4VqCvofXay+GXi4v2utGxHWd1/kJTsQ0VVaOgDQlflbPBphvUi9pGZgobR60fDvSQ=='),
(1499, 1, 1, 8, '', '2013-03-19 09:15:38', '745bf5d0a4166d80fa95e114e88ca634f800884776de6c19b1a11119297a37e8', 'GvLxUNtYEMI+DK94sMoIjaCK7lx226TaxLpOlyOQEJe5IRdMA/ffMM82NoKMmm90Np2Zlj1dC5UApKK4W+/X6hozNz1ZcJS99ZAaZFF+G1tATjkBqGkTXQCin8XTejwhX9FxDrQQGK13M0ik2stMzya35zYOgoULAM7WG+oyD0cZwOzkOFsc0ErsOAyMNw5FCibQRBNeiRzcUndDY6CznLvVuJWvBx+eSdPWDR+o92sNMxyGuxscOy0zFRvh7GKg0dS4KW7FiHWBcEJabk8A1c4p/q7Z0mpoTm6XNP3gJOT+ywq62ZzCelXFjV+T6De0oywFNePzEUNDyUP2flxQ8A=='),
(1500, 2, 1, 8, '', '2013-03-19 09:15:47', '7e68558bce129e9825eb0dc7db193d2e9b5a3daacb430ea4555b5e0433e825ab', 'rxjOU6pUSJti2U6D9SYh/FDyeUMr73Hh/b/Gumam84qkmGdQpsZjim3vE8ZJW7ryEa1l02x4cy12JJifA1P5qz263Ztt4tg8YnB+Eu+SJPZE7R/nBlIANC0cIYTXo2Q5UENLVcEoDPxAAGwQ/pgU09wOKkUXtHcGjNEUE9a2paYPrQjQjhB4utmly8TiBalEjZbf6qLNB42v5UNxSkouGHgFh8DBGSFTrDDKP7NrT8SLCc7hDVMWbLg58H+G7Yxl1GJFSrkvYckQNOPRGjeOtQkDOhTR0bvnZQtraPQ7UOPB6sRqXfwxsDoYsOSXCOilOpVrR5/sXYSpjXzqoD4jOw=='),
(1501, 3, 1, 8, '', '2013-03-19 09:15:51', '2518de87038f28dc470ac7eff4111125179ba13b70af6e88c48d2cba908f92f5', 'uomMJ/YAL3LCVEKAkJHJd4EpnGaRPcmYZCYUZ3HCtuLwolmTgxuT4Rub6NL33OkNQOkMkrDQBELE/db4xxJFIth8FO58eqRPy1HxkVhySGy+sWchpCMRIKLGJaFwftyubU4wS3GhfP4ztZAbc6EiMCfAVJpaWMVvyA0bDqCURM9O3DdwGjf7taYuKNw1yCppAUQgIIYtm03htPr67oalKLTW2xeHzEejlTWnX5vrhvF3y8q12gDajwQgO1ZfmTCvA+bMw/eC3tkQEgL7cU8MbccNdj75nwOcBUsil8w5kTu4UDrkRcMQzmMgIt5d+IVUW45IpltzrFPPaUhLtqLYHQ=='),
(1502, 5, 1, 12, '', '2013-03-19 09:17:04', '191cd7774713bc02f1eabb71a4038374ab90fd6c9ffd78417cda9a1df8aa6f5a', 'FUbnTzG4zGvPTAHG9GqFgRzk5G1E7biE85Y0Tahv3W3vTa6n/WXBy+kIK9gxA04nRfozbKtkeD8H4rxKNxr3HJUHg9TUlaXWm3698zWWdDZk11R4QdgCNYsE3IYFM8eZtmznIVTK091c6SBfXWVHZdwdWMAVgYDSnSGvaSoh3z9hzSO7COFVoTpb1Y+8BwDf/3Uhs820yMKKvEq8JcbF2wg5rtLnR21qAEhYZzIaoN8c+RRWtJ+eUAKUR+Sj1PrBmSniDrtgRcRFBxGItaCiN/JuK/CKn0PRt9gY7EI3azVXQptF7USk0m0ANKlWawvBWldPjJxysiviWDhDQM8fMg=='),
(1503, 2, 1, 8, '', '2013-03-19 09:19:51', '96980ed902491dacfd78210d9f2b0d15b18b69f86397108ad74f6771e2ea15f2', 'dM7gyYu8K7Whov/mj5QPNBTfqglh+WxIakFBo66qrrJYl8Zw0sttLp8dt5QXi9CGid5OO+YenL07xtpOUoSEFUeEc5H41dud0Z3qwLVxo5h2Ni+uhA3KcfGsbCgFCmZkmQKLiSpFIB+WYEbCGuOmPKPsYC9c010UqtmSk/VBpAojbbRMMD1gAumIILFF91nAnXd+lOJEDnhzlvuhgiTli6JSFb3i1RgQ7a3TbMxky6mxGk9jrXq/OxM0ZSSyu4GSVpXx97Sky1IoIShZeDqhmf1DCE50xivo3CvCiZGDmkUacMnJyeGshOzACs1Mwpd7FsrrIANbhNtg2C62wXObFw=='),
(1504, 2, 1, 48, '', '2013-03-19 09:20:50', '449d3ac50d1b70ce28b507ed6c75aa6edfcd19d9f8318790afafbacdf0c294d2', 'coM6Itm3TJSZGfmu5XGpFTT0dNgG7sPXOSrxVW6TAEWIQWzwWJaOOSdpotNT6Gj+Jz/a1DyQa6irrt0oXfl6IAtzUozoVIP1KRklt1pOLkgmSpKTyRHU5NhtlzSSrLGifZ58yhXcf01xEA+3i+GZpS6v6IY+9ktJtrVNR6LOaKDrAd1+HCsLm+JCUZc4URwYAQBsxu2RqEnekodqDlUPsxQkHzHQ37t0xJFJADjcVUvG6bAt9Jz2RSlxd+oNPFrBhCpbuYpXASxsNiy7m25L7tyU6TG5EYhcSiqoCUMPdvvf+rEg9XrswU/NW0Ck284dv0S3vI+dGh3pVxIeSIqjQQ=='),
(1506, 1, 1, 48, '', '2013-03-19 09:23:23', 'ff2d4b0c27ecf2b74dd281a17d119c6189be4cf2b647f8e47315d52ff05f8b24', 'PpdqUP1sPpYLdc+lzSLmeYE7FB8I3TZuvbpULeK3QcHmN2gzipWOrjEQjee6jEevOrxwLS+SmvkGOUJogFpzWjwxR+BddqvUKW2Rj/v2LGRu+orBWDEGrQlm86wE7GoYrAO/eIDXtbiVkOeqN2X+flTGD8g5Wr1Dm06xTNzpmIUzZixUXvjF2VwDSjpgFOra9WINjDmM0s7N961eomNy5JxJIB2VnfxbOoQAsYWcb0exxTR0bNXFeN9K8C8QyrxQclOPqKS/fJgWQuaIx11TMkwC8Bx2c7kd4yL6JZ0SgQ9UODsuc1mI4pr+3eBZCWhWpb2KKcC+M2+qPB7FvXzR+Q=='),
(1507, 5, 1, 12, '', '2013-03-19 09:24:32', 'e0844abd0fc878c1254f85f80200d7a3ef13fda03d1df1cbe6d0b70bd58cbcd5', 'd/XEIAefOshqlrCIgeYvUkYOKtMkYY4VO1/hswqzKnUW8Q/22EAkgccbRiqccYraWRGBImDINQD02VwfRJZBFQE3YSzFmcFNCKcyjjg6r5CtiRJs7F68oPG2wUXRNG18+h3s8nEBYpIMIBALK62PufxoelkyV/XUObIR0XAQxS4N+du+9td/eCr5LraeBAIiEgocDoANqYH2xeWDx7oPckp0kp0ArWlOdr8kG2BUQcBFusifAThsMoTBVMdGWmltQCqfh0OxjunBjwOSQ6Tejv+Eou7gt8hMvrgy31XVTLeY3pXnOiYJVg8Vis6GkaTFWKZ5tO4KBMzyoPQ5k3Tj/A=='),
(1509, 1, 1, 95, '', '2013-03-19 09:27:13', '35864027bcc7d8f288c04b4ed83494f1eec92161d14af862afb2b52a2ea7b4cc', 'bxuVM5h6UhqlQRPM4jboE76WmJ8D3hNHd/aZfOlQqa3oQ97SZ8xTwZepnmRNHWx0UTrpmcZWvUxyf2CaxOoqag8aOc1WWIaaBm+38hnRf38DAUjlhpdDqrdoi/QzAJ8zIvP4r4PywAG/weM3nbNkMAk1QPonPUomi7SeGSM4PINCpP+oQZpQ+HSg/td6t244jLxRm1tirW06tvinY9c6+i3aavj0qr02bZ6ybIwhlPnmKf9BeaMXS+CejDNrUoNsZ0Bd3o1GNAF0YwnE2ebHTpDajiMbAAuRPfLIOlt67hrywAZPg/IB7AUCZ+1x30N4UAdfoXnGf1Swx16T1kyF6g=='),
(1510, 3, 1, 95, '', '2013-03-19 09:27:28', '5bf8dfe814aad1f2a385882b44596783b847f9b1476455875dae172b01129a63', 'Hy5LLCZrUcOu1QiPSBl5Igcc6TfNlKGV3vw8K47RZ/UHyJwnTFXah0qf0Emn/99WEfcd3MIPM3HBwCO5Ei6HB6J1K5P/U5TR++RbESX5UjbPIvGRsvIKT3z2iDYaXsaRzIHZ4Ns5zrNVlsui/rzKSB3v1f+bUppSvmXMSdvpptPMwcV722j59TVOGQWXd7YYUtlcYHOEL1BCtega6Xfts9xaa1Fvc7mtNmTwFrrdep/g4R4fbHAMfHTdB08rbapT+RkgaHbd+NU+GG/17e+LzO1mxt4WFRdDWEZ9iCgBfOCirUlrnE6J/mhyaREu9iqmeRfeGHx+GagpTv/BfXiwlA=='),
(1511, 1, 1, 95, '', '2013-03-19 09:28:03', '9858be63152abb7520aa9a43bd28f1b2901fc575cd12f9ec3ca1a5a339cd5615', 'uLY4nvMhIxxSwBd1yvklalhOsjxh5q/Y94SGPJ4PBpfYVTi245N7SlcpSVWwN+u9X6HoahzsaoorOT/D14xKJ3UVmRcHNhxeF0Ubm2Mnau4cidLJbZkAvxU140kSopNNQrO0hnOG4wjdQqvbKn0v3rApd1MNtg4//sW9AJrBYPQrpKV+3tMyxF68UEGkw2itSwmAarLn+z6GzRlipUkhJOfrwZi8heHPMP57SbnDcWsPfaTDFWMAXqzqdRUlPtQVVESKlVjGt0M+3dR0pHouoOp3oiaxACd+kXuYN5y1GuTL2apr6m8e9OrrCGJFSpNsFdu7bfv3Q7UzgxB4t6aR0Q=='),
(1513, 1, 1, 86, '', '2013-03-19 09:34:24', 'abfa62c5de2babcfc7089b648d604f5a4b3b1cdd16a456b636bb1a84c9f0a5c4', 'oTBOAjNzp/S5kHVHclhGvmNHVbvRGCutKrFg3NVsi+SaxdH/ll5dJy3FVRv+IvbY3E9wPiwC5TBGm7QPGzU1dSywsA/k9Llb99es26JWXMC8+Jbe20MgIjQbpRdzPblLK1aqwQ3DDwOcSyBdLL8WedOVyxXG7HiNClfLFuCn8QDCVUfukWw5gHu09qibQqKG40Hfn0ubsuDw2YprHUhxLfvBrgoFs4LzkiscPmHEKP9v+elD2Q9gD7o3P9Ki/vTI98YLjrkWQxBSmXMQd5pzU80Wq+PjO5GuSueOfrwSr9Ix/F5eslizIV2oHX4PcCFkVVAdyGRg73hza+1EqzABPQ=='),
(1514, 6, 1, 7, 'Forzada', '2013-03-19 09:40:04', '4ba1cc15b1efe886728d4a1373952dbd8b540349d36a8e59cc5ad72263643931', 'aKtvGwIEeSzrTvR+0aUXEgc43N0lviIXTXh58VMLYMAvsKM21C8WpY7WKXiPtOSg0pX59dto6sxGVC3gl7BCasFze8AzVhpV4WH+6SHorpUes3DzmqrERLnTvVFxc8GB0bAN5Hzk1+RiqpjIS3ikiAosVYIVrJlyy60o0tcUhjI5mXd5gSHQ0DQ7/I1bzFSyJNTK/WuZDxkfYhs3zpBEFs7E+WZp+aCMZ3WzyUqPdnlAfBz4D5a6HGiX2kJILDkcPUnKpF0uqIE5xtuVkpaVLEn2AoSrARbtTYNeSrhulypO21DUuTxKsBKlNIenuMvqJB1Vxv6uh2tFqw4v248gyw=='),
(1515, 5, 1, 12, '', '2013-03-19 09:40:08', '7496a7f1156790ed423d21b3d11a7e79901aa1d8a84741be7ad303efb3c06034', 'Ey+zprKC4+13cQLxFzZjgo3+wZ8ZBXqxf4P/R50Ad6GyHTUhVU0c+5kxZH25NpB7ltf61Rhs6EXNVRu60aY7S9TIWaSQRhzBbNfAO2x8qVxUSxLDqHLpHFZz2svJ1acOOdmxUMsXSMh2WH7DsVWX3mop/xXa3fVR34xcFm0e1IEiFjf2OMKKr0Pi3T+HXjcDlDtG4mJihKT1He6tVcniGnm1yr5TGEiQZGLBa79/7+MNtFGUDcvyaUjR8ppy7hTn63aztQDM5hgk4onAOHVNOyvtSeo6k70wlAFyU6qq9Ecj1gX+22i4xu47L1tRrMfXviO/DWmqOXSzfxlKp8K4jw=='),
(1516, 1, 1, 86, '', '2013-03-19 09:43:06', '4f163e1df992e51568b5c816358f9da7a882c3c149546abce99da37e5b5645b2', 'srDGPcPWLLw3B89JtlT9JMtxlrfb4MsI5ZDGxO2Hb6adwDwSvLxWtahwTQHjSsJWDiy4CLhJh5kw7bodDzYFJLuSuEqr98cQnhxI8P1goINUVcGW6xbAY731f1c/Bjvcea1UjG7Do4HRXxcIaebHEjsMElEnh0h7xjh48Wfupq+4CY/gS9xk2KZOEs0R1W+PmN9mbfmCWpCIzqXgMHX0C9l9MzQYM9BLX4SFKiPBQqXVmxjCsqbfn8kvFLENlWERO4Qa60I0jFCVhqlohuRnM6YkTx3uJgoqpB8hnYXxKOwlj0S6JzHloTLaoBqfcVOUfxtsOCPJHYHCHJAMi4cAAw=='),
(1517, 1, 1, 86, '', '2013-03-19 09:43:45', '8037fa42998bf90132ef3c0251582a3132aa372f6e97e4b3b30b4485b56327fc', 'OctlYfvjc86xYRihKosZHxeoHtD3uR/+moUmtDDUJKuKsul13qlQ3cxQeQh0xfBY6m6JhUvn29o9cJcNqk0oDQgmzpjncZbARZtINPcuKwOkT/vXBiu+FJ+4W6RokYulUWJP5nNsVhoCm2h2vLDKaO9SSFqemS1uP4EWFdKD5D0fN0JcZFTAo04OM/Eh6sLwQYPEKbSLFb4aECiTVMqXizu+YUb39Ziu+tNpu+5IKS6foHSJpdrXr9ZSxlPKmvV9rDQEjFICvPbTJTs6A9muuMoRNweLE7uMfdmUq33XvQHg8b0mcgo9AUM6dKRdvfJGAv017NZdCIsaQ5gkZdZv7w=='),
(1518, 1, 1, 86, '', '2013-03-19 09:43:53', 'd7d5997b54b5922606ceccdbde4adc619e0c4bec6b8a8bc476665f71112f1a27', 'sFOMfHo5ptEjWmsgF4eYo4MMjy+LPvCmGs31ByCq0noXVYt2opcIUp11APDM5ejbpY+9iEvxcdFQ+43tkl1bGgAAylruzZU+ii0MO9OZvdGN1C38fBvbN+uj/p1e7xfZXzqSZLMif2FA6oCxD4URvkaTCBQJJMOSnlNSQEHtEELRYzkU+ukzdKLKhUQ4513o9a+VbPeoBWQmH2uPc5ljD9wSefvjvG6aBhsCXLbGL6EZB78lyxhxfHxee6EPJIQRT7t9JxXhzisw+dW3+jRUSjbM8m4YBojRNo88zZgUUzTRI74vx0XPJ0NY1qny35G4Q0Ze1BQtc0EI3karFB7BTQ=='),
(1519, 1, 1, 86, '', '2013-03-19 09:44:17', '4838b8b0441e73fa49dd8189dc8ad849f67c4f09f15bcf4522bd894d1b9f8a70', 'b1bDJsEHtBwxIgS5l1PY3iX9N09RxMIDNrIdl08L4HIJu2Ys0kODXhEP8VdYkNbEqqLehWcaivdgXdIpnoZejC9sJzrJMHVWz6vQ3Gv/2YnHr7OwFPuDvVHOGd7bakcmDZOFW+x0pf30xBfwHbE9uos70+Y8wiwekHlFh49qmY3nBS1CWwruiMVoTTebkcjE7Mal9tUElhO6d2TSom/0yL+3xxhzd++VkZA1nhiNisqyaWVjytz9Of+9gq/g33UPPv3zcmUSHxshvyJNvADogTwEx+tt+f+mxbX/MDdWoI02GP0Gj/x3NuMGAON1ZbEkdi4EQCToKwW2AeRIUprfPw=='),
(1520, 1, 1, 86, '', '2013-03-19 09:44:58', 'ec88c200982d202ea896a2c6a0b6e10ab3cd6bd5e4231ff882c4f2d7b91c0ea1', 'OEQqMDzfkSBXsNNIh7LKVqlWziZqjwKKGlrcPXBXz/irxWI13KrRQyNMHtF8WUE77h51x4S3S0nHvNsFj13Jl1PXSiPNwwwcA1pOWlGMNbzQYY9LQQze42I5E1WMJjagyD+e0EyLVWzcBYu5ILrehRra5FQv+993EepCq35tNNvgnL6Lh1SEgQi04E5g+5u2xKnn05PbOzoIRQ0R34q0K5cD9cQ/VD2wj4V3NwOk0ifjAMVv0HZ33vN76wDTe3ggZuszkUtS9C8qDOwogPUmbtXXtJwz4jinOJ4No1zc2X6EGSFtFh+YZciFJaxePWv2omDzkrQgEm5Y7vwnF6QO6Q=='),
(1521, 1, 1, 86, '', '2013-03-19 09:45:15', 'e9cf277bb90a1f5011b06bb245c5525d108c0ee665e15c8889b1ff2c2c26f5f3', 'lxbD/wGwgOPX0wchjc6whf1p0OdERvDoB4s1WaLdJMmFCYt+PMDCpnHoIuJff3JiKsoVeX5LgjwxtkSrSnVCV7L0OJ5T8wXVvuvEDK+KPNPzVKMEnpJ44tlC1K+/vMcVsL55TnTlpumIAjxeVqjKOK6zONNbfAvo8Cm2i1X6MjSnw7eaaIUnFcTuZJJd6R4ZpyELqjvykh0m2HCwko14IVnfBkrg41OxyPDkvTpNlQWWzFvtf02GB9ml4uw3db4+FKTmbpntxc0hIlq4U7yb1Fz3TmksXFDkJLiPgmpXDlhR9Rmp3m2BKXO8qf1YLYg8QpLGbPJVlhzbbklwveRoEg=='),
(1523, 3, 1, 68, '', '2013-03-19 09:46:24', '494b67b39c80e76f4898e2c444d3aa42b8d67930157cc19627382ac82a52614c', 'H/OurtrOPmXixI0Q586AGSBoDjYP13GA3m7oWL4F0mLV/JWCBbmjFOfj+9/AOaHzqsYUllo5aNGwO2twjSZTPryp/BQesVlqZFc3xUOIkd+MgWsBeJpS0dWXb/W4SpxGs+lXDXlaraJDx7YXhV/Zicv8avTnNpSWDCaz8BpREtCO5BxdIe/YcsQfMu4gzrwlTGTg3DFo/5UHoNANTF83DY45FDv76xdARhX7PeOKJpWYSHN6pvMwdi9UCWtfuVAe9YPfFoxMr/10lWlSRh+k0IglwjxqwrbskGPU3J03AbzZV8QzIRHvlOIbYaIWgofpJ8kT+9qOcCTLeMpa1SxqcA=='),
(1526, 3, 1, 68, '', '2013-03-19 09:50:13', '661b5786fd9ac7e1984d08f127732382962fe13e63c221937e0c894d6dd0904d', 'hWoAqM8LZsLLO7czdu3AihzCMnKG+9Yeoxjn4shrhkCnbgD5ieN8f344l3pNSf9v77R5GBxGvbQMTvhnI9iHBzfY6obgc61zcg+ZKa1FIzDwVDGRQCysmggBu/w4djtxKPkgObapP1oiGnPjzUoibefYPiCob/zY/4DBvj6iuOkuG1H/UJSEHZFoQ0yy4ZXyDZiB7OAcrgrO1+QhgE6KkofLpM/CakSwAJ6R7Ue0zISE1Z/S3A5mIRaT7CGqZeqsU15MXwXeoCU/VCLTeUUvNyNcf/zW+f1u8iKl+dF87tUz1Z7s1U4OPxK7vtcj8JrloTAGD3SkzTMU/K2NJPg6HQ=='),
(1527, 3, 1, 8, '', '2013-03-19 09:51:19', '2afb13e0651621156c68e01ff35cbc388ef803d145264d544ef934ab9d3d3441', 'NUVnHgfKOv57zi/3Nvh2eR6HRXoZGWc9ky0Rdqta3uuZITHDHMCLrjldu15rTWHlY7EhEID3tmd59hAdIVaBWoX6cvy/epIVZ7H1+AUNIvYw7wV1h+ntcB03wuJwHZHuMh4e8TmhlVXuJTErCWGBCUcNV+M3X70Nv3trgpqO5ZvBd9uAwUoHphrDVXR4LfxwojjKgLImKPix4SHl7oJ+4ixgPIP2u4ano8ZTyj+u5xN+oQB4T5S1uByL/p4GUMbZHEJHL8CbAoauM0OVukUeJHRjQCZkFUicxV0ctE6xakYXKw4uFRc/+OxA9+kdXyCorR+6gfdd7N2V3LckDP5uCQ=='),
(1528, 3, 1, 8, '', '2013-03-19 09:51:22', '380fb2bb86e057f5f49ac0ae0a5bbac99f6d0a5da847a9a57ec4b13a77621546', 'O5K21M0g8K8yKmlo7L3Ai3oj0H+JNvOuuAQRXjh0pORr6MHKNo9YKTuc0i1UlXIn8T/3Pva2QRd2D5zN48YnP+LfnuaCYwQTnMyvb/2ai0L5r/32NrYad5JcTj4xJXD3KZoYgYsIxQcbmPKC2KA8GqSGxwR82GZpJIvqlTZ3gRXtgUVHuwHaf3Sa8Xf26O31T6b8T2ARF132qePpfOvB2rkZaS5CJhupRzqR4CJjeiVgUGysY6Ql2ZGubJhWdQiGT7OwDq0XJhbwIWZPbNj5awJb/w0pSkidtP9uCY4Ks8usM/MkVfus2scNAP2xUqdqeMzRMSopBtDVIgfLdbaEjQ=='),
(1529, 3, 1, 8, '', '2013-03-19 09:51:26', 'ecdd391480d110bc33c0e4e97a651963c81bda0db49533326eef8033b1147c60', 'POeK3J9WgIRPDD2k/ZpaWufXaFrnMOKKo6PGe8laSk1EMOkUG+rX5x+G1ONvsja+G3759AylXU/Kr64PcK3huf51rlG8ijgSy+MKTsbUy/g4UmqBcj7lncOdgeAJYoXZNCrFjtXP/wB5j1nnMLsAMj3vkpXbQpu3HIu9GFa1KUEiZ/u8fgOMkL52u0Geq+tiWTGGj1UX5J/6Kpx29oVa2T6SO82G8MA8upl/4Ysq0vfKeBqtQDoHv5iO8XV5usWchz2rroaC+JawXmGevlrPE1l0iijQnkcZVk2lEAp/gKildhrOqVfDDex/Q1UE5eOtwfnccem6/S6zG4QYhyAPRQ=='),
(1530, 3, 1, 8, '', '2013-03-19 09:51:29', '5d3c3d4140975c5c548401a7ea0f288bfa06a5d772c87d2c5d041b6f2288c503', 'EPJ26Nubapv02v4CtYDPeXOfWFBIh191ojGbAa3IcNUR2FBrJ7kmDAbQ1B/Lf2lmv51o8QykSt2vzHnVNNFX/RcYgdQAS1dxIZjTcs5kmYIjBZdroFJfARHYRztUkd9w9oANhkoJG9dkL1l3xzsWzodgnDSpdLdFe8OhkROP04F5lfoV9JdCwx5ZyO/76h+wWrXenzjbQVtSWXq/g4nUFBln3zge4dl7MkWY0qQRa2ObbVj0GxwnMvC4DNdcEdultAokCIijOIKIWs9EsPE+nO6ygwAZSW36U7kui2wCBcMWf0RW1Ar2n3q9hkVacdZ+4b3wAIeenyiMfIuwF05g1A=='),
(1531, 3, 1, 8, '', '2013-03-19 09:51:32', '90ad35fa95a6edc41d3a1a88fbf3b8a763928be5b5160b9f40b4eb30894ff453', 'C41ErnYzDugM1s4bIbG7w3F7pH64EzTgr62z9odeXzq7dR8vCrhAAa+Qa5JYTA5TAIbXmBV8R2WQAYR6IIIU6dJBXtasdvZcsv6vHE9b3E5PNOaMm71M1NiUtWX+ALSZslOFMNy4hN8m21ScgEIO/yVwVvTT8+4C5DHh8DqRDCFZtXfzDtSKDWmHEd/MXMA1g96NsOfgWFMk8Jtw22+Ajcxs4BaTDLeImc894PfgnHEXHh1iidrnHtQBqiplQHLFaxTkhGhOEtFmZRxLN8TvnWyN5Zc59UrB5O70bnNG6L8fBLDZet1BJLsr+074yvX4Q6q/mIP53mS+S9vNFCnhRg=='),
(1532, 1, 1, 98, '', '2013-03-19 09:52:27', '0f81f462b75144dd6b0bdfd4978d86af1410dcbfd80b836afaf77a9910b7f54d', 'QZhcspQ1SEUrD+Upi3wxgsaYFxJ/mseiBkSjd6Urqs2ERwcCpiC74srnWIqG/1CzeORdDkJCI9fs9utlCIdRQHKOIojP2FFlOMHMIH7eGY5EXaK5Qkp0Ls0hhGvpLxkMEPPHScxh3MZJ6ozvLheb61FfdQjAlNzWrNFE4Mz4pLh90izXoGG7Gj069ywDTNRc+Dc66yKpmsd8atIpNbc38ozQgEHZ6/peTdh+kJJcCjfVfwgyomAHNf5pUFuuvOsd5t6lMlcrmuzTLTBXkm4z5J/M37l8qMGNP+VPcZS1rIWiQj8kH55oIYn/CD2e0ZlVX0rg2bLtpZBVskFQmQLfZA=='),
(1533, 2, 1, 98, '', '2013-03-19 09:52:28', '41c30f24e812de518fbd9b69ae95fb24df251df7dd9bcf63f5b9dc51c01d3778', 'gSZf5b4PTGrA28BoFSs9PRRyq4z8PtH9eAmoNnJucdK4hESQtLtSwP6gCsQRTjGiLSj4o4QaTqYphFmH2rtZYdQvrG7KRkctsShETCOVdMbS/2YHeiE61xtF+edM332/ms/oRVMB1Gcn2XwQu3xd0tpoOYS3z2l60ijHBNqq5BmO3HveWeSZcKDAm3ftoZnuENKtzbG0at1cCCrqv0MOeD9oth4xG9Pde+oOVTvPcmLX4Q5gm8oiDXZFmfYNu54TfIhQ3fhqO6ATImTo+LkSySqnGfodCB3RftEH4gH+o6zr/RdbcTQ7T5gcovrk1/a7KyO6JTM06fxXS1UgxhXGog=='),
(1534, 2, 1, 98, '', '2013-03-19 09:52:44', '334eb985cb429df31464988ee7b0cdf258321fd3530b21a933b915ac4d772076', 'c5/FvFglzvM7rxCvcWwN45NOvLFxg5WIGhZ+56YsgpESyj+eLqRlbUuvFqKSSyjWu43YkfoGD6QlwLaYoM9FPDXzv4bq2XUOhYRom/SZYtrOnh8kUsT4t/s8soDuidYMGOUYZlOSVQKhZx7t6kp33B8qMf8C7sejkD6KidY8OUwRdfSrvweuQBubMpws/EJRis/CZYf1vGFHHBM5qKHOiH/dtjJfWCfON0Lx9zkYAWj/xOg0YxlTl0AXsXs6Gm3j6DuvPE6CPpLqsgEYEUYW0ZGY079U5ipL2oztt6JN4vyjlsyeDaAz8uiFOiurx9UvLNDJO+lBQA3Gw+SejZ7qig=='),
(1535, 6, 1, 7, 'Forzada', '2013-03-19 10:40:27', '3fe6aa880858b0351ac0c99818dc415d7018853456b239a53f6523700c272ffb', 'IC5vaDFluAv69A2JwtCyaORdumeQDwoYEnfzv5ankfuiMMFn2yW2nX6cYDq84mphztoId4ntzLn1SKiM5efvYk20+pwCRvXzXc9AHGDD/A8Jfd+JFBwY3u0opMyAjAYcTkBxz0crZlfJ4cYdxo8TOpRN0mA4jzOeNuerESQBAIer1rYm3OqjSqPIK5vyNeYqkEzh9cSIrW3oOHz3/x9ukElI+WylJ/KnSDxX86hpVXaHpI1aKk+sgyXh/5XePMmp1WUFtBtxkrcX5r/PUZavA79kZxGzqATJAi8rViI9kQq8n7qxt3/sN/55Yz2lY/mRxjPUMZ6u9oqIyaD/Od1dag=='),
(1536, 5, 1, 12, '', '2013-03-19 10:40:30', '91ac7d4e0a00126b334dcfb354ce5a8f5c390edf9a7892a829c78509924b7334', 'OVsYHkGjdL9jO+8jrPLv2fIyLnjLUV2uSPhQ8Fpi5BREuUdlomH5+rLjVqNtPGBf9b3jP3iKuMpk0nz23lwWIDGA7mmmYv4iVWP3XphhtQiWu+zKvPNkZwllwO4NCaeBRpd3G33+dL/wnuHyfxZCGkwfgKqJSGUoknmQ46uLM41+x0TJ2SOA4VXShKEENReaAfJyVg0JSEaBWijjTeSt0SUTM2YegLmOUTTMkrEdsO41dMrZN8Jx87tQiJYyIAHKPUdxgL5kUbiwotyzGIaXDUgjL9KFkzXQmDpTzNCGp6AjR7En6avgh/eK4SQIPFjrj2KSCZS0vPC8ZtkZCU6USg=='),
(1537, 1, 1, 98, '', '2013-03-19 10:40:55', '7893b3612f5e6cfde0b3d0a803c7e688e34341fd83c73e28de99e9ed78475f94', 'me7j72KfIa/Uc5r+KRhPGZM02otpfUj52VkJlvYJJWkscglu5CTgAhmMkXfIud26j16Mz5EhzXcthSTphu+gNeiYoLTdOBDwl/bm7V3vNdDaEEYn3hWcPqGloQBlGl88oX1F/Pn0JB7PI3jN90xkNLb75aZyaolY0l3XWio+kwZvHU+QXWwT9ss1+rcwYXNFiStcv3EZsUDOBLsdRt8xoEBc/w7T/MXg7PgN9XtBFc9kiH6ut+pCf4Vw3pBdz2aTgtMIvdoAG6DY+sV4PMibHhxrUIgJT8HCzJDOcSlmZcQhsMKXvTzuUafqnikn0uiGAV8IKBvdD2kEXgconuZy+g=='),
(1538, 2, 1, 98, '', '2013-03-19 10:40:56', '6bf8d3a9cf2d61527a67a390cda8eac18f5262b6aa75e4241f84017f1d66241d', 'M1xDRG/xXGtvQk39QFC6Z/2M/lXXXhF/2Z5nOAbGKHqNtOk+Jk29VQcl2rrh9c6WRp9iNZgu0iPj3dDbX4F0NwOIx2pv7RRQT3thTULI9FaPvCibggdq3pW8ZUDPzPwu3Kdnn/nBTUdKcmZ2LEb+1nyHxQ6nrMYK5Cly34b731ZapJ9PIbucDXlqi+j6EAY7RbHHCS/WnklJCfJiW0220taEmL7jvQNKbXXWHLFTQRx6NZcSDEAv2S4yIsXvMPFOvzSccUwr8XK1jDhD2/mU0PgGsHyfQ4KqVIdDN7bOmJNl3n/02EczyFYvKkyU3iaCqFakeDdSHxsCOm/F3T8FfA=='),
(1540, 6, 1, 7, 'Forzada', '2013-03-19 10:46:45', 'abc5e9ac9503cb660cd216b6078e77d3f9133ddff83bb2c72bcddc108342864b', 'ccmCIpiwNj9mtxUtMdrYqkOHtnVv+rJNyUNXo5US4ar4cRXYttAXdtx0IR5bf2jKBNRI8aLRruU7oSfWpBnDYBDsLzigsI2+jRTjWODCH6n25E7x83C5wlCRdm37BvkcXP7oM/zytU84K1TdAgkna9eA56P9Qam3aVn0iLczA7GHB8Cb6lbva7mUZkfUjP/NI8z8l8G9UD9JrANVI1qef4jMTF5Vz6aU6S7+OfpWTTsHakH1FyoZHZWoeEfvsNlUp8bSb4tdZQNq2M91tDLsUMzOPCY7xGP2fJROSMCpf6DTk+ZyO8LG37iHNaSVAYp1Hajsb8rYSYEKRe8PB6N5aw=='),
(1541, 5, 1, 12, '', '2013-03-19 10:46:48', '90c715f665237d3ba68d71983461b746b255bf57f9b6324744ba0b4e127ce743', 'D1uJ7wMUIxwVDXLPhdd7GOTcPHPz2dgKdF4FvvitcMDpQx9IMh1dvWdDb1Tl1SxHsiQPuW1TXJtr+X/xC4RrEf9GUCCp7rWhcU0rEYIA4jqFfwHupM7Moyy505v+P3GXEbxjohJYC7vBLlosGvJMfyQudXQv8UDp6Wf8eix8pCSICTiWkgc0tRVxh4gMXdnPNsm9vwOEzTz2nMWp3bwFrmtbZq9CDCaANMjlahDTXsOLwyQJXsQaKOhMKglPeIgYAO30Jgr4iGEnykhR75QHAEDYR9WjiC6lgtzPmUo0T1Oz4h3JALu/w4yqTFPcRBdyR0Vi2P20S6tB65itrLUJyw=='),
(1542, 5, 1, 12, '', '2013-03-19 10:49:53', 'e1a2f89b6c307cbb5547f81070f960a6d1a63f5bd16754beea85ae695b846cd0', 'FzTOWzZC84XUGh8d5sdz5sMcnT8KXXnbE2ZHRBrUfFsxc6+MFlQKq3pfjLc2qKQwAVc8VeFrsB1Wzv4ZCfv8+RnscYRANUuVYXYS+TX668zYXdAhrIfEVu6RY4dnUW5LaJ76OEUiyttb68xiGqs83+T75Yb/WYHXzGX0LATWbzLwZOk/Q2YSVbSwQv2SYtNzNqbN06RB8KC8e9AKbWQqxLPSvENNb0flqI7KZNWRkz2Nn9+nezrtiGuBs6CbWo+d0g4/DQA6y3ax0wK08KxVoRgp3bblBxe1JhTCkJipR4D6so4M7V3ri7fNDN2ChskVtMmaVw2W6oMogNmAQeOhzw=='),
(1543, 5, 1, 12, '', '2013-03-19 10:51:08', '757dc6a6eb8604090045dd55555a91a66e87952a60ff5fa00c5b27a22a70c1fd', 'sTK0J59EjKhq2BoxR0F7eWn/EpNBKFGgsYPRdXWbMNC2NKIh4jGdIsz3CbwwVCSOO8zYln7X2PlHJ807Dm/OegCD4iqgkKeDaaYnVpwHuHNJ2BRb2SSg0BpyeWfRrMZpJ0u8alyVt8ARoHE2hIEAsz/jjOb/kE82uyZ9mE3hfFkJONReYTHkQP50+P9X29S/38J8TI629LELPGFhb83W/EPRBxFdsPGZ1JgD7zU49U8qe9Z9uVCHyvaLIApW3vRmc1oO4kC10MDY2N7usSo4F9G8pyEA9GMGD+cswm3cTmWGMRIHZon4mBWF62pDiyZbjzuOtkeZLwR7uU/54nI+ug=='),
(1544, 5, 1, 12, '', '2013-03-19 10:54:40', 'a8a39095922962c90e5dbdf1c8a17e720221cb26be357e0d9bdddc372d9f4233', 'GIKajb6IUKy5xmPoKHM5ng51VpQmSIxywFShpF6M4gmJ2gGQcSZm5GR98TBXyHHoo5Kf65OOyOYy9KDFTtmlfMpq1Co1gg7+6Pm5RBK2piC4YrAz0e0OXARbEoRKMboL0aPKzOHYrUopTmYd2UkHSukijfX0ZI6ODGPnTVFGtbv9hUlwgGLdXFfH+DWpl6r/u7RG6W5qmTVDl9jOhCE72hfOTdEBUu5/QTvhoh0I7lAv7KtMyO4xILjVoT8sOD+LAEvu0fCcAdI7bnAN5gs/f1p4WyLGt9ft6UL42O7SKbMSFTUmQ/X7k58VzHh0KDbsT6oPI/dR/yLkwCLNusoyNw=='),
(1545, 5, 1, 12, '', '2013-03-19 10:57:34', '0dcc9283dfad410411b5572595054b772f819dbcf508a558f94aad5fc76a7490', 'upSsCfV3zjUtuAN0Jl1kY0Ypn79WaxOtTgn1FUbRq/3wBGoMN42ItcJDWU18clLrG/JzYAS5MToJMnQ5wtSPv7gWxrXiF1VdTEt6Km6tJqoDat6U3b3ptZBdojuFDNlXKt9l7UwFsa4ICbL3N32c0fQDndq19/bnolIXS0DbI2zjfSxGbuXfzTeqajXqTsx/vcE+v9BooKkDhjM5HXlrutm9ZzG9Att/bJ5GG1ZeopOmnV/iz/zzOk05uVjiceaOs7zaSg7kls6Jt/HMXr3l1iBAAiJ10Pdn/vwfoCsvPIgHFB7L8f5p9RaJd8aVw3vwyySkfpJKMaGvDXVBemIrXw=='),
(1546, 5, 1, 12, '', '2013-03-19 11:00:11', '04bc4fb92139766316b6393e1cc0b1bdf1a014a027814cb256cef16eb71be7c3', 'GrIMlpL5CcUMnuqP25QZRC/Q0uileplQXg6wFQjWj11KlRDwYPeTC8Eym3gD+oUXvvubVtS3ldM5+NgdN53Zb/2nlz/skfBtHUOUh8GgjqV/17utUnzSr7pGXPd4bajedtQJzlU6tKGqACJ6hQ5ZHQhaxw5L5QTkDOrEG/HHgkX5tp0y6bSDco6QQudNnzPREsYcFfpCrYOtWtGmtd/NY66JNMBnOmduQfXc/sjZHD9Jwqnocat+FTnbzFXidfdDnuLWsgLhe3BiZs+SgAHi7+UE5X43T/kNOltpJVqOnpkt4hBLETFk0IICIqumWlOgrRrqKbmDGI/E8Uerh5qBYg=='),
(1547, 6, 1, 7, 'Forzada', '2013-03-19 11:00:20', '7e2826a3910a5d9c5f49d681d208917ed1516e75bfaea4e5c51d0a014436f881', 'sPY833fFTDzltOYpH8FnZTMqkVDPooIFlZOZDiqCD8XUXKEym8R1Mg3Si22oeaz6/+IZaWDIoe7b++6RTy05cF36ie4vpnVycifZf69afCu53A7FnirjgxnNaLEyAwHoYsG3M/9YSXlj5l0tCD7fEmm3V9u8hX9Ty1lqk3msmJk/xW7Lhwx1IDTZ2wWQLcAz6jvXOmv0qMJM//KxZ0w4SAm1MFRDF8cvvVGt4MrPfqbSi4o2IU7djwQ6Cz+9nDkYk7vTfZR/ya5L3AGCi471qwr1n9o2Dgd9DTK2aEc/vc5VCpeX1bNLPfUbkGoi5zBX2iSGClzSdk8MW3d2eo7i+w=='),
(1548, 5, 1, 12, '', '2013-03-19 11:00:22', '4a767289355ebac8497587f20a51e2ba262354cc0e20c5f02a173bd167e610bd', 'WBA76XHATZj91LBvpsJVYPZ6sxA1KdwVv7adVVx1FfJ4EEFTZlwgxXmpX0S4mEHXSFoOCfG3t1ia05EzcNqDg8vbA4N6/krDP9MYjd92LiBuvsa1+fhmN3BMZS40Zzu54Numy0Br65glN1pD0wk08KMl9Hvfq6BLeLFIJnRJYX3sFhFEcJ8fGi6pyeYrBIW+CBQyqr38W3gvTyr6Ao7Mdkd7zNKMVrxAdmJtSkaDAw41g6m1yYsmbqgpJUDQ7oMEd3sddzRxIaaVHd2d/iYe67HPbnOKsc/sRrtZJnhLbD3aJOyPcpGSNoArfwDdKALVxWqMcass2O/gj2chtb3Xew=='),
(1549, 6, 1, 7, 'Forzada', '2013-03-19 11:02:05', 'df0c238cbb4bb2957cc615d6c609a9dcc7b76e0e416f7c4ff447929ae814e3ae', 'aMI9+kxJpBxevvie6iaS8ilDOLK0pHtcFInE1/DB5ZD9T3lA8FlPx4kSrlamIJJ9zS20yq/b2AZiOkF+jZeP8xVjWDrrhnvxrHzfXlgcpnjkdIewE5GlX8Kiqjj0vLWsz8PpDexEJuEojThChJn3gHeCr4qJHlqsyRZON6YQf1XUlePWgZAq1CeguxM0rRkx1yfcgY6NJf/PYjyUzbDDS1YWiOTjceAo+up2VSDeSkMAGcA9rI96TizftO4cTfqo2ZmTmTto15LhxeCRLgI4A95hJmH1KyICCjoaocb2MCnLTthFr4ObPERa9yHwhpzlwGd53lcRwTjg+oU6tpiwaw=='),
(1550, 5, 1, 12, '', '2013-03-19 11:02:07', '24e1f82bd8fd3b8cc65d495b4f7ea187a892e25125764250a9b0e42363813aea', 'fE/0OEStKQ+HGzFaEseLxim62BqOqX/x73tl4Hnl55FrDN8buPFfEML96XkCAv3AZnK5ELnQGOyjXjaUAecMPlIylxHlk7eiXu98L+xl3yM6X7CycSjZAM+qsvLQtXqB4/2uEPeBB3iVYTsh+JcaUngkOsOiVVZ+ixoB5IeX40bl3P8q3uTBF7lFE78MIYoGfZR57MZOJGX42fi5Pbn+ac1cMVPIXVF9ydCFsd3t5U//cB2avq/g/79HiPMoH/y7qsxe+V53lKAotOY5O5HkIJI6t1XxCut7MOeZCgV9wAD7WLsHMnBoYzVYerFfc+KofBmcX0qQjJkMeagMxBezjQ=='),
(1551, 6, 1, 7, 'Forzada', '2013-03-19 11:02:14', 'ffe7c5881cc51bc7db0adfd96fde977e482d366abe7f2e0131d26c8baf3abbc2', 'ProGqQj7MYTaeqzzJo2gu1RMHOW7zKIsrEHmoEnXfqbMY1vUXDY9hNVkgOZe8m/W5ytEq7rHNfWYcEuudj01xPoWet4J7ulF7wsCNwqzZSkW8eMBZ6sbCi/JDmTjhYoQfAf9CrwHS35pazK+J82T5R/p3O8RInAbbjd059yEMrv5S+jHOdO5MNscxLSZtqiUpZyY2KLtmKJrp1Mc7BevviWmckScJN0PKigYsLC6KKuJAu90LEoUVBNyaCrv06Kv92/vVH9B2FSaFjVHkwUhL36hFL6/wQJx9M4tK0x/7bxz79Yi0tUyguWyBgGoHNf+f4+FmCnbmG2V9a2Zr20Pzg=='),
(1552, 5, 1, 12, '', '2013-03-19 11:02:15', '8f65f0742bd2131edc642a172926e4c7d6102b8ac979064e4194606810eefb9c', 'koCqwfLFcP8B1W/+7qnwcASnITRyQezmd2LPzJrT6n/Oy4OirqvCxlTu5URENm+zm6rZm8uqrDPvCfdu7T6oORjeHbfwd8K91iCro9kq3uZfb2xygSMatZOFBqOGCQRtM2fmYyb4G+WIm9CyHiIR8VUhC7gxKxJKk7qJArt05S+h9yUn01UoQWUjVW4GZMukSb/M8X+IxffQPBA6FVEjcy0HTHsw2CcvZSgzRuKng9regKY5eHA+hdSQHiry587NPIsrw6VDWz4Qmy9ZUddMBxuIsJgpJW8CLDGZOpS4zacwU5eKwT52G8rZIR5HJ6GJmRjFjKV4z0pY8EcEdqERAw=='),
(1553, 5, 1, 12, '', '2013-03-19 11:02:48', '2ebfefa95d76df873167addd1ce104893991d7a4d966eb3ceea3a5ae9cfdebee', 'fZWxhHjT1Qc6aaSpqXenD2SvWyq5V8jNFNOfkqOWOhuMXFiWZzj3xS0T6dVFCHFNzvRu4zH9UoncW/ukr5JoJTqbYFctQH+NnSs49heyrLq+ju/ErzGrzGc/7EanEBQZtIT76QnW/YzSmrGjRuPIIBr+1Jtzl/mzO3xUusQ43gOgIMDhhRq3EchcOUACAM3tGzEOXPWhATguc3cRKd+IMDTp4fHqx5vE87gg67z/P1lj/ZCrT3TJnFi8mVYTkqshjMapdHl8cJ45mg8fN0eXag+VwNQCskkgtQuITFuQhd1oolchcONP2NISPB7tyx+p9HCAtsB9p7tCNnLXlprXTA=='),
(1554, 5, 1, 12, '', '2013-03-19 11:03:57', '55c653333e5a64086fcb8958ffc1a48323374a4a9d567ae8c9c894fb40ca76b2', 'cTJvKTc5TsmzPhYryxGE7Vme5yqqxmWCSckVvEg62lAkZ8kDfYj9aVA8Xux/39y4j0LbgM48JdGvTXiRRxoAUvhDZgFskXgNsbgd05G+2q2FeBlP2u8OixIuwMFQ07iBniT3SWJSepKZFYdyYVWri0+xE1zHHgWSJCw97edEb7anFc0GnX7Z27EujX2NcOH7ED3oEXJt0SQ26BJAWZonKa3N8YVLwejwHtRX+Tcw/5JffjVHksJHUGrBo+SduBNzAf9EKLt6VLcKad7Ib497sJbP1nqrtt0BIjI2odrN1GggkeHFZM1vEjI/aqLw3cdiQ/w0ZKrfjouCW4H3vdbfvg=='),
(1555, 6, 1, 7, 'Forzada', '2013-03-19 11:05:45', 'cf7de1bf5927a1f24f96b899267a934168859c5d612f1367fe2a36039f02b4eb', 'X6gm06XctEhNMY3O4BfytGQHvY8JotEKG9I4Xwku3KDGZ+CXSpVZqD5/HIxA0JOsDWSUwYiUlnkG/6MugWxjLHnhkurjygcRbNKto9R9HbKxMjZ9Ptk7NZP7SvJjCxfQWjiJlKWvoTyJXo7Ig57Z9KSbQY/uFnV8WZuYyXzWpfLbQJleg1abViwKKieXMNlgkTIrD0F8vp0bGR4I8QML5W7Mg2VofbM5ZZrmE/ByPqazM5Gm00jUaz+v3noZUtb50MImJLTQUNJr0VfcQ6+qIs2kowGYT2mb78hMlXhWSqbX6UMDocO7rSFlIbkJRFLOlPApSMQ0CnloOYkTRo98fA=='),
(1556, 5, 1, 12, '', '2013-03-19 11:05:48', '8e2be0bbb50f5569ce5bf4ce14f41dab8390c4f1ecb0f27d32c9b9fbdea429de', 'SKablBerbYlMWNDVyaT+7xzEXakgjXBMJ6PPm6di/CH8/NI/t78J6arL9vEdOYBqH7kVhVftSMisQniGnl1ewWIt80Mx71WnMwyEBCC6GeWx/tVDvdbi5CdYdIj7sm2bnseZl6BO9vQ+VqtgJn5oE/vD8g3iVOsZtLblIzrhCWY2Bfskqax2PznuVmdUsTbZxk1KceT5SlO/P8Kig93kTpOJkCnkTYfjl7l4DTbui78Tq8FUIno1dIe7tZgDQ+VO87NWxdSFz6uqqlrdGGtUzPXZaG/Ipo1k6btUQWrzK5kBkWK2NOxLPYyxeGvT4Q6GcQ7+9FiKvwXhRlgG7heqyA=='),
(1557, 5, 1, 12, '', '2013-03-20 07:17:14', '449f0d5776a92b398b9f56822bbf2fc779921a54634303467e59a31e143bbcbf', 'BTDQ0HxSmHu+1prIlIS6y5/B0rsTLpMs6SPkBmQSFOsjfo6f6AAgzogIBa/KXCc+coMf+faZZL/j9VJGoR1MTsbMDXhBMeY455ekgHquqDAg2DVZ9TgFaPqh5uMPHr2fNfz3n8J05njKLZXA+xLaULCwapWw5X4xnHsvqDea62Mtkzvwfikm+rKbepjXMOk6jkGtnCkP3zV7j0rDSF1x4UVurbxx+YGCXyHHIq9yJMvvSQkdoJD12A8fgXAE44V1qvLAjvygz4/NeUc0eFPN3XUy0QKu5REgbzYz8LML2DcrCpxSpvSXTOO+gfyR+PHHwh/voROePp/p4DUmqqYFQA=='),
(1558, 1, 1, 98, '', '2013-03-20 07:18:39', '0cc763fd8434f0d656fa802df73d3142903bda9dba85fb96bfead7962b896673', 'iEK5nO0tRA6oofMgssJsHweIAKrV+rS/mV/GOBgcU1RnpJ2TMIw6Elf1ma5LW3d70Yy1pdSwrRd4h910NpOitgpjo8YeCCKTKoBIIcRnNW2BkInm64nxjNVAN985ZkUmg9TmKxW2TP+aNP2VXq+i/U2ybKSJHxjNqWT5LgZcYi0eFeBUxwOVVSzVHNvcAGzftAkzPDZdet/SbZ+4xNKONwXD/NhZfSO4gbavSZ8zOec8lqkmBw0EN2xuPewSg6OoPh64Swl/Qc85yeOuMN0ic7nkuVqJhNXJICrwugEA1cFmHDYgDfeSuSu0TKdk7p88DEn/YbIeuLUFlmmqknOC5A=='),
(1559, 2, 1, 98, '', '2013-03-20 07:18:40', 'a8e98c74657991c8936ffc99462e717ae0f1782397629f72bc09057bf2020695', 'o5NdN96WhMPmOwyQA6V98xM86y45f14OQML0wBAQKmR8W5HH1HDC033QNHmd8bR5yGtwY2x0q9zAKC2ZtCPQPUWh0C3mMxEgSz8/PDiEvslf99uR0oduHaNuGXnF9g1QZm67+k5RmqBADlf6onQM/ROlUDL9FIRtm6w0F/jzucsSeucsi1wURuYhEQ/R7rTrpQCYnaedEWo7xlj3qU55RK3r2VxULlaa4nRo8btcZWql0m0Yi/Gqg+tmVPbZVDEU9GAi6m/LfW/wTSFc4W2Gy356FdgrpWMRRpAJtqJDOJyuitAuJyaVq1q1vnfubquY1ZiPrdCyimAn0TcsaRzV4Q=='),
(1560, 2, 1, 98, '', '2013-03-20 07:18:41', 'bc4b4ad257992e381f79f3ed09cbc8ed2d2aed97992cb5bab82cc6b1135acb34', 'ush7hD4DrdThVlBaJwi6KM9WXrDnQx2cBschVKDh8iyjHKpestLZZ6utajNyDh2pySyoNBnVtcHqZHspI/39LmhZkY+TUx4mtHSM4BAtOo5/Yf3wF+M9xIBNIOYpKFDft7rIqsk+h/XKJ4zR36b32FmYv8OSKH1R+jDNgqp/Ep5JTqF92zRQ8iIiYXV3Xm/OP3BMvLyqA7JzhfN2x6DHI3oHd/0cu6PnzUkoO7S8g77x0RdarxXnosm26edVb0fCPNtDlXi5CY/1ww9kDvz11ZfKv5JKZA5hYpbADi2GnbMjz/Xvm7KalYigZkZvOrvbrr6Jy45DMEt3h2ZGeWTjhQ=='),
(1562, 2, 1, 98, '', '2013-03-20 07:19:50', 'b0531132e91b67bc6b8c38b79117cd217e87c2a3c2c768eae601eef79d6c1d69', 'ax1ImVxycpnd3byZTGXYsi1svA68QK5x23U0vZ6FUcItQgWwCy/jP8SmlqNEsO0WcqxmN3pd60VQ4FFF//Foa1MCo6ng3urztBgyNSySlgfUJkyp0fOuESbgs0WPz1L3pUiWsM8RZ8r9U0pgsR7++1zfphswIQHJZr1LCbdjn5cPiQGUogRO7kMBCMTlAGTzqSomboE1sDjclEnRMja6PQEexFIZPLES0UEfDDc1DnAqLmkLdsCLg5JGUi8coLbdYWEowTu0vQotLPCrB5bmd3Vg2DU50wUBIe61r1N5AZcBKnUHqfPfZhXvXQN4aLKUGrYdiIP9nL5npIye6nNtHQ=='),
(1563, 2, 1, 98, '', '2013-03-20 07:20:06', '5f7eefc4a05f51f7cfc44a1c920b43e0e1b7ac336aa15ab8fa94acc9086b90f1', 'HcNCh2Zh0MtP1VjNfu8xkDmSkb7ZTUraPq9TeJVYeVwMO89fKtZiuGa+wz+8WzgswfkbEh83dF2BPVl49cGh6uF7fTyJ2cSAYtclQVuTrbW/oztAtKYtWuAFH0YRmlf+x/m5rj5pv+sRnfT6ckeLBVRBXFFAArKVZGuIDniAxTzX48cUT8q1j4wPwbhhTA4lAa/VIEklynK8LB9aEhMIqZMLm33angXBockajh6p44sEJb8htmBgO62IlhtLN480qZUYfAUxws+9IPRODD2++H6ekR1yjE9M1QzKd79Yt/akXwAJr0uFCBoGXgJgq1ShQa0qybcm/7RKImeA4UI4Aw=='),
(1564, 7, 1, 93, '', '2013-03-20 07:22:11', 'bb54f9c70b86d644aa21a63c43ca6ae2ffe22a7117dd2afa1f9f373a670d14be', 'nIcMzAiblqoeQZOAIyUdFSuUH8iVBynNO66pPxX4WqLTzZ28ykO1L/OU0LuBPbRwAreocsOs1dH78jeoR+UrC/llcXZUgIosOUol9ESAFrWMh7GLD9bcg27nulM0dhoslzyvcO053H7BhJ8+VNFXgtI8t2qJ8mZIavxFJjOHvytqd5ZrE/40tOVurEardEcwor82LxFBuY3aWtqNOLyjEC7NCv7Cc/bNGOTijG1TZk4u0Dx+fKM0cO94epKpQL1BLnblyoRwlEZ6XeOpIQMuAdjsJzB8LMu4GmrD1Bp+4FSWzt8uyjF/DWRRjGz+KB7P/bK8GtcJFqM345Qe8VhGeg=='),
(1565, 5, 1, 12, '', '2013-03-20 05:11:45', '5293adabaafce1c40afff4b311fc0d2786cc74cdae688a24bd3bd6b47b67c6fd', 'NGCPhfGsueveBAib/Lqb88Ele7CaVT4GOM/heuDmze2k129NOEQ5qphafvAsjTjUB7x04tRHdkbOYkRCJBc7lPY59OuHtYsAiu7n58cafbAIo9gkDKK5/UbDw/QtmiYSUs3zCD8YmebTdcm9ummoRVpziy/rg+vMX3PCVbr43PUgB3Og1YpOGwtGYh7xyZ9kXxFnaTdnok8oMVh0BKC50mEitV5v3Cmw8cVV0JnFzJg3EfYOYN9FSfFtXQLjmmwFfqQw8zbMN2CHZUCyK7Yl63wzBNrgBYHE/V4x8Ih/cDIdaf+hxXNcq8WG3OvKsQXz8WJZ1YPDZa1tZEWpulDJeA=='),
(1566, 6, 1, 7, 'Forzada', '2013-03-20 05:22:33', '48f1b12a60bb0db563a65a12bacc643f5079f3ab68a9078eee5758282b4ffa18', 't44LhyGzRvy2a62suG7u7s2mhQ9QhzMb/P1xVrEUEfm6jI8mRIQs5s2pH7CAN8ABD9mWx4GBkcNxIBV1bquC2dh7RBtcJYEHj3skqPIoBUu7nraUF0+zlZA3WLqZCDEGaiqSqny9smZNI2uF9QJpIg2khGWIklhF7COrW4GgQYKQyM0Qj0r2EPnUH/dJRSk/8FxRER8I40qRaL3Pj5v/QNQiyYNZvdwOf8z9Z7X4C5CgFh5ntEodGOtAH3xxJNrbd0pwZdrnfJnMPU3fKQsu1KGkfPdTVxmZpXzkkJ8+9UiWFSzpWrSZJcCBlPfxVtc85htCvXP84op6sU+82/QOvA==');
INSERT INTO `auditoria` (`idauditoria`, `idaccionauditable`, `idusuario`, `idmodulo`, `descripcion`, `fecha`, `hash`, `firma`) VALUES
(1567, 5, 1, 12, '', '2013-03-20 05:22:34', '78893990cfa2bf49cadbcae4ace82921db14956d6122eab8d650d10a9bc95c09', 'CVlkyirQvZjxGfyxqM6MAj02iMlpjjrOeXuCz9zHkexoiW/lQkb4H5H8Wc3M33VXikuUTRuMX4pgwE33h238/z4gQ9Q8f0AR1XY9aAYMYBYNoADz1pksVCWTSpF9X3jQij4KsnkcmpE8i+awlX/4VgX9cMD9D3JNYpISg/edg5fxyeHv8Xnivu+CgS7XtNKiHVBSqXoL3W2fz9r6SBfX3ictA9A5k44c1ItBSdgKwMFDiBG8+a/rOb9KVSyiJWJ9WaxjBoSKxuXV3jpScLhhj1TEOezbc6v/3iGpZD5Vq0EqoV7nINMUkxHBrRSeN/mqPPTHkD6/q9beJOguBfUcVA=='),
(1568, 1, 1, 98, '', '2013-03-20 05:23:36', '06246923acae95c5d9d8738a96e0065317476c3428c3b9949060b4b4ecfde47b', 'mCBwfJFU8quMRxtFn7UGa6tYJeXGeA/lR92/JKI06HgWikIVfBzkKD47o3s6rqexQR891XHagtIM0yJNr+MTDOycbVmJaTPc7CShfi75OvVC/BsmYQZiLFluqu/xYeT3NR/tJveINW7Nnh7ECnd2c/ihWQhZQlsAnvUOhYv7f+bhgyvKAooBK4BbbkVs8mqK1ZsVP0Tr7AxdSh6K5o5cz385DE8DO+ofDAEnmNphuSwLStyT5/CS9Q3P1v1I12StB69A5zjj+HU7BDyqLa3WuwG3Q45XhwsevYzZWwxMlTLitBPzuIkd7ThMMeIYUqVkWyB1IU/Lkcc5f1YyyRMXEg=='),
(1569, 2, 1, 98, '', '2013-03-20 05:23:37', 'f504d24e0d64379616e90765a83efde0e4dc2c65119fcb627a0b25816e1d4416', 'BQfpaUCQUP/tepuenUOHfSoLp2weCPBd8Fz7x9Rv1+6AAenJFSj0ptoAQr0SNybDl/tt1jMHX4zY621tCp8vKbpAL/4bKerooEGmgxERLm5xChqcdebgDqFrK7Ifml/hKKlAYVGwzzUfzbi85bdcLUUElDo3eKnzMlBaIrknEX7+oUUBAOBguaqYm1S+/lxW3F+YnmMcJdJPag7dDB6cRq11ErhOuFcRigurgWXzR41xRFzjELaPs0wHbyhInSIfa3L1aKmlvcBFtOBOaco5dBh4pAIPVDRTu8tdqoSIV5hdDJ9VY2rpZuNY8oVuwCUF/O9LbhDNQdXlaadrD5tHWQ=='),
(1570, 6, 1, 7, 'Forzada', '2013-03-20 05:24:54', 'ad22c63c533f5eb024a4c81ae5d839bc6542bd98cf2e18b8e4853cb815982b13', 'BNc8WLjthsOjI3xmdyksIXLeEGIB7gzgUFdMZUUUJYUI5CnYA/OKrRhqz6ulM6l3NbA30UjUwAvIFJPRK7bYnuzy3yG6LVAX76Gf5JngNRykOcJ0u9G0wq3uxnFgSg5F3JZLaOSjiFvOgL/cj9URQkgmXbqWCyB3MmCM5yAyOw4RwK7J+1jN9ZQWhWaCvLxM61zuP9/nBwjLBD9WgEcQtfwOnLVY3+ErZ+W/vRWZUB0kW13yEhgOnfgochfB/Pi+pvgdO5hN4sKcy7VPwbFmNZjpFSG2PPo2EFQSsK+89CJXNdxP7w7CREr2qr54XRaes/hnExGLEtL+n/HqlBJOsg=='),
(1571, 5, 1, 12, '', '2013-03-20 05:24:55', 'ae783ad8791da3cd9f7f976cab63b906104152da6442fe7848f701421b01af63', 'WEKRlPwAfG7OuDARchGcYACm4J+Kl5LdU4bU2zzgGIib+PmTfsCwu6uMsqSPNqEyCIwPpuuaB03hAiw5lauU+Wvw7Ig258uUEa4VlT072955cFu5a1k7lKoc9vkH6e1ReUFVwTXJnp5AuXY88J93KTRRPgscHdbP9nj0GdTGTAr4RsYb2ld1IAMhjaOi6/mOh5ThNhgIkyy1W4r/6Xcz8sYH9jwSyU26/D765YdmHUFJRelKXUizZtJ/HK+xt/V6ZsesiSulmPq/gizf/Hd3poM8BOUQ1LhhQ1QlmRWLxtpE66xtlpBvkZV1dp4keNhQG9Kvf5Pg9Fdfq7CNdgG/HQ=='),
(1572, 1, 1, 98, '', '2013-03-20 05:25:32', '20067a09aa0db48883eaa11b217fc0d4b8678e3e3e77b38b6076c3682ba17ee3', 'Bj3UXSiTWtXFMHYnkurzXh8wNjLbgb23AvhanAlnTWKI48UXvTNAflt7sZvSE38EXBj2xIN92R09Hv7KO0dg8ryMXPZTDvU9Yi/o34Q6z051xMD9Zpa9h0nngDHkhZ+BsirM5us/HyB8f0HOEzV/S9w2U+df3WLCweMAhgXc5GaqgHqJmWXk1CrWWWgFy8+ZEuzGe8eDa15h1mv4shyrrse1ot8xeEYURyMgxQllKC7vXlKKC5cIIJHHzy1e1HX35Ge/i7Dywz7uFTM/Zb6bAoSO51MU7GpBuFouVn8YUg3GeyMT/dWS+inUf9C5UeIxqeFRkU9Yk/cW8fPo2J+LsA=='),
(1573, 2, 1, 98, '', '2013-03-20 05:25:32', '4b2ee475c3a8eb90ee82f470ce4a2b949c9df96f75bcbc7ec774e28149eb4f08', 'IXOz43RCe1aNDKAD+UPrfc9fr1XBlwYwOJ7oDAV3jRC6NLktPklYd6DE72qlnymLRvHu6PZp0VqjmSo+Aaz0H5lQSRsB8zOwQvR7bJ4LHT/LUYh+sZRKoT5lYD4TTWaKVTST8VW9hLuaUu6KE+2da950SFJSSFcqza+J1iAMKMsixYmjJ29ohwzx0RG8WroO0q6c3iVZbR3tDKONPrE1zo5fWc8FPu/u53EeDk7MfrUtlULxyexisKkdMa+kEIPXj0obgaF66iNhm6nSpE9d2jBBQvaf1SQpu4B5VGYon4SEBBcKs0QCQ3PadnaT5oRkxydCkcjz42cCca6Mxl99wA=='),
(1574, 6, 1, 7, 'Forzada', '2013-03-20 05:28:28', 'a877f732cdc449cdd1e671742f792f0bf50b524cfa7bc56f8d1d8540176cb51f', 'ojlztWkVsYuNG/7OOpF3cTLxcFkCTyQEYKxSp18sCXTU6LfPsQAL3glVojFkDKqzuJLpJ5Cxikho3MCzxX/LBq9RgAXMjPzEG/a1aM0EA2vRBi1PbwhNG88TL5u7YynWqt/7CpYmuglXQiw9hBR1DnmCsr1/pcOcghYT6sX6VV9Za1srZP0y1GEiYc/G5HDsXAkMrx4+ylsEOU+GX/ui9i6ifvwbmc6yPyK+f9A5erI6wvcA0whH2WoF0zzT8veDf/kbQK9XQmaEz1f1jvZhxWZaADXlRioWaSRbHSoqRnAU98X7jPuYWYUddeylUN9TgH1Qx+qWAYncmcGqgDiwIA=='),
(1575, 5, 1, 12, '', '2013-03-20 05:28:29', 'bed08a739d32b33a46e9ddd761914e45b40cca211456e8b8b6af1a14d2b3b585', 'KFdHfzwvpJsSvgjmwOHBzbBJnjEJBVh6T/uFnGSbZ/7GzoHO3270srsBR2sC99vPkfpVJwpSqYho8WVuJDlJfbObNKxB5L3bvUdZwPXFq2GxyjVk7dSWDjpq3VStpmbYCHPYSPeR8jCZSAKQd5bg5iFcW/qbCNfvK7r0UQPdayEavPN+DRaEGFq8Z49/16tNUzss4V3FkNYINDm2dfM8FsahaENRnPVNhdQekCwN2ykmw1hpNrQNE0XH19XC2wI+LT8F7ZMHkH6lvxJvre7X3WdqyVePvPg5BYS4GMG9kDJNoNBEYX6xoqnD6/lAOcnn9F0HANtGlP/tY6kLh8rc1A=='),
(1576, 6, 1, 7, 'Forzada', '2013-03-20 05:29:16', '3c46ac2cf26cf4db72425881afd1438865c27d2f62a58414aeb504735dcbc436', 'nTHF1eGuIaomvMrYU3FgJjA8B8jtiv/glpdlQo9nCdocEEi+amoJrnY94tDV8Vjeb6vlgqiSYe2WnwnatSCs0vI2aQN4ieBf/2GjiJEwNgfDgUQpVr/udIj5bxyF4QMi1LquLGqapDza6LEIRDLlPI5LU4G7bkshEJYoBRxokznMuFNNf5dNzBUbtj7XZXngROyhfQk3wudj6TRAG9fdxitdaKJ1iw/SDh8t3n1aSe2GVPqKMDnSk7rWkVJ0hoNRNaKRkdyKFOwAX9b+N4VHv7WHMPknckxWFpH3Y5qXUjbubvsTl7FCnxky+azbHgX7w/wp/BTS2aaQabgSkmh8rA=='),
(1577, 5, 1, 12, '', '2013-03-20 05:29:17', '5e37f53619504e53575c85ab911bbe8d347288348643a6a0fc3205b0ff888e22', 'DifUrBOfryMgPz7T/y8/eIIdf62GwYC4wn0ZAJpkYVGd0U/tPoR6h319T+zvvtIZ9dYgtn4sHpHpDqIjD9F/fel9LEP3FQHO//S/c5H0xlAk6TphgipuBpVandUVn98I+bem3U3Twv34NxUFKKKg9bNQsWmgK+TrPbkBHtMZiEGgCUFWxOlYXBJLBxFWoUcxggH2ozliA0AnKtNY/dwfRUo5eHp6G9uObkDDCzbi0IaNDhwEVRqDhjxFTQusV82Kq2WTlQQNVYWAY+spZ+0y1eNeOHE7mDqX3hQAb8R5pZvmddzJa82XR8Mb36oe8lNKjdc7qvJs08NxewiOSjzXag=='),
(1578, 1, 1, 98, '', '2013-03-20 05:29:43', '432bc7d95a3d02ded08919a907752b5217cd1fc559953ab6a7ffff59e37ee7e1', 't/AMFDw+yA1joQa9qpnmQjZDDvRbPwJSH5vxRKOBeH7bELvy8+MB4lPK/xnCn+ik5zQyzZU0N+SIc4yU04ujBvHS3G5njzm0Q5sum9dUoKz/HcSX9xuihcPiBHX/BkxqtnnaHtqNFaBwA6++RIWRETvPwmsTX9wwGABBNOJSq9syK4xBu5/OwdPFRdRgamdgw37I4wXa4lz36A7x1YSvvEVkrerY0mB6GpiDSXk5Sgja7bAc/+LfUKReAktvZWrMSqBjdFm3R1IRhuJmyEO/AcaUhXXmUgaLHZ7Kjg4WSBO/nNdpoTWEaSBVNH0FdgWMYjC8uyxu3WjQ59m6MAqKpg=='),
(1579, 2, 1, 98, '', '2013-03-20 05:29:44', 'efcb24af621c88e35a8e2bf204ae2d6d65a4cd3679b002fb7115a86762a13212', 'NKSCvF49e1WH7Gxh4g5lV2qeF/Hfpf6MDIRfbbByFz8XxMbK3r1cJMlGGqwhYNeryVRIP6bc/XGuKttOoXM75eAxW83Z+7qdgr7wFZe7Red4A16pnCdBigAURgNa+YAKpJOxXghXdLjENQybPmUdtDAszw76Sz6shoFVn4XsNWcCY4wSFwxbsncsxf32n5gbtcROGaS0aRBEHhgfJgKqw8J+JDKcrjK4LclH5hMcl5oUfwzeVPh9ed0/7JMU2VBRrjyjUzPHA7nNT8Irx42MByxfO+0y/j8k0Vmblz1aeLfybDDv2PW2y/7p+fDzkCbftKkNKXeIMI/Hr6sdx45jZQ=='),
(1580, 6, 1, 7, 'Forzada', '2013-03-20 05:38:01', '1444ded9444ee127d30ec3cf131c577a78dc22517fae3c21635407e164ef38ad', 'aIQmAMGiLBPN/0jW9uK6pyo9cvOuPB1j71S3kGgDrWio/++czAw9GA690XFec+jLEtv7GXWBFi7rA7ugvH28UH0l5zZ0+X9AeJTW9hTX7j7qIdwcI+s1pwjV91Fvj+Ei6iQdYEiaJ3gosDzZaeF/MvISjS7B4QJ09GFLKnH60Aegh/QLQEZ+Pj2ACetVfPeRagpzFcuAXTJZIX2N9SRelK0xesNLjM9MEV4inYld//EvpoYIuSi1dcrA/s4faO2tCg2y2QTLwifY0k3vwL+5UC19Yrb/g078O6bmh2nGZ2hNZfqbyp3FozZS9TsX3AsMVvN8GYiENhk4/noBwm1cAA=='),
(1581, 5, 1, 12, '', '2013-03-20 05:38:02', '727a889065974b7eb40f6d1aff679e3b181ce0ba78d8c34e420c23ff4f7faa43', 'ev/rX9G/6fS53PMxcDcVn5/DRn5xhj+Ls9eLLtf9Z8k7Qx68uGLJG7Naz7D51c0pDkrJIUi+NjIWk+YoV0fACGfT6uOrdXw+WFvY1KDR+rU1LG9p87bZM9B8tCO/m9nII5coaKtXwwJ4kR+3mSVdGUNTuLM27UXzyD6gH5OeKcpQkClav1Dv0uyDQ1Gbcj9Z68ZnH3H+EQATHGF3X9NeQ9/caIyILjhGHqnlzYMupj4tZVKaJZlGJwYZ04dlT01Uh+R2dWobeU9KoH3IX0etJNBEavlTYu2yQxxKr2QTjBbLf4UGfcnxEDetRnTK+Qg5Lzv8d5p/qdzHKFdHO07Dlg=='),
(1582, 6, 1, 7, 'Forzada', '2013-03-20 05:39:44', 'cb5f1fe325b00198d6709a88bded7b44af3d5af95ea601f364044bfd8a0b8162', 'MPes9Nr2nugRMZEIHze9m5porMT+TrF9CysfIh/nrctlzaihRo74rRXndlgEAnV1Az1rNwj4g9oFUa5GMzEZCtuzajc+TSe0FgVadDHMy9nfMhYeYFyk/bN01rdeqkq3HaTYMZquyjISWqdmpG5RTDZhDOu8z1Vg1ypMsEqcVok0z7ka6QuLsCCxYYEizw8FPYp0CTRGYfnUrPZHRtPVNFNeZ/tQ+9LGW1JBAg/yzGKq9Ee71tC/WyavKfHu/60vlkRfdu0ymeIE3yLkBCBx1yx2Jo+/dk/pZ58x/faRZkqo8dzKFyVWuCEfE/ZAEMtD9mxE/EvFfDlE56+GLE9NLA=='),
(1583, 5, 1, 12, '', '2013-03-20 05:39:45', 'e7608d49d00ff8e7904b17008175cb71a0af7541d242ee84410beae10f3e2794', 'pUR1fpCKh3hJc9mStYEq9DfPeg3YNvf9RR4aBSOQc9GoiW/al0x900MVCmX2WM1TVX/O/OLujwR1j+9WDj7+ZZCsO9dG3qyTBRpg6+PCjtYnyqz5/AqrrtggJZuaw/L/023KdQrsGNTWi34bIWotYD760WWgr7ipkRqfDMD7IDMpLeEmcSB23ot2C7dttvyOdXGZ/UgMHRN802nuN1aXp16H4eytBDTValz97OdZwxWC3FOJRfXcczJ0fEeCcKz5HWSJL61bOCdI5fjbKxrmkDnABgvAVxYsQ3UODVsUf/6zhaCHv0lSovNSKyVqpeBalLXw6l/xNIQJrsOfmGH7Ag=='),
(1584, 6, 1, 7, 'Forzada', '2013-03-20 05:40:50', '68979fc2b75abb93687cdfdcacbfc33793006c21cb29a432439d4a168d757b1b', 'duw806RSDk6t+MzbKArEhR72Uy/3jIzla0eQ/9ybEBkymqJmY8iKJ3Y8JMoah4kEt7fQ9+/fdu5/PAhXmFN/RJRS3/N/jl7yPw3iXZrZ48JOrHMzD2oVQ/1yRZSu2pcE1/BUwda5r5I3sckjbcB3hC8n0e+xvIXB0vN3dqBDn5KJQHYYo/CL0QLxkwrtjf3W0zB4I6Iipu1GLvMTkPwmHD8wt1ApneLpnd1OmzPMz6blEftbMFj3lTNP0E0KLQeejZhFYg1Yxx5C3IJjs3ZvIIYoyPnVkizm5sEkree/eyUYnWxyR+mz7f98/pfkk5yjLla5i0wJZdpcaAs8YcaX9A=='),
(1585, 5, 1, 12, '', '2013-03-20 05:40:51', 'eaf4286068e4e24615244b10f05647ae227dcb35196430f6e96ab1b1a412471a', 'uJl5oA3S6JZhSBKsqbiye6W9LR+dSAMqEHuN4mChZbcu16C724RF4JSBmYvGSlFKJKlZjXR6aLWIstZT7k3M8WKVcFmPkw3FYWfA7OX+bFaLE2DWhDxUGx57vEFTTTUkZhzxdSOE4WhVovUjlD6xc6mNflXZROsZFK3RZU/VLofXTJhoySCVXATEs/+ezgi2OcJCOAhXSHfxcTXQPwttdnlTyo0pM1Qj6s0jqoPO8qot+LJ4KLBgZ5UKn0Np5YmTKAHxnNllDtHIm8oxBvoFkvHoy313bIZRmZNV8jA8cFhnCEzhJBgCCOJF7xq2gr0Xbd4TIcb3avjV+m+h5SO/tw=='),
(1586, 6, 1, 7, 'Forzada', '2013-03-20 05:52:27', '3e1b90d03a8106ba19c76492ed75e3e66f305aad70d2a32620707829d5165014', 'MNFe/HKlUeMBjSQKj0i9EUkJBMioJfVhmXf9OMkwR4vXoNqQ64rxBUHD0tFq3RjWbTmFuDa+fGDfKwTT/i0uifcorEfkbpp1lIXdmezdZxoHVW7zEWcoIJH22az7Owg32pdS+9Ik80uxQ1vn0NyBzKzNmcAwslU1yNE658UbVkSk+qgJeii6aJwatXQawUqD+HD7Ee4mmLaBilBQcjdtxwbRDsZqWAVPiAWTr4Aj+tOMA7gOtpYtrb5z6Zj+3ftiDr+AaaqdYZsld+xg+y2mdJuRCuEcCvNrEjXAgDzN1H00rrjmdGAw8BHBstut+50+/dEGXMwKmfVHwGQ+r0fARQ=='),
(1587, 5, 1, 12, '', '2013-03-20 05:52:28', 'c78e7f36e66ffb8ae3076437908ad9afbaff431b5f54647db9ea4e8e519a265e', 'H3yloDfQD4S/XIsrXtCsda7Sop6hWLJHIwjOyLCTtb58JxMQ7E/wBj8t6n4xFUBrkusAyVrdwCE6S8YcWKT6zMddt9cuKuy27KCN69FKpsjiNG+o87JsK5Z5gwXGBiQ8db09Gf7qdWPl1WECQULLAi/EUSG5KTvyy8/fJknsyC0L7Il00+RvqJM/ONw+gNHonrVAcq/+gDcos3xAnc1vrfMev2usWOSYlCwA2763llcQp2zTKrW+sedNuFh7NTkmH5NE3hh18b84ctceNnE1ivrzN1KFlEygNzmnOOLub1VHrrkRJGCTY3F1TOMoluDRIdF3VaXzbPn73OjbdgtSHg=='),
(1588, 5, 1, 12, '', '2013-03-20 06:51:40', '8d0c36695b7c5f643e38644e74cb7d80603ae5bd35a1873a05f64a30139eee0e', 'Gbkuw8XBPcHggiVQnSbiRY4X5qd6o8JmUvMoUBHmbHLXMNAs0vc+e/95jVAUBLFLcz1IReiHJ6AmBEU8j9LfwXKmICd3ud1CA0RECNqYHSzo5YtDyKxNKGmB50GAUCtkpPxPDv3+f68pmsz43J8sKNpbbu2CNuu8uIws3Tj3UR76qPyChEG4z+ifqw9Tj6g+PjqDqHWu9Khind9fWVB9fWmAj1z4SrHURimVygU0S5GjeWayY80d+SIg6NwfuSwyB35Ifr/QgYYuViuHuoDcIKRFmmoA9hvjC1xPKp7BOmkOslJ5yYm5e24UAaEUhCcdGVjoJpEoVv0MqJZOMWTwXQ=='),
(1589, 6, 1, 7, '', '2013-03-20 06:53:53', '9b1addbf0773eecd05b6e44d02bad51aeaaf0584aa7ad247077d35ae7853283c', 'ZO4mS170d5+7sne0xJOGy4cSu2d6m3fqfVZbynAqmroJ6Yd+3nVClNkBpCs1qhhd/bKkrIy1L3E36SJs32Ns3yhQ6dEAkXlEADVL1ATr1yA6c0fCxZVjw1uaAk3H3whifdGgc1q5NHyw1loo/KnNPI2DMna8ThV0yjktL9h4JtqHIOIRi3mQvIWmqRknX1RdBUeCwnqpACFjqrVVjKOFWl5Ai1KxQPTh3cShLnT6IuaWgu07yfsIXhl3EEChO+KVxYGlDEAvtsFWbwiweP4sAiMPQwKneZzx89U4E2dsWf523R3GFbyOe7h5e5hWk+3VwAUsqS/vTgfLzCPVPg02MA=='),
(1590, 5, 1, 12, '', '2013-03-20 08:00:52', 'e152c07eea9650a89c0e734e9df8873da4265d30cc06328b199c6aba797d5196', 'j01dceOowx98cNMn6JIt9FdexW4v78cGbb2NgaCMbPisIlBYS3VFHL2VQdpd/ZIZ2xnwR2S5UXMcHfH22IrZZfBkmuSemeN6Ey0t26mmt6RaNu8bUt1hvZxkWgyrai7YNBf9RZ177w/fLQdy9CNpMjV0CMKJzC/Tr+LO5mOgNUSZK33guYC5XMOhLnE+hqTEWJ1HAZlr1N24sQe7eHMMzOOHBmdxi32T+GJ2b9HQuJNJS/nGE6tacjfBDAA+5tCYdyw5onEKTeBru/amDXcdrqBKgAf/dHLNSQWXb2DVwJvWgVnN25feYV3k76vohW+HoJ5qhFKzg6wTsaUf4fIffA=='),
(1591, 6, 1, 7, '', '2013-03-20 08:38:22', '73a0d6462640a35eec928c24236cf10fe9103cd82580919c36bd544e7297dc1b', 'NJfVA5COh6sbbnrV2vzgexXpxa8ERloB8oZCQZZwmdXhBtAdZNmxrXDPJUcyzF5xmkaQF+v89enA2GIvYGXmjA7wsv03Ub7j2Agnv7PytXk8+SLppTjKBzCZ5o7h72PE1G/QfcelZJX84dr/14SQz8YSWGhZHg7vD8K3oAasl47iICfU7cJgg9zTzw1tg86Jd9q7D1cn0NIwwSv/d1/5JpU0wiz4Qp53/vB0UIJIHRJOvAnQk2VEyCUflkv4JUs5P96cMfY1dk7Rrt+bpAj7z86hL/nW2tnZCBPKbq38ieMuAVN0ZpsEL67Few9/C7f5h3w784dLV07TyylyxuJF6w=='),
(1592, 5, 1, 12, '', '2013-03-20 09:40:03', '20d2c8d7ad1cadf69fb9b66c5bc2cc2dc335f039fb76e9dd0c94837102e5d4d6', 'o9JevMxYjqhy2778yCvnOdBSQr0+l3sAyFLHZIxOscI2P4DvHvRUDX/64tirBeOr+wIE02suxEEOTB5bv8kyUyF5FUHvWvddewcYlYW330Z5NIgQQ8EmYyjTBGh2+d+23j4TwCzTcWGUUKSOitiPXTAsX4aRKqiwWxYtI3BFHM9MLyaI5Qo/Ln1PZmboML65O9JmWb4tPjZAOuZeEO5knkD2umi9CxAkjIcjCWT84UMLBEOh+yGq8qO1IXEWCJle5NnS8ay+8QH/b8URleShT3EoxlnJr5+VQQ/eyhGhaZGGvdFrBeOPN7D+B5wE+FNngvrIxTz33ySMsv9NtA6uKg=='),
(1593, 6, 1, 7, '', '2013-03-20 09:40:44', '6fd77cd279636b9fe8cc13a80cb0f162f12851f8747e15035c975e03a9307854', 'LMp2370xJRl8DVfro6hz9DNKzRLFB6v/qNSb+fzs/6bK712lKVK0F0L8a1c07XCqMEs7m6LBPdvNfHlz90dwma+KU/UIAruvyPxh/pEN1UxQ1lb7dl7OzIxGOfrvr+O6Km6fYtYNqieysY/W9ikphLhCdArCc/dRv94BsvYM2Pvz5NhtOsgUiBa4Y9emGCNW8oj4yEl2HYSrwH5ExFPkQ+0rCFuDRH0OEgCZEtJrzVzyiUxozzgaGZ4XIyz6Oh0y1xVHzXPG26ZS2YottNYI8DpzrV37LTJMqyf7lWu+wHwFhMVpKulez9f73A7uVf9HioE9mZm9GvZtnRxwaw7Amg=='),
(1594, 5, 1, 12, '', '2013-03-21 12:33:41', 'f78bf49f7a83800798d8d607ddf80eb8377962a5ca62859794f3af494c03860d', 'jeRtUU7W3f+s2HNqoyMkIJehFHafe6uPar9+T9Yxwjq2NiWm2LqInq3rBznkkGmWz9LowSz6U/gSjGMaaqrRxFsA6FkoYfXDvBtulvR2bLS2RUS5T0e9i/+SdZJw1+sUlASDPDDEj3sP0bs8+ljw2heeuvGxRGWHHAu4zVL6r0tdgdwms7yOvNFTrTfpVX5mR4WGH0sfpSPqUaLgLP8dMcXxsk2lizyKnTllO8kEm+L+VowCrjtmwglApxdJtIY9JSZcTG3ui0c9T/vfBvx8AEF8ikHVEDWI6rlmanw09gDomMX5iT8pXylhf7SBkUxAMLTZyviKH6zD/nOvMog2lg=='),
(1595, 6, 1, 7, '', '2013-03-21 12:34:07', 'fa5785d63b97e259c3f8c6f485cfacedc4da61f504caa7e61c857a5951572b99', 'L+LYQ4U6J0XqDy6qUJ2Pey0oLiUUfv6m6K/Oqxhn6PQnCDQtouk4iVxGqEvCLzdYZ5jPjPMpLNk6hZd5lALEC1dvzi7hcbl73CHVoZIRUrU4eYBQfC/jGGpCrstWyDCi2Gy2CbpPqtYV0d77NZgA2ClpX/Q+NF4G0ujoIF7446qH8X5HR4zzz8cll5aOKn2DUCRMlLENyGUJNjhs8FZ2kbFao40ow3U8rHhPM2BGsCvhkkuT2w0Tw8TT59hyKRvhXeypqoXLg3eL6vvY1oeIkxU9tYZfgi+K0+AIxreyMjzyOkl7y2mFvyfwCcUjTfDa22ojD/ce+xUb8iEp17MJEg=='),
(1596, 5, 1, 12, '', '2013-03-22 08:12:45', 'd4adbb3bbbbda5b4a720ce6c4e05328903e4aa2d36593a7d63180cf39d157c25', 'UG2vB5cI/MPJy22l15kaydg7t5hWKsoB5PlBrD6pUqx/nKH/xN/pLp1e2NG3k2FnW6tLiQOk6n7fywxRDPynM0S1VTg20bVoMJN3Rcw0Nfswl3KqYw3wDajIdRhSujchQqkG3V7ZDR5p2/JcKFcw8JjrxfuUyMTruf2nlnBC12oun4YDY+DPxdBdlfNQy76ge9KW/5E8zIgLJiOjkGN2dPwimy+P9g5zMwbm+Z7I0GEOL5zMtGOZRzdV0VkA9AJyoH3Nafx7/yK4MmFH8OoXZyRrM+SgB/H/wyG81A7HkBY0d4WMew+61nR3z2GHRl5z26oL1N2B4cvFfsmn54P1vA=='),
(1597, 2, 1, 8, '', '2013-03-22 08:13:13', '8eb848c3eecac58169f7fdd5e03c5a1dc7d0a21c9abb66b7e5cf915bc2d14aa3', 'DaQPbwZId60127bqVXleZh8AfVE523EzvdONMoIEz2RqQLJshffCFcUP5P/A/ApKy4urVWNVy3QvLg0i2L0cA5SVUzi1bU8sz1pYogIzE4OBnG+xIuSzKkH7/FbnI8OPPeDvVq4teDy2nXwK9JCz6uww/zyZl2CEPdvME/ISo+ieZjwBxXGO67+gPu9A0w6swCkQJtDWn4GaUQ/jTxNGvwbns7cK/LSs+Gd7dZUSb+Z3QQHvgg/jQhUtKVBeWM4H170b9TrmwHv9mkQYj/J1MfxyWudDU4nek039s7XHaom3VKwdXfETD662Q6NMdOhWRTa4ch/BHt9ooXPnpp8jYg=='),
(1598, 2, 1, 8, '', '2013-03-22 08:13:22', 'da2b36a519b9285c7579b89af1017fc21f4d0492e8ee19b61a91217140986ad6', 'uaduzMivec7IgHSgzv3fu5y4kzib0jsFDyKSJXEUP4lrtUU1sOTB8Ycjn2GoaRPDKyTeQmYKQu9yn+DSN3xVkXn4NB5tNSldk8vBKtW/eYf6Rvjh2IxqIvMrmjv784k7m7Z2cT7wGph5uLUAJ3FA93O8ida1Tq3Ways8H9pAfOYpkiyk0eP94aTh+R99Ial2RTQho0uj3evL/6YzAfyNuIKvd09XdJNSlLWu1IQsq/L0kqK+XiOdHUjFFh0oI6chwxYJweWDzkJQwuk1q/UtM04VnlaLkgJHV2boggTi7yNwDBYy60pWw2+IJkL2gfqi+PTnoG8734Brn9B2U3Fo5w=='),
(1599, 2, 1, 8, '', '2013-03-22 08:13:26', 'aa8ce8feff3cd9eeb5ff4e6cf90dbc85cbd55d9cda910617be7fc027bab51c95', 't9NpVEJ/OsUtMyPYy8KY8mKOp/rpng8xCJekdeTYqBcx6XQs3d7uzgUrkxjGw6HFabJ+355rgeQziQs2p6C/SaHc/rXy22edR0oZz8k81p8CoIOzVMAy637N9s6P97ij1Sk+v/n/bqV+fqdbrDpDK7MUVjNfgd51aAU0B9/z84L3tz0eRxRIvyOZuuTTMZNys+FCoUpoYTegdXCLvgkECmF91QLg8D+Hpkw7HEZCW8UXzDu4RJcU36ozyv6icw0TflcNr0NAekmxSInyEGfGevI6jGS3vETBjEGw9pwa3M7ggBXHiC+SnFXan3ZLjZgunmBw68ho8lbG8ZSHQDd2mw=='),
(1600, 6, 1, 7, 'Forzada', '2013-03-22 08:27:49', '4e574926850c314b6c50c75b6ca919c5258a1cfff0d233fc128cc2c1cf43e799', 'pGA9fnXlKP7eQjFmmRiH2w1kZkAwhMKnMFZGS0OuOg4cErvozMVlgFmnGUB2Z6ehvl1Vi3E5lwihy+8v//sAu4OaXQHoa//9stGFuaaoKO2/GFwVnZCIM9Yvo74n8uRjuMtt/RoyqDn9bXPog72Bcdw1KH3G9iqYMKwBGEH1nVOgUHQD7LMetnCSUBR8bk70OwDqeZ2G7POBTNtDBQkh9eU0oRyw1YRR7iqkDLud3inuva3PTTCyX6EcOc19NgyWHPlGignbuF6i0yY3Q4OYsCvswJpnpBY0M7OgPul0q2bsCxMfE6Uz2PSNYj9k+jSDa2l/H2vbbhk7jOswAiZDjQ=='),
(1601, 5, 1, 12, '', '2013-03-22 08:27:51', '510033013b01deb9a1f1c3a81bcc60a95d76ef3ab7b101a279c1e5c0f7489bc3', 'qm/XoHz3bG0R4Xj5/KHjv1vV7d34MnHCxDK2W65CtFyfAkNW7GFsSzu1tbee8ATn7eACeb1204Xp5h3g2kfHjYkWuk30zidRU5FS2Sw2m/egnTuv5uGKkDplE19pMFAVl3zh/KtaSqEk/GClvPieYUywLnqukLuVkNX+MO19nSru4+JZnOET+LAclKYQKh4ZiE4EOn27ZODGTpp62bBSn5zTD7evCH1TDinlo0EATRZaExRJXGyTuBdBe9rzpqSOMovBxJ4KF5XjgKFnkESt8KqZnQD4sTbE+kbGxPKBAV2ZXIG63UZV1GxooYcFG82PgCEggo4+uMfmAwm14vNBaQ=='),
(1602, 6, 1, 7, 'Forzada', '2013-03-22 08:29:22', '373275fa14b04b8bb98f9ff168d23de38165c8b36b01c58e43be68cff1156b4a', 'fYnnPWXMusE8hSS+Ok7iWjHuF5WYpvou7jwZ5BOadFzSZZ/BNmbgia4VNfjYj8xGm7P4mjmo0Tgha6Vjh+9IPis0UwDwDWgx21lzq1NAYdwhxvIaXzJIB0ilNSBpuW9R6vmDTanfj6hg+X9nARk7b12ye+wn0wQgudnXzlX2xCFKzIwZEDCnlMvDYIa3FiBKdkFxJmshY4X3zmYwAOdLxTYAbCrqQpEZUggAQTnXFslIGZ6UriQGdcwrqp/1BgJFUaFENqAC32l7SQTrtPkVVy/ILv/3KJlyCQCX9GYpXpukxvEYmM2+ioPjiC264PG9KXvrSAR1G6dLQuZUEHxpKw=='),
(1603, 5, 1, 12, '', '2013-03-22 08:29:23', '8867ce370c45c3a8e548c6d79a9b89c67b15ca8ea21864f18e81325b8454ea31', 'u+BwUUcz+DsN2cSCuNp+qJ9Pk04uqmefXJCj6HwgUmYzxaLuaqDOQishHetCrugSSI6EqGc/qBzjUONsTAeMx+MkXOleh7T5p+z6ab0M8tP5FCS5gwufGL6Z6ZhY9IJ2Lgqoix2eIZWzXqIE+1pahNIY1+zzvYy3l6RrO8/mWXBQnWmqmtwPqao0r6qTXYOvxUaQ3cm1Jg6YKIzSDgkexy5PK3CvHcbbQVPpiSBHaNQsisDRNfsw15g8iuHLFlBwmZcmPkYZ14pdpiQnKa3gJX8N96OhB0v8FjzpbgdYFmA1xCejCH08DX9edAEu3B6OWttuG0NnFsOpy5HaGws++w=='),
(1604, 6, 1, 7, 'Forzada', '2013-03-22 08:30:12', 'd2077ac0df83e2177c0af2452adc738cec7bed4d7d83d4aee06564c482ed44d9', 'CjVr2ni1eFfWWthVF56/o0tkgokuctF6xPg2uC0rAqy1xsz7oD6My2hMWFmvl2yRALERWnaql2nmFbihS7hKlHCJs8lIJgjP3r1UTP3mili7V3PkvsRQGuDtYqXaQQwmNWCnJFg8jbViqjEPiiBzChc3FsM6iVI5dKCuravdENiC02GkCkAPExZiaw0a/mlxwsU2+drbAwmvrAQ9xR/Mk1P4teu57bv3s6XDpKnt1o65X393y3tNeJpFTsoqsF21Qt87OPolwNy7IjXh/xWsAiITV5CA4uDvVrZBpCrTybDo10NzNF6ea3muoMkYRjhvCXU1rbnI1C5pkISdwW4f+A=='),
(1605, 5, 1, 12, '', '2013-03-22 08:30:13', '2f2f2ec3266a7ef0084ce892308cf22b3db98864a166ff1c4ec902a60cc68219', 'aCsZGahtzNnhvs1o6VpLHUPUZqFgA1+IQaxcnWg9D2LpDlHuygngGCzhz/W4CeUyoMtDUpI5114nkjqbRDIgrrIjKNmrdA+yM2gHbNkb3zFdbTHq4kX7Ud6JbqXIqBVqislxd56puyOLK6XCl9PqxaM/KNhoNz6DkUC+wnu512gNFKnv0tj8xOFO1TExVJHkwGq772JfbNlbwJExicmNvoTYmKORKaY2I8c/tbzjSk6hsOpU3W8Z6CcRuR4DvPf/X7oeBe/gjEVLV8E3IUeDsK4A+Frp/dfddJd1nqF751sAJtMeWUMc1rrBFD+rujTvTMfqTyw5E9rYcivcgSWWZQ=='),
(1606, 6, 1, 7, 'Forzada', '2013-03-22 08:31:49', '9e058cafb18457f3cc6d67b9f4056550c9ef4c09ffcb580da66d0d985ed70d73', 'qp4LCTYEPrUkZMu1S7ZUVhLE4uNAVIGJ8/+SPUVuQjU2srHcTZfcObjDIk2eEXhC3UJZKPqZtRcwBwUBr9s6uxJgJWqiz4JzAke+ql6W7utTB9swbnlPOH0SZwNeFIOD0esMikjmicWV+yskyXPM1mGS5kN5EEK06PtnKEyVC+6A+kZMu0HmUq1e7ovnJ/sR19g5K+YqTjx4FOLxoonVFPlEU9IBXNflRGJgx8TKWAiOnRcK9K96pcjhNQljveUyg206XpEhEBjvqtBFG2KGR4f8fqizWBh4uMVw80o5LsQHc1zFAJWFAkjQg3SA7ZX8c8z1d30hz7dIz50FapUZCg=='),
(1607, 5, 1, 12, '', '2013-03-22 08:31:51', '53a3639622654cc23d110f5084ae8c7ad919b4b4dfa408efc7fc5a7b94122a51', 'QGauCW1ZRE4+wHHP0xYU8SyIaXdSa8/hOp5ibjnlSStqcY3omnrWoNYlB1G13w+xW3OYPHg8c0tFle+8Z6SwLo+uRiN4B1iSUJ3q8WK1sYDIH8huZAyKXggQHTV8Kg5pipE1n7thT0TTP3k4Fr4Zu7yzQN0vAi+F+ryyN7vYRG2p8LFxbeZqvvL7nJadvb/F+Dg9Fvz6ZShDqfho8o6gN0Rf+7qdk9CXRj4SE9lpnviSmlJ6N9yD3MVGKKPAzJe3X6QytqGZ+jNKvDJlwExsXB93yUXhGW/GVfkMVdShttD2PBVrFEBFpoZjHNiH7kAq5/JG0qD0b6rBqNICp5sb6g=='),
(1608, 6, 1, 7, 'Forzada', '2013-03-22 08:32:52', '37317277f5a8bdd5b43ca3fffd0297d00e2ce9828a15470b49483b33292c8874', 'KiNj03UxWhcXZhYFyvE9NjiHq3xwU/z18sNPRtESqtzUOjszm0UCWr2s6tofv4ULcAH929O7C50I9/GGXAlDv97CWU30QoCIw3H9FZbynZwoQy96Jvsjt4uAklXfxwIVV/VOLWdgrtXj1fovxaAP5MKhYzyNFBid29lpPGiuovFTbzIJgVeWTdNpJ5LHFjTf1TC+XOLSZmqbmyV9W0PD5AXlxJtcAmzOdUp1NxuVnbxEyrAIgZWsh7UbRyFGtQJx/YNGr/cApnxwCoBt8BiPhR6Y9oFhs3NR6aUew3GgEVNs49/tc1AEt7HRsmFurhSV9g2Vzumogx1cN9rJ8agVqA=='),
(1609, 5, 1, 12, '', '2013-03-22 08:32:53', 'f03e4511f215045d5e28c316a44d2de8658c9d458e0065ee9ce20512158c97e8', 'aSiDpXyYEZS/2dzwu/qJW+ntXs4uQnEq6iBJqltzYz7r0cxZHnRCnxTbi218ZjiNSdWxfOwM+u+xxaIl9yN7u8by62/I+85ne7vMYzgBW2tNVGxUsFhyUfkDvc/P9p1E1a1eADwND7jOET16UcjPnmin0x/YJ7tWzoJKSIyKhzUyiPiuZbDmfQDO2n2+msEwbDmZ/Ce76GNzN8WwZa/wAEyiiP0uhMu9RuFPeB2y5qJTn8gtlzjWZjYIK1/B/8/tMRxCqDHPghBpramaZwg6YzpR27jToF7MvAwM6irmAnydGlmlbZLEEEwc3HusAQOsrjn96UyND1D/9q8Ez0HDig=='),
(1610, 6, 1, 7, 'Forzada', '2013-03-22 08:33:51', '22bd040cd155910822a9faba33c61644a5299590ee0222b23fa4731f51126ef5', 'mhiJdnADvB1y3H9Nya7ItwcbSgiAvNZUUeRUYjnhe92CJeMU4JOSRu1QSKs3to7wD/9QB8Mwl7wtIGvQ3UrzlxxfZtn7UDpgkWSMWIYMVKgX5zHDTlJXjEYoQoCzQ552hHcr8S0bFTOODlPCq8+Z0zep5LWack1GOAwVtKTmlI8trN1eDG4Rg/HTF3CriviOm+qVQGsgz+oWK3dXQ5vUow5qz40nNTeLtSGEKWKgBhItYWXnQ3ZGu4848IY3oOgbtmRbCqcYpYSu864RfR4y8Db2hLrj4ukFtRMDCZkJGId4265PIHuNm63E/y4sSac/FSfp20ejK85zmS/npCUAmA=='),
(1611, 5, 1, 12, '', '2013-03-22 08:33:52', '4418d08d9c6943c1c2963d2f2a1879f0aca9831e551357d51d54e094acb2463f', 'WKu0XDl584uifp87+Hozuc+C4YuPqeBwPrQg4zNvJJZWbSUAGr7N+gKM+AxJJGCm5Xrs4qxmiq+KafX6pD3SaTA3igrvT99lQqSvzxSb+lC3KVPMeY4+jOWo2Cx2YoM1r53XJhSzBUEL6+SJoN31WDk69j2xZShuGfglfmNLNHock2zHfAr/KxEbdLDB7dnekV+kZ4odKcR9gGEqmTzTE3oXRjZjGY5FWdVOwKkhJH3W3d7ZcDVmE/dV0dDrUJ7MJEsH2r4ZnpRlzEqPYd/2nkcz2nvF6dBkrEVN7EtT/dHJ11HEm3Ggm0NF8u7jihxcoPCzYN/Y8rFC2R/Uy66HCw=='),
(1612, 6, 1, 7, 'Forzada', '2013-03-22 08:34:24', '298a0ff9ffa1299d50aece0294a1dbd4698ab05d133802c050c5cbfbf3d18c86', 'JAE8pNrdSYyV1CtbjDXU11GR7WC+BPi21uAlfkr9zxql+mLSbKTTC1AIWMGCNrB8QFuok/nELZ3ipmZhZnj8rFVrbdollvowTjhSxeP5++Srv5nSSxIxjZT0XJFvU8t0P4Ij/YgknHIW/GZ0VaLp6f3pZi8dFT4BdZnNitHQHOsuqOT5z9cTKtwEg0lUQlXJIJsWxRWj/GNrvPjJGa4QaLEBAbn9bSsTDBDIBhGZfLTplk8YWh3EzCbagw2x3dVmQxuQICzjINyH+/+2ci9eYmXQQeG28WPI3zyTDSqm/6kBqdqO3xmPB7dp43jDk7gncjqNczGemlS7jj/GOJggvg=='),
(1613, 5, 1, 12, '', '2013-03-22 08:34:25', 'db168947507ff0db1726ff134e0fbd661d85ca42b9d191fe4664eba903aa3aee', 'Kty8Oc6e5e40YP4W7d71bXDzQvWp4DGAxAKLu5gMlnAKcG7lAUdpuySnUZgiWiiWI1FXx4QfHs1R5gYZtprKFubpZQDQ5YQaxtsx/3LPqA9gh+zFQUAU/I7lMNo6xtfQTatKzTojbftPgtf7Fs673weYT59nlo35G+6t2XbhLVYQA19rMFULwEB9QnxSig++5wwt7vgdjuSVeXRNmW1JoGPi4W0MCCnqIokWnZla7Ucech5lEoNWjYaujRnY5agG+BlW1XX6kvzu3Edehb1io4jzkUmYP5Zvt/S6V+J55jJDWl/6sJ3zpEUz6IlQz/BC74KF+KHgnPrSHRsPUtqCkg=='),
(1614, 6, 1, 7, 'Forzada', '2013-03-22 08:35:13', '018c023cff3dcdf69a0f83d6acd17b0d1a3fcab817b566535014f4ecabc5bafa', 'UV7TCAnoVMh/1uf5YqaiB4ZcGBtAI8ENlFdqAf58MHKokwbGjl/r+vt8lxVYDWe6kJJ61R4yCUm5ThwgRY4uBeA66Z2zY0Gbq/lo/BVuTcPmg2LwhV9nFZNhCEE2FSi8akwMe9oG67117u8nbEcWbQeCLX/e2paHUdEpIrBQH7hGLbYncZfE/UUzQ8QkcfLDHdmumYCO8ooh4iIwjgwjnpbVlnQnxo6UmjpaX38pwmXrCtEU4s+dYnFIVwl7bdTw4xdosuR0IZNJK/BOOzM9dnK0U1yhmau+UBOTYWFv8/cBLTvzi5umDAjis4J4bKt0ynW9o6E/QOuo7Ok9FreaOw=='),
(1615, 5, 1, 12, '', '2013-03-22 08:35:14', '2c996c56e24ff262fbd70120fe63fb9e926e486fee4d6e85196b71e39d715284', 'aZWggmONW4RONUBoQRQk6OVOrRfWp9rvyr26zqM4AYb/2aBXV5PQnSGMQdXxVQHS3pCnp0suSaK7VJmanuR0ZdnPkijCq68Fn5t68EWm4nG0zkpo3txZhMvUNDgVoFJLZcNVWifLMiu5L4EtWBDos8rACKXyg95F0KqVxc0Z/EnGwU52H+bTL5wT9SYHV20NFIA0T6QFfOP88NN6/qs4IJCxhoOCgYfwlFWOkvg6RlkLynE+eSIyv+JX/aSeuTgXocPzaEyAROkBj+4OzOG+d5b82tYNLGRzZ4w1jHT9/JOjdqMej3JUhNXxmO9Z79Vq5pdQzHrRDEVsblnGRU2rhA=='),
(1616, 6, 1, 7, 'Forzada', '2013-03-22 08:35:50', 'db843e678871a033a224aea4edb7946ccc0fad4a6999a8914dc2a6e3c8a60ed0', 'iKbvgJmIVRPFTFY/1RXzf1cqtGRoW7urtniLeVu4iwc8CK7kwbs0LqCrhzATn7ZjOnYhJXRh+wOoYERCbhvqZz6+kpaQr3EJcwU4ydWI+DHeXEx6MZySGq2Czcg+d5me7pqhfE9PjzZX592kqCHdwy/gZWdokbiL6IJE7slOW+9+n0pwzitQEBOn4kMxlk/E78Jyh9lIeTM9kh/bvqESHdgLANYL510958FfnsYeSlLkXNUrP2Ke+9YD1VkfSylWTvKuZDu30rHPJJr+Kdj+LQn+RgGTciczKop6E7JTwjOCcTYtlaewaRaXZ7OIPvrBNlomFIVddnyddLx+4oqkIg=='),
(1617, 5, 1, 12, '', '2013-03-22 08:35:51', 'dcf07b21a969e9f38d27116b6c0fe8863399aba9acc8dc745b84da238d18584f', 'n9CnC1ih73YfQqCHQFctGPCajycLaEFZG6bECvzJxtgxrrZZR72notrdUlU9Q0mgzHnwnGRMADVj4PRigiVv848H2cg0TvmaD2vTtaBziQrFfc2wofybF6kt7cy7cbe2SqSEiyqnGal2a28ToefO9YVPF3LBzAaA0VJaztJmvwvCev+HCBQ48p2LaFIzapDcR2G37wxqLe6Mqu17Ss3aqOrpIWvHK8sIYo4SbzPzfyBLBG761b0HJVhH9xpV+7HuA1Q0V5r/Dsc0OL72X8JhI6CULfMcMCXiR7+c3ZAmXYlJ2C8NuwL5NFuUkpMfwbvmDl0gZLT2G1xBX2GcN/kU4Q=='),
(1618, 6, 1, 7, 'Forzada', '2013-03-22 08:36:15', '4f5790e056b8a1238ae4d1218995adbae4c6c3e697406a46a5c73d9fb9a33fee', 'gKc031X1VN2F5SleZQcOUNMEkXCZvG3sAxG1zqWFpqnKphiEpyTRsetEf21LLd0JuAsEH9cLTqeZECmJQs6YnwSinEmWQbaTdoAuSaePmiNM18vr6dlhiULinzYT54kN+JAFL6HejUdxIQbUmyRTbx0cLijCrKXwpuhHTfYLKROS1B+fOzKzwZNRXN4mgRdk9WIzzJ7EL24L2aSUCxMelZ31qPplJ6RD8lyY/R8zoATHkXR4YL58JuXJxGytSVTwjeMGu50TB4PrKShk8cn44EZUUUs9s3Z7/0xTlLQWKCkAQHhkTvXTgKG9U+Gj+352Zgq1KU36eegXa7Y/MbempQ=='),
(1619, 5, 1, 12, '', '2013-03-22 08:36:16', 'c25e561b5514ea14cb16cfbf61fb26f7be01a9a6df07fe8faf71b52af916a7f0', 'TRovDtCZgkQqMmM6dltEyX+bvRT4yuyxfT/2nyeKgRTrq64U7XK0+1RFL7I5I8EFqaUwfmSbIBnu9PDlpATfGYJkGZwi0MhW5YX/CEFGldGxYqPPcQ8OSi3DGgiyRSvPkuT+9euu+1qVcs6ya4T7jFll7AUeCDXXl6nrdmbXWMH8yzRFrhsTlvnfmU4Wf1E1YMlyQ6kRrvCnKswiz6lzmvYudP7FJSQRITeEUH6zb6c9vWq+kgy9f9TqUqGNmoRHdk4i4D8PMhjlrdyT1+rpfN9wZBvyfGNaNz8gPMUE7+pr6sH6aNZvxfvT7Wnlf1gfeh6c1HfVjqzDAU46rLgMdw=='),
(1620, 6, 1, 7, 'Forzada', '2013-03-22 08:36:47', '2562d38674ca8d0afcd5f46c5b53cf8b36393e9d3ff5f76a1e0da7d51f08a539', 'TUsctMLEcHoSHeqND3uBRwCTlnRpRByqkiss1tkZnNte3MPK6Tjxd3xBxBR0/stO5JF+UHZXbogFhXjQa+hKJOXqG0pj2Jpvus72D5hQoH747K++1auvjuW8SaX2H5E2+WrgrhEGuUmZ+eSxdit0yGZuC8hbkp5dAa7KmfW6/w+1tIKpMNxyMbGe2EpCfYr+H7R4L4g23/JyR8A6WcCKlLQVfLs1V8AIVq0lL3nXRdQSYGTcgxpsI7UtIOZNJYJknQ0ll6/koZXBy8ibeywNh5iii0DA7l280rpzyNAVUG7fM1nLAkqQLSdr6Cq/U+gOgov7b769QsXfnUUqQyh8lg=='),
(1621, 5, 1, 12, '', '2013-03-22 08:36:48', 'e171476a9725d3aaef17b51cbfc13e13f4c39b70713a1082c27ce94084fc5935', 'MJkBrf72gS4LqB0kxMQHbIb2ZEubf9CrUzJ7QHYDeOkfSC6DS5qese6WWTlleVNPS3E9Ez9lzydw9I+PS8zEU66wCKFyYPp3nuigaa920eQZnegFPvpKLcHEeQfXNJefBdjMF9AFCpC7YljOyQY215Le+5Z2IuP4PyWiXjT5sDkdwIwmshWw4MeV9JAFMNkaDUY98uh37D8IIRobArTo/1TUWlKV00W70ngKPq0maW3HsQC8k15HKFLEvmFDPm7LQ5m/XGs8n6uSk75L2ZLctySdCa615Uh49teNl3W9uePZ2InLuR8/h8JD52m2hRz62l0iGovoLyZT6BxaYlY/SQ=='),
(1622, 6, 1, 7, 'Forzada', '2013-03-22 08:37:18', '82ef6f6f16aacc00ac60b9077b478fe17b12e152b9e18b6f5ad9d167bff59aa5', 'hfS6mN2Pia9ABN3B0lckhrFQ4hERTLhzxJbRN6D1mbYBuF/N7SXsiFGilb84JU3Fvp6Aozf60nUbHmaGRmJsPXPVVG8Lgp6FHm0vXJhHZnhRkirr3bx/eS5IGvDhTHS3DmIVPKz1f2bERoV9CGlzwfXDKLWpDZviie6uuL5wMKX6YuVpT6H0OGQkcJgijdT2JRehY/y0ADRhN1nTjO4zWe0SVEqa4ucN6HjqJOc3jhZ4xJo4Gnpj+rmp4JBihEGIvI6XAGnkGLNptLnK/uqJf1I9U8lts+sppAw9xLzC2qCsIrHeHACh6iF3eMpJ4khNt1TMKtP7hwAUmUX9VGTCzQ=='),
(1623, 5, 1, 12, '', '2013-03-22 08:37:19', '4abcb3539e68a0fe3f2a610da8da0b089104f63645874ce0804f61a8e25c1176', 'TxJQqq0MypqBrRMj5HuyumVSWIJfN8zJU+VOb2KFzIoq8cn6SOuM+5QMRMW2V9PyJ1CojkMzRre5qsL2bSyaxYpZiNfcin6JEo2xwHgDyWgTmig6pRTCBEOqCK32jGaj+Hfl8gR2YOg+t4p6WtA8QnSfRy9u9ujUPfM4VKzPU6q6vSXALOswCrViZxbIQ10JlGLffCJBKNkfrL8xNKDvaL6goSXZIJRvbCDq29hZNoTJciLEOdnJv9HcyOu3vBjiXDvysKhtVjx922A5X04pDMR9vTeGFZnRE8kosOfSXm/8J1Op7hG0O0/gB7LmTmivn9vNt2zvEmRP1SJvjiVSEQ=='),
(1624, 6, 1, 7, 'Forzada', '2013-03-22 08:37:50', '2575ffdf8ae04819906db699cf7e84c27452a57609e8de2a081789b2017adeb7', 'FWaGuoDbu4besDZAHbJ9em5yIxJUxtxCvLOwiqOttLPDb3748TMH4gc/mXVV3QgkGPmGbcU+I6IzbWer25w/idXz4k07Nugf9JmuhQytKxRIh1bispUctRrUFi+G1OBpXqNh/O5vfvc1i16uoZsWdB/KRZY7sSoYCLV04HiabTBY7W7Rjy85ERJz/zz37A/Omsx82LUeAfeKEMZqbBZUlA6C80aEP5XvZW5K0e2r1d5dKho0EUHahRB6ZtZRPSM7evZ0qUmc/PsEAqthy5t5kNJyR4bPPy+CCamBfz11RAe56fA2ekj73muD6tirWoHYyWmqt0eJNpC5OkTeqwkMCQ=='),
(1625, 5, 1, 12, '', '2013-03-22 08:37:51', '8b56b1debd3ebaa7ab067efa0a046aa31e0c67ff7b60af3b89e83b1da7277f16', 'BaPpCdPPwBz1Nl5C8sDrgG6+59xiOGYYAxthsUnVk6eTvX4J+y60sedahRwjpL60wjIz5T0fX9bklbAmStYipzukDTemDHrhbqFwbEagxxZQbWz1yqdqogHOncwN/INgLRqJL49E7BR/Pv5Kv9i/v2OGo/MHlvolAyi7Wpl7bevZ4XhHrMxptoAEHFU0eAyPMKSaPdSAgQn//JbR7ekzOpH0BoQBRsoCL0vLPzr1n97QYJz1yDXE6rm/7K1nr4wU/tQR/pcpgDOzF2BXC9fiW1xLdkKlsMFlOxc8fJtQ641ipg+bkESnz8o955+hNVOeZVfqximA8jpz/94AIZAqpg=='),
(1626, 6, 1, 7, 'Forzada', '2013-03-22 08:38:11', 'a1374a005f862a30e9c1fd404cfd06ab6cd4286aaaaca998aca5d196a932d9f6', 't+kLi/AppyBBh+bpsTz9C+yPLQrkaAoXoREi0CO787I0WUyXFSvEqapSy9fnWfti8V2OoodtkBMmpkidL3ErfvpF36npplJM0bwnDf1Ub+WwVTmR6vrimIGxxJ6vfHG5ExGVdA2FHmTvX20REuTEFp2P7sQANHw+JsYyN4Mqj7X2NTF8Qgdh1Aaemn0PwmM4lacXv+I2rOfgH+33uzZIyo3Pg5vZApajEuFMSNFhzSkLOP6bCw/4QY/IRF9QtLiis+N/4gpm4X0XfB3HOTXAjmLSvKi+vc5Ja5LjhVztZ+WQAsFdiaCcHjb11IE7laQvc6YvVWRlGIJs9e3K2bzEmw=='),
(1627, 5, 1, 12, '', '2013-03-22 08:38:12', '519ed8329555764e02f23efb4bdaa80d0630e71b4c28933b228b22d6c6c7d58e', 'os3Jubykk+JefgRCz0hPFdlZjZM6gaweW8XTu25juYd7wVHoDPLkNyCQb0w9s70Du7LTvTSXkv+ltwUAZ0xkAq136TVt8n86iTcJWwy73OFF6YI/FX9fHi0c4mBDQHyXAR2GzQGQaWICkJ/eGOJi2Bv8Vvi/x4ODL/MvDOVBWXRjaPXbp3TS7lqIXF/7vFcdIJ01Dm7KKS7/KEkqFtHsaor8IkA/vUCaSAf+BnRZ2+BKA7/P7D+LjhBjbVGG6/n3o/cd+15YWdqTlZV6CIfwu/zrsudL8fX1+3Qxnlti91xOv70nG/ptruKfs3QN8+enr5KxZl92+e4OHFQAkrf8cw=='),
(1628, 6, 1, 7, 'Forzada', '2013-03-22 08:39:45', '38f61ea6c5de78ac848666e0c8a7c8e27769ffa95ca65a05e8c18150613bcbc5', 'FOreO+YlHmTznA7Q4zTCHEgoWrFSDxKI/JA3pcC+Pt80EpTzueWERWvxUb40NY3MQViIh8AU7IVwzbyR2QJi7gGRz2VXvpchnL9rrWkJhEV3I0lj3aJrqLBxAg8PRFfDJ2oA+r3JRDDcRw6/Rz56LOLD4Zfei6xn2JkTiS4hMNKBgCnEjYNNo0bhKco51Gjwktkz0/pCHRZTahQWT3WJ1KkdMOWIBw8P2tOYcKA1TTgyyVobaLTemHoN/tpc7oiXHnjn+c3HYsNakBYU1NzSYNRqyDsxPS8e3NjWzeMbYnmscm9XJK3mYdRrGcpXUf0rijMBEh3zvCH1udlHKymMLg=='),
(1629, 5, 1, 12, '', '2013-03-22 08:39:47', '5197bd1ade0fe00fde52b0e7f469a29682dcc9454925120c04f8700fbb9d8c00', 'kRz7AZPwLw00FpO32MV72YG51cDWzy2B1sM8k71VmoMFv1CHVCSQxD/cxzuMw/YYoRyOiB4I1plY5UziFI1dhms8uNc4BX/euSMu+86XT+OcGBsz7XyAW1Uh6U7Qa/uUJZPWnnf2I+3pgjRIOPbC4w2S/RwZlP7YyllKcd22XJDobDv0k8cNzDNdeoO8eWwdIkFo6GO0LMK8i1GxIaKxQr9yAHkIcJrUkShg19iDDPFmIp7OYRtsCVAAiRwoO4WhLnvhVBH2j7HZrqvqslwto6hLw5uMGy84LCP08OzgBCVhw914J5vE3Z5LGkFHqma7czevJb+Ts8A6xD0L8Umvsw=='),
(1630, 6, 1, 7, 'Forzada', '2013-03-22 08:41:24', '11116f81b4b8eeabc010692501dda8694ca44f0b7889483752bed97a102af1af', 'hsNpvqjTdGRf7xrajXXDtYvt3kAwj4lwDLT1cQp3ZZpfIteFk+CWXaR6/vj9DEY/69uNERvlY22BGsLV/vr1A4PM4cKthDmUW6Senk197BYBDPQ5A+Gn4b43UE47Xp3vzdGQSMMRS9iaRIbmn4g/86OXCGup5u8VADSGC8w3lDzt81pnTSHEze2aTJKRRG55A0dOFbI+xM2nlqyCjznwtA3MGs9Rna82CmkAAD8BDF1Q6eD97wtnw8j4W+Y5PBmk0GRFb6cmUFalBLHJB3RKSjSx9BMq52a2C4HZagcB/FV57+8Ir7V/RjvHWRyuqA2X3EFt1MeFSSchon3IXMiKIA=='),
(1631, 5, 1, 12, '', '2013-03-22 08:41:25', '6c7abd1b7faec99887150baf05e2ded11eb6c0cb59db3b375a3c755eb8df4e47', 'Xilji1yWxCHk/TYzfWrJhhZnRwap4kx0ZBzy+lgHJZoN7lejNRdbWutO6UHcMCI9R2g2oZj5cHyaaCOBp/8sXwAmTTEh68K9iHXzGmhQtmXHLDwh4W9m6YmNop0h4a0KTRWv9ledhapc+cnt0nB/W2727+Yo0G4vqCyQJeh5XeSxPD5YW/xOQKxKgQPR8amn57QguzpDjF2zgQSZp8jTHq/Sa3PEi1gw6zfjlBt+Tpad/lbAbqNdYqKQa3DR96dA2dudITfHeKQEpcbFL0TKCKyqxd03uvDfSRBYF3R9VI2OZb/yhqDonhXHNs5fK2qxAuGcUmwKyvyCznmQmBWL4A=='),
(1632, 6, 1, 7, 'Forzada', '2013-03-22 08:44:15', '81275e73ce8654ea1ae88438527b2b11500ff6685f20ebf572c7530b5b2003a0', 'YvWcxmfoX4zEqtXad6VSvbNBDO+7U4VrQXsJ3keD/+ZiXrqj8pIZ+7L3pcDzc6+HdZgE+7TOmIvP5wzHCf/tATNDc3eGenv85651JYlW9JTNv10hHBg8fYPGi2q4hf1b6dyBcPT681vk3B5tDs7gawkFN+pxm8Tr5WqCAR78Gc945PT/jU7slTswzHHQL+AsXKmaMriAU+JRc7OAUARbHAiSE10vzzTKwvN7HY16Oh1r8mj7Ozuw01nqetHpuc2Ef98S6QuYKMstk6UdOakUbl+HzcUKnmOmX9AqZarumXBMBoIpf31NV3uV/9bCoC+3abJga9j4bNn1QdN7FBWPug=='),
(1633, 5, 1, 12, '', '2013-03-22 08:44:16', '9445ffae8da7235714014eb23f832825d2b2251d68cffefda0b0bbc2d0b27385', 'UdUJKO32eZVq8Pukv6Jh0ASAHL1jNCh7hrTmia79UDpHdw+1m1Sid9ODiSQFaZMN9uzc4rI4hsVUFdtEfmUQIe8qsYMRIyL5IF9VCN7c4890SPvW4+D5zY2KurUTRaPoXlvkEVYuP0ztabF3nUUUSPyu3oxIukQsCGGB4YB1zwnFKdbiowga8IQP5WpbNFjMnJogTnMbFsxVTIWF5ffjYhYvAuwl85OyXpKx9UudZh1jB7niIkVT116dI6rMSsEKEm5+sEtgNMTs8wBQEde3ooxhKoxvXGO9ZJ0sSXuuDrDcNcQoIA8lqTR5jh/hNhmdA1NB9b4CvlzsyTpRJVmHUA=='),
(1634, 6, 1, 7, 'Forzada', '2013-03-22 08:46:37', '6c606ad08a10bfd1c3c9272918a1f983a2263be0243e089913eb13e7506d12fd', 'iooADlTMnoKICWSW1wA5FVqfVlP5AinDYsdLuaTtXj8Xf/VtoCe332hnEMhhw8jlEUy+RCjJ9SDGRDS36WRhW6EUj6YJcoE9k+k+Whx8guHTQet2PKNGyfNYiyF/t3gnIJq/lp57M0+9Naa9Z8xH/HNDAjJ6qa+8z15x61Zb33qPLufOQcNXW0s33WjaxuSY1xAlgMI2qJKt7qDoRVgiorWoUck4WuaKSc99ujRCG0NG8w9loJkwzBrf4X0HVWPZlA0oB2rz5eucjZ8MkgI8iiqePw3GmD2AfUBrOoWqltGabAqr4XHW3er/wfosEcsjutCqsUaHZdsIRxDQqw9HVA=='),
(1635, 5, 1, 12, '', '2013-03-22 08:46:38', '8bcdcf511466b2ea5dbdeb41cc5fa07c3bdf4ae54f25fab810f2251a4dcf7c34', 'c4QF5bdOFIckAYO0ZWPJoyNsj0tjb9nvacNvMoHDXz0VCZV5fvKolkmE8X9Uj3UPLQdgjPcgyrZFjiPO/VX1KUdrj6clZka+1GhrTClPaOXwP/I3cU+d5v+X0Fs21z2f7XY3+UKjmcV7y3549dkVUc16ogJFbFa4Bx3h4tqqnvihfpL/CzErVmywhR6jAZfKasSzDAPUrLrgUPZQqaw2d4AGSF2Boz6bdYcB4S1Xv73iW3JNXKJNNDGdZTdFwPZWZ1kRW/BnJ2gpqzr81YYt7qgue+xGt62XqXqVbCSbGLeBVp4oKEXJbEVq0RvV5oGH3lG+m/8eifZtNLbvRkG5cg=='),
(1637, 2, 1, 51, '', '2013-03-22 08:50:24', '68990131e2be50399e2cea9aaa27eab087b6531007997fd66b7a64476324d880', 'eV7na7VmYH3Y8y1Uf9ZujnbEguh7QLO7kaC7Pu0JnCWyBNu5M28q/6kLLwHvWVAIeu7R7DepjSC76LVc96a/Bu/COMgr/0rlPxoyE0+D54JcWkQcK3wHWjs9iYggpMiQ9g9X3E354fx87JfGLk2/6TPNoaYcr+uTG1CVndMedYvMBtUYdPL37JEUcoL7sYqrislJsqvTFiSe47TG3hYBAel7ADdAsyhcT8zA39m92BbvXF7Z7rMofH+ZxWZIiuzwZAOxjWUVImmUN58CVEqFXO81Nvw7kS3ydnlsOqKZeF4B06G2UI+D/A5DmsW0qQotliWmAqkHG23sw1ytjwBXYA=='),
(1638, 2, 1, 37, '', '2013-03-22 08:52:25', '7b405e297cda355547e9884fd1b4ce78ec113822026f5ce56f414755f9c98687', 'fZJA27AIMa3q/cJWvNf574wD0Q2Q7L/svIsTW07A7EhiOZaSVIiPXxI6iVDd3AIVHLoQR2T7o2B8NBbfcYobduvyGHVUzPGInzcBWJnkAs3cTE0Tr47LRJlPA6qohnM8VEDl4HYcawRphr2UhwSHJTcUCZuj0rm9Qf33a1ir3WXirYOn+uoIFUR5rC0OG/5XfmKf9P/FAOHiOoHtOfYWMeAIUrrGo1td7L05BfsKpdnU9qGXi6GhhTILhr8NlfKbg6kIaGBr6EeubVpldgkeMnaVkQE3Y2lZNjuCvvdOB7hi5n2WRrUoh8Fy8p6uwJ1bAMb7eMU5xrbYiMEPNZ69Pg=='),
(1639, 6, 1, 7, 'Forzada', '2013-03-22 09:09:07', '8e93c454ac33ba5238eb99dd0ca2a4056e1429f62112bf2a089e96d65c6ce8bb', 'UUMsMC6s8lOaImLGCVgfUvxO1eJZVqX8CFqciZq9TfxPQL0R2bt9zMgzHu2BdzaHMMUMqdQGkgANsqen4DCZGZh/WGFcNzixI9d8sCV4PdCnPSG55/vgpVyxESClm5VLD5E4BNKLUVC3K/o6RnplOFPEP8vmm9FagAiS7GYLWHnRc4KsiSG2miVY7bzlOtQzC1o92d34tJrIThMA3vDHV2EHuLXUXXIsNIo5iRf1NFz2s5kF53lCb5VPYUhkrFV+1uwZjgnhuzAh27cm+L/0ivlYOw3ACPUy7TljYrLjwOKlYkzASicToaX6RQqTnTA7yhe8SR5uPtyiHe9WDXEADg=='),
(1640, 5, 1, 12, '', '2013-03-22 09:09:08', '7557d39b833e93e53b4329671d25256e39a52585eabe68ae57933c78605fb480', 'iUyGkmjmRtRdIgVW7jBv2i3buNwwkCTHHcchKtRK4scfJWG5uAi80su+st4CFP2Hn8L+tdYFv+xmMU+ZocIpmhtLUKyzhyvPE81ACfE2M0OuaR2vJ52yWSM/Zrb+fqp9c9Z3NwZplPuYjxBQDtK5a4zZlQRo4GMnCEAP6jnIs0uJr5Wmabq5GyGYzI9L8cNDkIfuB8BEB4L3N/LCzIDUmV3+MeceMvW0FygmtdIe84kU/tR6WLII+5q/5/Gxr1NP/ILJSe4uFrI/F4jAUZk2JQhHbA0Y6HGmUXPaWlxLPAWnoeFi5k4sv1I386F+Mu4ISxEXl16o1WHX81Nr8czlrQ=='),
(1641, 6, 1, 7, 'Forzada', '2013-03-22 09:16:09', 'ef9822b91edaa0ff1ae2222744f25d1bd57de3ef2cab557c877564a899d4a90f', 'fakjaK5S5cooggT4E8g+dOcFpKFIz3nEUk06uGx/1xOeBuJSRKq9iBeuu2NcZ85DErNiBiAWMTQTh+NuDdQ6vbzibXVbek/u6QfvVkWwenaGsjmqIzZwvmx2iRBLofR/zwIRSfhDo1zTfBn0ZVFE27WWswlVNsoWC9iC5AS1zFnoWBt6qCryL7urK3TzFql5ZGPKU3w9g1EiFObL9/SD/cIYaC9JoK0FAWUILP3zEgGgl/2BnNR/VTzbdH/YoclI1nZRqXAVrQfNQQfVfsOn5R0jmeGXg5IItqSZy8ykpn/mbZi7rd2dQvIJTvG4xRVpQWV+jtOq1fdZqeHbH1lbpA=='),
(1642, 5, 1, 12, '', '2013-03-22 09:16:10', '085e9884bb53a5d12d0c70361c8bd42abd6ec535305dd92853da6ca578bc54c5', 'YQ7FQpOuEOkhcP9xBTfBm9xsESGAcIXkI32+R3337lJG2YJxJ5m8OartBSlmc9P2gRnLfsvX0n+VBaq0uApti0dk25ohQDDvTPqAAYNSaJ1hgvSK4z6cVwtHn95zh3Ge4rg/c6zOXw0XtF1+iqnlZKAl/+jcnQN2eZ5rzn2+Tcz2HkWKJoOREcQiSAUfQaqKg305SzHQdzVP47SDHIfjtM/cFkiTXKTDw5Cptizqvi6ZDtYsi1Pa/lZsKVuJusPZjMtTRhsw/RsvhnXmD5h1jJsam7CCiOdAHS2T4bzFdUgbi0cQ4JY6G8q3z687orzMw/tZ1akm2xMK1tvq6kAA2w=='),
(1643, 5, 1, 12, '', '2013-03-22 09:36:49', '3cc7e42a2310f5f346941addbd9241117a63ddf3c2653dd6527eeb1ae6534aa7', 'sAIR0nStJcVVjc+XDkDyPf7YFaVUCzbIiWju76Xg30oK19b8RulpjDpkOpls2W6EXu9VOPUV14hEBF1hRsmDUx1yu1/Irn2cnHD0GQFUApVY4529FPKcgp7QJ0MraSdG/qTTkTzcRSpLVWvWqqwLM79VO0NxcDWnJ9NSZqpvSVIt3U8LvLOZhN7eP4DBC9AgnM/JoKdEBrqwdV1+y/41HGM05gO97wz56RYglSyYXEtfJTZfwPkJvpnhWF7lJgZQIvGHIdNVHPRp0qlY0WqqxbrMf3d/fOoRh1Ljtq1DpghT6g1zjaIx7H+a8l+9Uco2JqRDfWcGucWV9WSzAUSsaw=='),
(1644, 6, 1, 7, '', '2013-03-22 09:37:46', 'e6890a557098c82b3906d89f88bb1783e843f742c3cb896ea47d2001798cc861', 'Npv/NomzTDJw5rckeSqRDhcwtM5UqEIAsTqmugOJ1/9HXHVridR4N2bzr1dbgGtjIGKQUDzW182AyEv6ygI4qUBXoseS4L5MeMG9hYhh7+4x6AZnKXiTINX9Kuoa8Y4NMcWvWlCIG6LK5QH6rKsvvCaOdquPrHvoAUmdM5ZQ3FUbyTw6g/PcoSI77V2fg76jOZLVs/dWVYpMRcFSsOi9iKhEzuTGQXr+XCcgwdvEMaGjt5cau808DUyl3RRkcYGe6dA/+At3S0DuuriN2IGDcqkltc0mRGQqBubBD+oT/bg1VMER7YiYPwlJ7l/0Om0QQQcRuuBR+CPY+2Q74wL19g=='),
(1645, 5, 1, 12, '', '2013-03-23 11:07:10', 'f3a90989dd8c543079eececc8e0ff606638f0fec745cc8030f98544011d673f1', 'oT/xp1MUi+/7bu0Q6esBesHasAoqACxeTRgqRZySGTY2O55yYXgGWKxyjmfwwYO5X0OWfhjKxqLzVOChh/8Q0RCEGiB5sLIOO07RQrvXhy0DVTXNi/8VUujMmlC3Smddq8ITksbRiQ4+DpQ36qta9ARBGPrEwoMoKwnejEizFKkJLC5hJMbpuZNzrx3aKDDJ1iSU+u36aeVbYPsSf0/xizKlQ0jCAoqwrF/uT09/+A72ronJiDEBqkf4Z0DLQtwMqTfj4GU/S88w5nmBWGftkY48rGswuh2pWCtpIuc7ZrCbuZdm94hLBeMUWL4HgAIzdO74RhqO9wIe1zEYPiD6Yg=='),
(1646, 6, 1, 7, '', '2013-03-23 11:08:23', 'dac8236deeab4722a4fa15a31bfebc3a6410c455d94cea61891ad602efc774cb', 'OaxxDkf/f5A0Fm9MzSY3LRelgdLGaHMRW0+wrIN06EFDxbqFEpQNacVfDtW9QpuLaKHMdythV8ER6zxXDNUL1dkMgpFKshmpr/03jAQqFgndk3gAJzdZVTYrH706zm9jk6VoMGFDD6ZEViaWBmS6ALlP6tBFHZu6Qcc4s/9QuM2wtwODdgIjvc7FKRwr0uK4xLTxXIAtfluYS0DTvB3sUycDFNVxc8QPEM6A+x+o7mVve1aMgDtvrrLRecjsixi+HqJjKaPqKDBK5v+lZvaUw/LAZxT4RDypc7et2rvesEXq3mqZafMXoaCExA2LpWHpBiopeMHLIggciGbjaoLHMA=='),
(1647, 5, 1, 12, '', '2013-03-23 08:46:25', 'a3b9772d6aeca39f152f5c9eec175328c3a2a12121afa2a6af7e73647842951e', 'JEO9eJoiPK0jcPeLN0rRUwGd5SGUnqBdc35jvUzT1yh3GfSNb13uspZ32sSRTBTIikM8eLfKKca+YKvPeubYAZqaB+N8YTrrNfFU5+wtcgEIqMKyGOfpyS3cvSNd6ICl6On57clJOUXSRotlV1YRVCfgoQ+9Q1bhFgiowpd0RqyDH7FRFxnS4IXTMsybsqyiSwRaz3aGaW1nSebjxV1kjyank3adacdhSfCXqIlAmK4JOyxzImRtpM73vyfX+Su6M6+TgQKTzaL72rF1zJvBvxGwSb4L8fQ9joxebHNAKgLdBOVWufURcBjUcEnsKfrm1B1+2vbVeq1s7a0jOYZooQ=='),
(1648, 6, 1, 7, '', '2013-03-23 08:48:35', '6ba3ad7714728a9dc0cdbb2d92fa9236f5314a4198c2642c89281826cedf6496', 'st9lWOjEggcZx64dCa5j2hO/I0iU5K2dHSVosnmtB2fpmx1n6pZOATbSozMFNBzMD0N5MmsO0HjvAq8GnkpikZnVBf0bp+Tj5Fa/PXeyQ0P5J+uw3mI8QgNAgw05oMXpYiZ446zS+sqA+kOBfqRjnFEB5bN5uFpjvJDAGaGKC2KGXdLFe9NxxgH8TjlNDgObSmkDf+4wOpwqPjOGcrZJr11bapqcC5W/KL/jKZdeXpt6U9EB0RB6MF+8Omtjyi9AhcC4Qmih3JxkKaw5rLiYC+pNL9tojwgtLU9+8fUTgu3kcKqPXafX7N4z5yEzGDJt6EnIr0vyjveCQ4iIvm8xBQ=='),
(1649, 5, 1, 12, '', '2013-03-24 11:06:54', '9b9d31f1f94f94f8c336a3b36f701237cb1876481f861f2bfc73a9332cc13536', 'I4h61XaSpYLKV7UN0Lv2KE8iyAQ+F5drfFspmOkgts9kxQWbhTnYwdNM69sD2f/JgJJnqQpN3BEvO5+EspFwTX+Uem1YSkq5DUeoo9Ez1UkpVcaOUd3lTxnCqt3/086AlyVGvsbOZ6sieZMiKqfazquEK8o4TyG3ua7RCEUAjOQJT3JqFsjbAZ1MfXnE9jzl/Qb9cTX4X1ATpze//AQobzbXoiDEAW+U0b68sf5ylEuOp0qqwYvTsY213iKeRbgTvx4LuqgTnlHkyg3wwteXwETni//I6HRKRQP3dVLgbOnTUlokbbc9pFgA8q2VdmdoWhV8VzpA21vtPRZN/Zxaig=='),
(1650, 2, 1, 51, '', '2013-03-24 11:08:29', '637a17ffaefaf909dcf5a0ba5d9648eab57b7f0f9b8af1c8d55733ef04b62e2b', 'Bt3tabAhP8uRXiCQfFO8YR+2NBRX8O9N3hNwmnshTjX73qoUS89gGH4edQpVo5cWr9rn6sI6ZdgcOnvdDReSIJKQfjjI9RYbCvsz5C8dyxGCpASjJlj15MiirIPGHwJTuEyHNw/FmFdXh+/vRDBPj32ZJO1eE/4q/cNA3J7hPyy7ljwI9LZeov8BbWbC6qjOf2h3JLxRItiHli4+S2BDB3Pd7kON20G3+xr5aOqTkci0HsW62CmN5Mj/aEqva53ISZyFsWdrbEE9M6l5+28HAMw7o60iv8O7TiWS7BptUiBD2knoyq+AjT9YKbBvf0gK40tGwN3mk/IsP8sXWUnMsw=='),
(1651, 1, 1, 98, '', '2013-03-24 11:14:55', '38618e64a3014274f8af5a61a27bd342e6fb4dba41609afe6dcee35da023ad72', 'uTVCepyR6HgaeXBPO/9LhaEWLneFN4urSxjYKL0l+rHraJfp+2kEJMJyexkLVsUkt35Yvvql0AFagRNOYjw9THCizL5IAt2Zd7a3/syxJQGlZrf/yO0j+FV87RvLDNF95qOF132wmPRG/s6zwE0liRV6WGVWyk38F3IfdRIxOrkFmozL7h+YFUpBp7IuHCW5NIWzfXc6QVxmjpSyKZKngP4rdb3w9UGJxWAkxnu0LNgE1oebdgocP5FKzmoPEf+Nu/mrxYCV9+xaCsVuHNOarpIj8a73sL6YqpLL79Xo50Fqv/JAiz8vOamITeY2DyZBnNphlqNVTcHwn1NYLnBTKA=='),
(1652, 2, 1, 98, '', '2013-03-24 11:14:55', '83e4bccd54fde055c188812c74239777a6b60fd618beac841bbd9fb7051d92da', 'lkY1paJoIb8YIDAzIdYNXLh9V2DkKX8YB62TRwUoRaRT1iwyvddvIMu8HCYuSFIiVL17XXHfqgXWSF/VmrAMA+Y+gOp7fckmAZZ/gdPqJKXTmKBVk0KWgV5SwR1rXRB9g8lpL+Mf6fWCzRWRbbBhp/EXTsd/Xx3l48/aIgjfQMRK+DlDvI1KKBF5ULvBEVkMgfdxsjVKReD7k2m/F5Kl4+zQrTn9o/AG0l/tAB5BrKOY8YKCjjIJfbyH2AUxc1EHhkEt2V2fF4GDOvtB0op/CpJUR3Czd8TnP2wnZ2uz4M2xmfMRreY7bEOe5ycLIgkEdrrOvLI/uUWJruw1iq0p3Q=='),
(1653, 1, 1, 98, '', '2013-03-24 11:19:10', '45c8cb70e88d09c6ad2d135e4b689ab5f4c3c6eed0ac8676ea5cc312fa24f6fe', 'hyLKCEArnOB2JJ0XqNcPYYV4re4UMWBTyh9MQATZsPmYY0SI3X2CpmDNBJ3M3Xzbvv5/TmxUqN4AzsOO67EFSFSMOMOStzaR6WZ1fJD7xpTh6oeTsndw/SklfeN9UEEzTsXm6O+SD/4l3JteLLDYKqfU7aXtTmO6b8P+K0yizEivF20DKkpS/HfbmlvHpxiAKkElPyjbrjknqNx6b2J9yWJPBd0A8CHYRlTrPIMZb0fREMRErvqIy5MQs7BiKN6XIFgEizyLmtduw+B8tzrxbxh+ngiynmlbQE9c/fLX2TN6efP4oluVqK6yv1gnLdCdoZE3c1uk+1r5wKtmlhz/dA=='),
(1654, 2, 1, 98, '', '2013-03-24 11:19:11', '52600230fe234cc550d74885c31402acd445fbb2108ce6ffe9bd54a0751abeea', 'DAXiPETI0HY2+2sn2cU6Rqpivgr7QvbuJXhHKvHpB0jBQQGIvjh+krV+w1+hM20ekvjaFZzKpCfAv0VpRzmkqbrvqV4k6lJyLcp78zZiLmv01eFOJJaL2OwOr9QN9Vh5BtBMmtmx54CPc+QcwqUqDxkz8rEAvXSJq7fppuQ6qXOLc6e5GjWOZqi/DV224gVAmASiVQhagBXxC3Sb+SImOBEc9b+hVXJMv57iyzlfLrPMaprX1/vwpMmIJzCvBj+wQH0tz4GgK9epmqWtqEH1JduHtoV57ePHksbtP0BqPsGfB9BTsN8vSNy7733yk61vxUXRAtW1W67/Ren9pezzXg=='),
(1655, 1, 1, 98, '', '2013-03-24 11:19:44', 'e9c7ae31ed6b97bb24d2219419186cf9973c5f95c433f6710271e8b5ec02e121', 'RDa1gaK1PD//gLMLkGJ0Ke3/GFE8mF6gnQMFyoKQyQ+z9hqlRcNErTYgXl+vvWL96eEzFr+KDcn5CMrJ0wDqOTVl2LpXUyM0cUdB8vMtskfLHgApMUAGy3QVyB5VYjJwTfjFpU9bTdtq2IEk+zcUFLq4IUCYWtU5inNPmzRn3WvpE0WipwMzYSJliysS34voifRYpkcr++er0JSxMvFJ/nkT5d3dLSM2f2075xSDSF8cSdppKBDBZLmXOAW453kaQ+rs1ru13BH/KEnHOeEhSMHHeamh5cqIgcytW0B7gejcjqdtZDpFFUk8ARTnaJ4M/dgqw0Qn+dBqE0b/0RnBKw=='),
(1656, 2, 1, 98, '', '2013-03-24 11:19:45', '4c87bbd3da0cb0723b40f5fcbf3344cbff886675a632f8aec92f0c8ce57ac953', 'Ao7WIkwKOYu4PIfm4st/F5GJoP2ReaSDONV/8eA5E9PlsYXfx05f8pCa3h5R7Kvutb3PSKLiBeONVT1pq2G0LP4WeTc7IaKcZ0pi06ju8EXG+qxKbif0QoFay930IAHlGPsZ8Jb2Bqi0zE4XCLk36UhwY2aAfji8/dQrpxsGsV8lFo8wfTGvQ8SRQtsxsraSS78NasFZcz8ROTspwqi0Ka4e7+LpNI64TPTyj2n0CKl7rIX+usGtYQEbTcxAi0nWkC8gX2+WU+gZTETiiIogQAeC741Gxh7LYPpN1drZeTT2UW7vTuyjtTGNCe7kseFl9XGY2rKU/Qf+6rkGqfcCOg=='),
(1657, 6, 1, 7, '', '2013-03-24 11:22:19', '7da8f5b0232ce9c9b7eb38342c8c978997e42e4be38e01a9b73c3fd66c9ae46a', 'bl3LBl5aDgHJf5TvCHJXyZtbKx+4WfAtefRxA0V/ocp9GWIELiN31FwxdLP2RltBJJPL0hgv1H6Ok6Dl3+V/ADA1ppKK0lr7LRlAXheRv1RHrOSPQ/J0eRfZyJzxYkdnc8xIdYnaLWBq1S0mfnLfAFfu4I72JD31S6bWKZA5q8g9hZ6xkIIHfsuMHd5MfEmBtcnctO6KUcRzKG/0LaqwO6OSeCllLXXoOyK4cavKjOvM+dN+YLQ1KW0PXUoR9hIQf+fB8MA9X/Q4BMaotERCXByfWj0mouo881kiRMnvPITS14raGzxxUNXPS+ZBYXlWIHYi3vFRoFE2vkeVmZR9zw=='),
(1658, 5, 1, 12, '', '2013-03-24 01:06:43', '45a772f775ac1e34fa2d1ddb3e54d20cc2d42c15548dcec11af04b1e7e67e302', 'QqWDmz8xbh63MrVUo/b1dG70u/dZglGUtD6rHO+++7OBksITaPepWTRq9kiKFBIWCGs/XyBUYUnNBx7iXwkCPmcCao3boE/pC0WSxEY6YMKhvgwsIsK+w2UaXym/I/IcbR1thWP60dv5/K1cfVL+UKmR2X4oHHXwgBF08KmMT+6/DX24ItRLPVZf3XZSiTf+wKwCkHLjkWjOYRLwv/gWSnJiOx9+c3r7Nhzt4LL6KcwQvep0/awC5zLqSu48SeMRFHrYspOMrymjakuvMyCXe7/vRRCZZEJq6HgucX38jFIidnxk1zKlV/boWg3FiiaOfZ+sOdK8UIyl5vZX9RfKsw=='),
(1659, 6, 1, 7, 'Forzada', '2013-03-24 01:16:17', 'c701924454a2a38d3d0ae9c7361930d67118a4c1e700ed6418d03cdd8a9b0ffd', 'T5Nq64odlnVddd/EZGW+MEDZC/hhyFadtAW4WE1F0oFU4SnTpXD95a2pc84prpfq+eV3x/6HpU4fXdnURDJwGsuB6Fx0vL6B5VZ4+XfjbD2wU3qDAV4z0j4orloPbgzDFewC8UVDZ0HsL1ygcKSDHXQHrPcR4qMxrqjS7VFA2mzV0keqzdm6IujSHyS2hASvf0FqABSs20EhI8zisbOyjaUTrM00OnRWojrhpce1DlEs7Bl7yyrZvJSUGvpG7rc2Fkw/DPImlbZorfRh7NOleXGLX2iq/XxwUUm8haecauzJFPaZ7FS4TrG3azfj8HKLZbOoX7CyH4dA59lPHl92Gw=='),
(1660, 5, 1, 12, '', '2013-03-24 01:16:19', 'd5fff135139fd3bd001dc3479579887928e654fbd38ca943277f50b39d1ba8b2', 'nCFVYlVf6QfUF2IpG9qSPIgUbmwIJ/ygLJXBbXBtgMBS/fS4Tja5JSjY2pzl3AHZ1ncIuu8V5QPPt8MxvW5ruOSojIoFX+SwAyAkwruYzAr5QUJ6e9q8YcGFhZ6MGG3UkvwFVECz+4qDcO9kinpnsg+qBKL9XQLAVJwMX9usKvfr8dYRITpkLIqTIU+kDU2Usx1q4dKSoRuL4RbZ7P3oBi1Y67vNA6wXhAxHB+Oh4mxBRL42I2/OgaSDX5DOyXcprpinJx1CjBMz0V4/E+6T8rhaiAqvT2qj82NjSlcrxi86NBfMcK5Ia+M2nxaD8QFqPjMVtho46cEb7lWnnx4xYQ=='),
(1661, 6, 1, 7, 'Forzada', '2013-03-24 01:16:42', '973c637791cdd980e8928d471933380cc90ef8fed69fa520ff481d5320fd0276', 'kbl4GPMT74bLL58jfgRtIA3cOMUmfi0hDAt3aLR5AsAzT395gZc3cBv3tAteMtH9ix2YOFvx/gLiRDjAkbAmJoIvx/Vj6wYwBhrICH7OH70cmQ6y1jUkPUXNsg0Y3GlkyilGEveZNIoCGpq6smqy0e8/LvIfgfx1Hhf/hChVllGr7nUuPcVBrnFpK0+pkjL+7J0WtJp1ftK75V4lY9KNRLkYuG2i1QCwmWbW0lOngYQp0xjB0Tz4PaRsp4CPIp3ZKOOfCg9AzJuHOovAkYP3Zkbns7ujCs2qIhIpg+S2ndTm6JRAo2NFCoowRinHglG3oaJuNc9evDA3NQPGB9Shmw=='),
(1662, 5, 1, 12, '', '2013-03-24 01:16:43', '275ac2f980f86c038105e66869dce51f3ed2dcfc0b8f9b25a6e3d745db71c961', 'jSYSkdxCmFLt4FfmtCntYX0/qtFatCjwQA+QVRCcXmqpt0S6JJb+9kftNrKhGnYw2iVnHBBJC6Oqa7pWiWJx/MN3Gg8Zor8jnjTQWU4tNHB79uX4KdiPJRKnbPoMEnidepiTtISRfjuzyoFyD2DuKOQ6VKINbfjd+ScDoj0Xwvm/rkO19/w40VCcnbRewR7IKvwHu7g+5RvmMuwCWM9cwWo7ib7vPZUJhGIbEoiih0mz2fj7dm+VG5rMNlHyBdjYpAymvYYnYMg4nJz78kBy5a7pVQsVQst4GneZGLhQW/rTC93WFQSyMejGC/oo6CpaCk4MirHLz5UYab4KQPIgIg=='),
(1663, 6, 1, 7, 'Forzada', '2013-03-24 01:19:36', '9cf4cc8ce3f1abc3e0ddeece46d2bb79e4286f325d4c9299a50ad95cead89136', 'W9NrzOz32gifegf3bUjOfaFF8GofO/SXBrtZAXXIXvvAzoWbtqjAYDvSCzSjSMPWEdImjh54PAgNHzSxqH0QAlx+1Lc0mcuId0qu7XOWRtsOwm5ygA+jB5oZHE3IvOJjIwwwIpR4BSZwSaEQ4E4crZZ+4QBJx2OSyuweslQI851tNeXSPNnyVx8QdIJj7x1M4jnIHi/G8DfpVJrQwV+h9L2gT04xQx527q98kwFWZOYDSciN6dZjZWjuHiTIL/qUfcRwvB4SL00/g35b6Y7RWgymbBSWDKe4v0FXgjs5WGCv9UJs8/YW7KSx0Ht4cpiz9JcLc5r2qFfAGhC3kWTGTw=='),
(1664, 5, 1, 12, '', '2013-03-24 01:19:37', '87f4ee4b3eb6892fb3fd68dd2b77e7111240167517ec2496d7b52bc18f07d613', 'fZ94hjR9UTgH+ghG50dOL0az3e2N/e9zwXGWevJZPkjZ/428iSIxl1FFxH5nl0g3osHpZkRqWXQicAZFR44F78kevSr4CEFYV65SD4eGz3UtxwI7MlM+hPVG671v4LDMBOZi5SeGl1EhJqzZ9LePq3B1MVXVgh6ZSikTJSCnb1bzflTQ60jNu30aldUnQiJpjCAyg4zBYZFyrnpAGjA5d7uhoAuoUk3meHvXzofJIeTKV+3whDsFHd2QPmcUSIJOgNNeJjbkhNx4ELdZPd/U8VAsEUD+3l/fwjd1A7HYGpY/vw3W4Kba9HdxmFLurZMWx9pizCaK1szlM7g1G/wltA=='),
(1665, 6, 1, 7, 'Forzada', '2013-03-24 01:20:10', 'bd976087fe4d482d98d3ae432b029730dbff8a755fe959c105f8f6c48fdf7549', 'SKzlKOq7BtaYENpvDCh8x1MUOQMcu4nEBm6B9nT+J8uoi4PqnV4eLn9tqMUEy+Bb7TGh73Om+Af/oMR3oy6lU3KIvE+kqhEPYutkZZ4hwZyv869+x6UALIcTG3AtTDzfZR+msla2VY46HPv1EzZG2y0oboBjDYJR34wEZAwyLp0UB9o3hKLl1sEApQWLD6gKNqz1/8WIkxcmLk7IqJBNFWOdC30uwqX/7DMRN9gxF1muhCZwjRnlAOZJloD2wYE+HyVjxNc27n091ltLFaYr7dSnk6tUwsuTBcp3W6TesboXBJ9uroaJ1m8tix8WjxdlppbAMCCvAjmH6LrVu8Fxhg=='),
(1666, 5, 1, 12, '', '2013-03-24 01:20:11', 'fbd553f6a7280d0ed314dba77eead3372fe92046f4e5752cdd6a6ee08a6e2a13', 'PcGcXvXehCKoT7lT48zxCQRBhWFlD54zNxQQof15BMuomwGK/XYnMcuDvb9SA6L+UPjw6U0fGtgt7Q9MQMSocuPTLc+n+HFXrR0M0td4zRTzSts0BI0W33gU04t2kRUga+FE2ZMrv13885YmOECBE9Yt5qfl8om+cAaUNcyuL2Nr6orzTq0EHkXHsm0RXaXK5u+kfvuoz8h5DR1ApZa88owwB+TItfXC20ofv966k4q3QkopM4jAenu41FFJLgzL+9dkmz+FWSos5xezy5nON2T5kY3ydDZOEs5AeE8vKdZDRIn5R1YfdPojrwfWLP33+KlGwSia6aWWnCUXOV4IuA=='),
(1667, 6, 1, 7, 'Forzada', '2013-03-24 01:24:43', 'cea1d03c8454046e8d3f98f424cee19fefd646d002d89f8f5c61940dbbed93d8', 'Uz13UvxEkveWGNTeNSfOtoUvBzFWux0aSAlmTNFss2ROuXjB6HoEyhIUhck82Z1iSzkanJ/CEhtSNgaleuSKc2eQLaaxaqhbKBxMEvuLUvBUg7DajIdXJpWMIJ1IUBfuF/+Lrq2de3zJT3hb8zCDchV5XKj8//VyjXdojwucbNJO7/MxqzbpRenq6r7e8Gr3Jou4O08gbsmPNKb8OMw5n6qVr/ZlTfC7dcTrfF3EqIqUfKd7iSrlh9yELryDc4XaqO35CEYH8AlNuDabO+5qLN8I+dBrFaVLcLIMQJyGv5/EWTM2BUm9ZRRDvq2J9kKfWxwKyoVVsMK9rxQFw2NoHQ=='),
(1668, 5, 1, 12, '', '2013-03-24 01:24:45', 'f0147ca32c066cf03d20126ac16146e437a74b2a8888ebf487ce7d89375249f1', 'mLiGhsI10m02ofpOX6NruZcyoY2pOlRL13/gqNufTaKds5ni2XtSiH5l5wk/et+qJefPFs+Vbma3JjbjlI8uygQHpnn+tXuZvOXuQsepUkbURF5yj8GKW7psFomZWppcTywiDtkln/g99gAWvYVaFOBUohYd285bwCHqRkhQ6veQKngHh1iAN1nTw1b2y5aaENiL4uobPN7vGyVASsDrsP9dQqL0bGu1sgj2HZzidtWK1Pz4YZgHPP7OXDjV2vdcaK8thaixtI+CQARGDoJE/uzDejtoIWaWjTJm+sTxq83qP1lfgZrOxG2cnyqn+9xUhn6BzFi/7v1hrLE4KSCTwg=='),
(1669, 6, 1, 7, 'Forzada', '2013-03-24 01:25:40', '5aeef412db0c90c42fea44331f14af3408a74cc485b1fb0eff5c58dfd0e1033b', 'mHBF+GnitoCLuepBmmBVRMj9jfwrHEZznT+mplwpnqKAFNxIS/8mRcBno6QVaq8rJccjyTuZZhES/llgkENM0fSmWOYsb7iv3cUkcwl4+eWi1pwYOK5wJCNLEqKiyrNuFCCW33mI78KMwbrJUi5xXjN20GC0EIwbeUvZfbJ0h2ZW2fEX5eggLcpvrHLPtgrNiMTntvjMUeU4nCTT86LD4lhZN6vVfcy6VqgRtYjT/z8HwjmxQxjV+tmVz/rCqal925NauL9oJr1CJ1/4dxyvPYIxZxNHhWAaR6f4lWuQd9YUNQZFuUJO4TO0QOoJmARIdxbG1lIBsMjS0yqVHn4QpQ=='),
(1670, 5, 1, 12, '', '2013-03-24 01:25:42', '2d76160b8f774e5441c98a9942d738a3bd84050f80157bcb7492979058d5c2aa', 'YQ+R3mnxFCjvwdBcYf2N9yOmilIH0MuRD6dcD+PhLv5w5WvL3X8dOtMqMMXox6+glajfeGRkk37RejAuIV2T4n6L3wHxAZYtGtpRZ1bRB2/1We+qZb0izdp3DjlxlmvDzdTlYe1dG2JSOQnkkUdGC8o8UIxlKzIm9u+OcMUXPrD0flWxDGAZ5jnA9Diug/LdUcUBaEjH9Ht/zDWAzitrpVTrApxB26REDE1gtZLAa00+4TimRHMhL/XMepNtY/OxCOuHXTr/7DqpoLIfUxxaoEANPLdkbFVn6g4qgpGzI4yoZLRCqvZgGYS66Uv6IhKxRv2gtmCsysgsZwWwiLQYIA=='),
(1671, 6, 1, 7, 'Forzada', '2013-03-24 01:26:25', 'c9ea25a5126d863d39288c3b5ea9a045263e1df749d1d82e4aa0b6db37818acd', 'hiEp4osY6d/6z6IZdHlw654ma94Hvg8UuvdHF73K9ML2teAfsD8jQZWUSNkjRfx8CwBw13tfkE6rVWR8GlrBaSQXCm790RpeqccONQRiQg0WoKLo2Etia3oeukVnfSin2yAszSJwbjeAMVekOPVrMVOR/rA2tcRFI2jk/6Si/2WQWwIpp7GtSfQa+o21dQpfXeKopceqRkkob6aE96oorneqQu+psUv0oDENiPce+uxqaUGbAkcLBJDZAqDS3fIAFVtsGxM8R3m5/l3u5XyCo2JjbGnSnUgolc7WHdqLSUsUiKdaZa5xLDSI97ZVR+5kwGb+Rd93iPc0QV3tcuhfkg=='),
(1672, 5, 1, 12, '', '2013-03-24 01:26:27', 'a40bd9fe0a16535812694ce429f473c544f8be469051c0de59f8965c1eaae389', 'i9S7ltRD+8HH6wiMvZn6a4PHWtHJ/1/PB6ETgUKUmKSgsjuKmpwYF+poN9mbeZJrqH8WaQi7TMi0CqZACeLYZ7GGL57mlu3bMQv5sBXSenwU2+MQFUsqXOdwXmf09dOmRyqC50ji1zx5DDr4CXb6S+VxuneS6cSSArna2QO3cCIPrA7J2BJjjPP+k3CH5SrCYpRwnp8WNnFUeitBd74zElh6hVrf5I9VuQT/w06QWzpe9QHrICAQ7f8qAKLnGsb0+P9fgiDTYkLdHeue9c21onc7Y5JRnot437DjRRQq1BvXiyqpaCIGiZSDNnfrycog6g/vxACWlwA2+5sYVOpx3A=='),
(1673, 6, 1, 7, 'Forzada', '2013-03-24 01:39:50', 'cd1414e8649971a85a97b48b1e1dbce312520f4dcba1725a491bf9e9214f6f4a', 'Lr7UrF4Up4ZNd3fQQfbpTSbb6RzFN20/U/udKiw0IFgJvnO5IMLTL3P+aMayIf/UnsQ5gJwtR5Wl18pMY6t3IxN8tgY3NK265KH8+DvUH1c0uPrlEKB+Q1Tvf1LxlZmMC7Datbq2zTUipNa7FX8jTPNtVJyDU3wcBwMQtB78n/EtsbD1nRkDiMuwJcI7gS58JHDmSV5TXke7DGJHZj4C9mVB2OXhz7xr8jsfkIkLejcHKrvh3GwTaqTuF8ZKWxFXOdNVZUmjoll6jFFR/5r/hG/rh5iakCkcZY009U9RnTE9NJUdVgdi1m+5H8oT21d+Iq+RFRnuJQOFov5OafhUQA=='),
(1674, 5, 1, 12, '', '2013-03-24 01:39:52', '5a904699eb0eb913c55cf9a531d63635472ec10c91d536c8c9fd483b59507f83', 'uKdEb60F7xDaNgrpzKW61cXFXPDCchckEomh+7ZYt3JUFJpsjWPzmQOF1ItYVi9HidO81+7RmHEdOpn3YnN+kHIMJ6AxKsOW+47QPOnU9b7VGI+usz2S+tZP+ts04dLK6osVJ+sdMNL03IVpM6WrID3cMGmitGA3dbzsv54/fEv5cNZbPlGUfs3MXw6+HGH9Bs1qSWrO7RDPVq6svkaDbXFJhc+vh+eglvxhiNgfW7qJWksoC9s1ami015ttC/AO01KNDcpHuJew/Wesl5+0SatBXs462r0QsI5/PKKRyysaC+0geSRmYliWGn/nQSz40eZ5dSU4nqVNs9zKYTDlpQ=='),
(1675, 6, 1, 7, 'Forzada', '2013-03-24 01:58:08', '22355bc917c9d039ecb81776964bda0421300980dbbc1ed5f57761bcd4e729f5', 'W1LlpI8OidEn+ubvPHOIcPx9fiyYBd8FVlFftyvnHWolRNIlMAhtu+Pq0Bj6qUJVYjN6fsX2dpzhA32jUE14+aZl/5eI+SUW6axJIdT+fSWQoh+I/6fXqrlmVRnoVwo3oEEoWDwud/Qfxq0KloBdCYNs4tZm7E4RrMsYaC1UE+6chsdzB7k7aQqVLC4agUMmi0mzXzZzsgnpb0n12puMvh5Plzjn2tcU7zzxhjU/kD3ZL+IAUJknvGhjFf14LEaa/O03gtCFOYpOQjdozgaJ9fo+noqOPUfNI+mzEjVzW3erRYdlGlfHtnbjU4Ry2aYeN/Sp0fdv5IEESexnGXc3qg==');
INSERT INTO `auditoria` (`idauditoria`, `idaccionauditable`, `idusuario`, `idmodulo`, `descripcion`, `fecha`, `hash`, `firma`) VALUES
(1676, 5, 1, 12, '', '2013-03-24 01:58:09', 'c26f84f5f95968d2c0bdf656056ceeebd7853c019ed889264b686be59ef8c97a', 'HcqEAU3obotZVKcYe0kSEro4TQrrXqN3A8QATwcDqR0taEt551m+vTWt8x6i5DhyaeA43WqgXUONn+xlfLzANfShZT9NFsgN4uKMC/zaGcAJyZbV2oF1J07Q+w8m7lGcMxHkmsXZtvRRLGXYHSXqM4O+AIXXqmRb+SwL4CCquCgUJMiz+AqWCB6Ui0/eK48IFT4TNa2zjN7OXU0Jg5O6T7QmRtX7gjwlgt1TB9R3OyTENu0SR3FAK2Ei/bWJzMfPdO4tDck8rBstJIjuii5EknYs+2UnRFm7fnOfWq6Cn+V1aJRlAmGS45QfbSfk20bG/C61KZKqSrAXMpmO49SQ6A=='),
(1677, 2, 1, 8, '', '2013-03-24 01:59:36', 'e9108fb49a2d2a07d5a687e732fc614a07b2c9b88bb53dc9fc2ae8b67eaf491a', 'ZMerNioNMucvoxiRe3V4aKCs3J7jHr5Qaup9pRTcq9d05ZeZ021m7wCMCh0NZlO1zJyOBe394TMZjkJkeb5sw3bW8NAAQa8wnX11cn2ZSYzpRI5JEGJo89JaVIytzrVgmULFh580BZ8GlzKcgeB8v6GObg7m5RtIrv5G4kZVmP7w07WA0FUpLnPX++5HSj2HOANU07m2PJNOMYyZVZZqdt3uTMT7a6om/uSxvPyicCVxre7Rn67CcsCr+HRAmuitl3NsnFuSwtNP6T3lwsNIalNOSJum75r3qKLR4CcF/IMxFSWSdKy/M2YsK2J94QKxS74xbQssKAhOOy7uPkgZhw=='),
(1678, 6, 1, 7, '', '2013-03-24 02:05:23', '4a970aa86ce76e25d75695c3c79adaec2effe7027ac81c9e49a052afc946f05d', 'bN12KFk2zu+VLfgIF9mwEEFnqT2UqAw5ajc4gtwfFGxs+0QqcSs5POJO6fX4SGoXp7jNfjIFKHB7M2WUzgJBVwoDSeQsan9fOrlzimVIqjY/uOtAnex4W8MscfuLavhlaPXVmyD9bUq/+OE8z/p7bKlPwdZXNWxOiJ0zLv7dnP0Rc5bYzPj2Pd1m57gpFJ1om6TdXnPyKeWgtSIa+Qjzag3kMAZZXqsL17XnYyN/YBN4S0cuQRP+kaxZhwd+puWdJUH1RWVOKYHqyxoOkfLwMqWEeW1Yzle8X9L7qfKzN9maMdnzsLHQbLvDxdCh0X5lqxKd9Z3EcCxuEfSddtRbGQ=='),
(1679, 5, 1, 12, '', '2013-03-25 03:54:32', '9be7ec50e0f28c98a10f0784042991ef0c516d2312c3e23157e4ae010efea1a3', 'EB416Konh6ebkAUgsGUMIIrC9VOgqBLZhGuF9cR4gNhWZZnI8CosPLl0PZOQDWCe6TOVtC4ZMXu85E2vAlfzXfuapQFlPISfapdTzy5Pz+Kw8EQ9jowvxvXPJu+FOCIbGH/nfuFVZuukwEu02VNasOT6RgVrDLX9n83gUAukyTapqE00AEdKLqvvVhcoHfIpIm34fFJU1MvbrMKnilKLe0HkTQZKN3EBfAGq+WSwyef68OJ8CRdeGrZlfR0bOcNW41ayNw7hfeww6HZb4mafXS9L5RYjmsni2STW2HhRzECMnQQDuboHcZ8BQe2EH6yMYAC7GbuVi9D7BrW3afSITQ=='),
(1680, 6, 1, 7, '', '2013-03-25 03:55:47', '559e570fa1e99496e1b14257f67479d6b26c1282e58076092374a78da4db4f60', 'lY5DrEUx9rcZCizvuG7nZ4d5zfjnEXnbAusiqW/f3CxyP/I+GSiipcGNVQhoE9yxnGIsbYvD619JKpKGIPmDLXAtACbQXViGEPvD/zCk6PVft8GWolMBIWlfuAnZ7C7mQtPMt1pAMowtgtB+Hidu8SPN3DNGMx0JhqUCuJrgFXkXmCjO0SYsf+Mik66MYdbKwKFW75G68om8z/hbsKqlwT7SVblTUqcY6L6XzHfweFrr3Q0hflooyAtnxoKrYt0HdVehDUz9ZfLNJ/bNnE0NWntpJRlZ8bekiU4RfKc5rg2hGeAa7cbWZux/ErGZO3KzaolSGcLW/gGcqy34OKYpLQ=='),
(1681, 5, 1, 12, '', '2013-03-25 04:18:41', '0f5fafcafe484ce06b05b8815b871d3e259b63ba5720e1f4603e1405dc7e1d86', 'nRzjKOjC033NzK0stNr11g6lva0XF5izBaMaDaDZXMF9jc2SNd5gMb47/A1uXFaRcR6wAVkSYfWH2ZNqCoeFAhEM86RzmEJ6PVkPnsRX7sqbErMRyeUGO/89tsdhNKVimL/uU2ZIDkuplp34mupvaTPRToNJxrh2C8qiqiY5/Aw02x/JGXhibhK0orkzO5sTP7ZYPfXvBSxcBGXzIcuuujFkDkixzUGIKTgmG2GL4tQGcSzh71rXVpGRRNF7MmhngcvrUjBlD7+D6VTI815UrdJXDDda/DkoHS4TTyMWBUfEDDnLneuyI33UzJQd/3dXmebRQKnTOtuVNvrS2RB++A=='),
(1682, 6, 1, 7, '', '2013-03-25 06:34:25', '0d25e6d665f2825669f76bba3e37214f654c48cbe7975bd9c039a30f095217b5', 'T31Izo+uxyoc6ZOWvDd3QKm4roBWM76m8SHuS/Miatesg9801n+DgaNusNIc0RckC60bbHeCKxLdHSF8lsG+AA91i0+r45tRZ1pwvTVc+VEUc/y/pcoVDHAovPkBp1IU0mgJ8cEaAtgwMvTTssHTVMY/lqNRagTpBBfdfXkZb7r1743Iurz53UlrxZmpEgQsQKoPaTSDZsts9jITLFb/eTPyqb4ATEd4oMYhxBOmlkr7seIGBs27nkkeAwsNsN4iWgtmw0kszDWhU0XGFZW9AiVw170WM9b6Jf4SSNgitoZq1X7jb74QH6KSgTN+chMKlVOv/c4JjqWIbkXgI5QECw=='),
(1683, 5, 1, 12, '', '2013-03-25 06:40:19', '6ef9f29a53f0436ee9a5c950cb4bad4b97c006f0e5f282173453bba1fc210762', 'H39BeIi/XAkjhMmX8jJ8isZTLAXIUVP8Mt1Q+VXBGRGhFmLZKfORZQ4jPw63Hl+beaYfKUQSC7VsJb+/acVYHOWSeEQquDyAHdGrbmGEK1ddxqBkz3q5G5O5Ea7D1mUB12HkAWPuthoDA+NijV2paRILqFFB++lmRVrtKr0lx4ZeO8pYPWE3xq1Z4s+vdDwYds0NKkfjX0aLVD/rt8+o4itezaJpJVue/g9MVBx26jmzeXYyY0RvBH7ukAfIvVReGvkFxisXE1pXDo6k2+jbC4iWL19OjrqKFqd5ZiLhxlpc/GEscD/VHOgcrUjY3NOpsp1tVncP4bA6Z2kKoh1bCA=='),
(1685, 1, 1, 98, '', '2013-03-25 06:45:11', '8173409afdb6effd865c92ce10be97d9fbc6bd12a146c08b33705fce3302a334', 'j8jHclbYW4/qGLdL4iK8QBxzk0RYyb4WJFNfFPRQMJG4lyW5mXekE6wcRYUbp2V03qXY2t1y1WksXtQxk//fGJv+piSh8u37r0+keUz835lejbpW/S7VvSR+NKd8AKZKqLEOs7haIh03tx9eclPi/aAZGfXXEXq8iYWOYH8hbdG5J3gMTGbpPymQc76v5lXYPesK9732buVSomclJualgKmiXgbPwlhzenGWLo+imVPlRT5InvU2xZEw87eduqONlk61seVdAFuep3fvIIzSq9IrBamJV6HeBnwuBNyGYzYg7ky6KEzD+Bi7ZBMx4ELEj621+8SvICMQL82BwCm9/Q=='),
(1686, 2, 1, 98, '', '2013-03-25 06:45:11', 'dbef478f89357ff8b72dc17023eaf91e7122ef33c86b888771ec8dc4925abb82', 'ZVSlg2p0qW0CbzHhbm8HBIeePDeG/LQ64I6p1iV5Ocynet+lqeyHfx9OpKcjNruA6J6+0SbA7On3M0w/WzOyrPugDA+1pZfW/3XsdWr/BvqNjItVA+D5g9bco4DmiGO4MBTfVCwKk/wnU+dPG7DMmIyfPg4uhAsvUyRJbG5iKL9U7MOXzk2r6aDUI5fbs75WIIznj5vaMk8g6vDoRhDI4nJiCcSef0qZ/MusFAHk4n1uXXY9lUAU7nO0bx9u0QHGeGpNCB66JwFPpWRQdNq9sUEDmEXZJCB+5kJhhI2blo73pEHXn71znRreJcYYQXEv+/HbkD4OFJF71tYPfF3oBg=='),
(1687, 6, 1, 7, '', '2013-03-25 07:31:57', 'af76b82bdb2c0339935d053a529df81ee1ef1edf46dffc8575008b3914b3f9ea', 'lLlfhTqOptowWBwJODua0TPstajfUs9mZUoJVdaqg+H9c1fpGcKqy6o0QlNfscwjff1ZszUuQu/W19hEj/TCBeFdegldWtx0IZ/H+ckiAA9v8twhpa3Qw/O9XPrkp2GTb/LL3azRbNY7SXUBJyj/whlHFqjx3nGw6sr0sRlug8/GHD2VvJkJjA7BCT3ksAMQvIbA8TVgoQeMN0uEKNVbGR2eOTT3F17cOxqKnweO9Nws671LpAdWPAEzI4CVUrAzDGFkiCtXyZzxOhkfDd39ObZQVXpSiWV8JQaAX2cviTm7+8TaA7UwK/wSIECyv+Hcmfr4fIRGByVWpr2GmshnHg=='),
(1688, 5, 1, 12, '', '2013-03-26 10:38:14', '2407a474fefb0ecb7585747f5ca33037181f4663a0ee8918000053e50cd4714f', 'OYZjih6RwTieVukHduoPIbMv27xc+gflDl3WUEW9cIGwJV1iBCpWy9D9UN4Wsbc2xpnK6KmO8JEnLL5gDfLdtml/w7Q/ZoESALGUR60hGJABa6XOtwadGl4DbxGhcyBti+IeBFprxr+c+b/y3ixuorXuyMP36e2vzdZd8StIr0qdX1tHc3B4bV9QhggDpxDT4N5YYy3F/DTNJiV96Qbf5REk8AR+MdfhqmP9Br18iQqv0UHeZfQaXrVFcc9uiiXTRbVOriJXAeLdFFRtUdbSO3ZhwQHlrVeVcxTbhDufX7jIVlw7aGk7Qs1PKtJBU8krJn9yBOOxtW6A1icnhEy/Xw=='),
(1689, 6, 1, 7, '', '2013-03-26 10:39:45', '7cbc26c09329223c374eeca36112a050dcd05f241656699b9cab70ef29f535a0', 'vbIY+BENtHIm0Ss5SsxDx9jaHiltMGrDAEptT7cXuaHjbAhfCs1+hKx9qPtYFX3vghQTILNUxF6TPuK8f2lp0OvJNNrDGDkGPL1RVW6exhCUAguKaDTFGM1KEafYExRP196oW3jSXq0ezIjIhB4lC0cuANPhMc03PF6HDCHBASdzeDUIPobreb+NuDhy84V2OTDPEI6NsX7S1VXqH1F5JgX+iNnq1tMuQBR8eakQB8J3ZlrApnAuSjWm87D8aZKbJfYKPkpb5q26uuJSoP5aNLkJwTmB/E5IWb80ZfHZTlReJJpsp8thH/HJ/EBuEUwBAY0ON+q7Wh+g/Sj2bUbu8w=='),
(1690, 5, 1, 12, '', '2013-04-01 02:48:00', '53ab2e8aee8b44058ea317895f37cdb6ea9435c9e06463eedf4f0154f03125b8', 'BX7XgXIDj0quCwqCLge7trgGHGHb7gjEmOCzBXh+BOUH5gvQm12nEHTZs0WPbnK+KKLG1nzNpSanGSERKmCT8ZAIrkMhG8LKAvw3Di2IHlO31HAdd+Ns4NcDpcl63+/ARjH293VXgyYIk1V7GgpJSjV3kec3IlIkGyRvSn+GbjEZ25n1MPUR54yO4qOqajsO0xtJxFFQlqoEDNcb6vkudI8b7fIvBfXGX8xEnL43YQevUlmDSfqVEZBO6RqEloo8NOg9dj+es8yQZ8WxEYLvB0wAOHGsLg6g/Mlaq+gRCZqPprrQUuR6wPAGK9Oiv0xFDdx131NLxBwtv/c9jRKzAA=='),
(1691, 2, 1, 8, '', '2013-04-01 03:05:43', '06d879229324ed307bbbecbe69dc5aba86319859c60887c85531c4776e7983d2', 'Gyuy+hnwg7uu+ZB+X1EG4ppuZZZ2cjieUknCaSIrBToghM6w985c4lVDkySQYH+WbMti7Ckdkmd+78OIWGqLApB+30kMpN1ltYrydNGYc0wCqzxvSOaW+rNPLq7iFBBFDngsufiWt7hDacbvrwrC7VJdBn1Hn9UPVmCkpg5yJkXAg8BdtfaQLhG1q3wMaQIKffa79hEqafliTUAAqAuizCvqOXWhh9hJxLbiVEvC17q83HJVJEQ/vlts0M9SmdnWa30A26PbQInPJUz5HkxrsBSST/p9/mWDaM5fPVfa2f3OOJrF49c0nw2/1j3WeMCWEK/cS3jf/trxLnzUTp1uBA=='),
(1692, 6, 1, 7, 'Forzada', '2013-04-01 03:10:02', 'f0d922cf718a9722d2ba1de7871275148eb2291b4efea2c188ec0de49909d370', 'tcpelukYQbjneU7eWGIIf2OVFwpfLe2dYNP8n/KLxGuOcN3uUYFrs9cBjpTW6WU/x4kLAHrJgebt5Dg4Fcf98VJY3pRP3xIfnTpuIGDNc11IY2eCRhDz8GkkmpfqA3IR/WdEyk63e2vjkBqa5kiQFmhM36fbiQ9fMc+LbyPNy3ghmLytN2/u3PM6tspkHsmS/k3Pk41ashoDSbcHSxMqE4O845Kusj1cJum3zb6eIuH+2dk7LhNZ4J6WHtXNlfOtjZA1G+9gSKJmFwl/9w+TWPqW1NgY7x1bj/iFX9zaEt+mNAccbmfOS2MNWc8ZgdRGvqLHfaaYmc9TL9r7Y0TCGg=='),
(1693, 5, 1, 12, '', '2013-04-01 03:10:04', 'ddb3a183be33f30051434bbe992c2d7a00df28cd699921fb8e00b45a861884a4', 'WKyZ6hx6gSPf/GupNIK0X7HXRC8GnR5O7VaAxhIvp5ypHgVAVJ4m+8XO26jF/K2ONqJUtmDruazZW01UgTs8WYqo3G0dAYMN0eCmsbxx73NzMv3VXNGNk9ML38lWux7bGdPeM+ceJrQa/3476bdy/wnuViIcpYZCUfPpLxiSbju7cyrQkRyd5d0DAUUa0YsVF4IOg6m+goZ5GlyYW2srHISGKkuXzeGIudZn1Me8cpSw0M4HeuGfJynesStpcz85MdOt3yyCVsIf3BzAKd4f+aqAiz9Wsj1rzM6trw7O0mMC0e0g2Mevt+Em7qdQaTxQ7Ldw5Sahml1dubR+60x+Fw=='),
(1694, 6, 1, 7, 'Forzada', '2013-04-01 03:15:10', '56599787bb582b2ab7e275a6f2c2e974d720f40111380b84cc139cc3a4a43293', 'uT4A6/tvF2jGiF9H4SYGsJruvScV+gGWqFAgGLG8LGZIvQ8aAldp8TLjkA4z4Fa2xxYTVb625PX14vf8l9KJEvFHOIlycDQ0qve2z0TZGIndoPJqsnfNwYYhO+1wVs83nStHSglDCvp33Z10w6GK0H0yGkz8v8+5jmC7+aOLWX1HTOQcb29raXKt8+8WpSZUYv7HviRTz18GmwybiN2tGeHrctGixOEc3ZukoXyKlRr1HA90RuAiz0TeZeKV1BVBKtYgogy0hd0FOAkzDcLwIaU6S2foHI18cNCFchKD9XJtfbELJx7YjfFqPsRE4sB4I0sLHF9D76aQoyucq4yMVg=='),
(1695, 5, 1, 12, '', '2013-04-01 03:15:12', 'fc016e61781b5d6a0eca79ceb764ed44ed30b83a7cd2c2bd01f14537ae095cb2', 'YLWr5W4Vpy2cQo4sTvoBqyC9yuaeNd3CsmeHsvNCdw0/peEeL21IJp7eQSQ1yuPsEmp0ubZxoxQ19HJLCnVjWNSTK4vtygGw5VEQ2GTHZWq810vNHI5t//KZcUkX0keWGmdAEzgeB/dUgHMOrtJXXbnc8ws7LLJECDNGg0GcnoL141O5tkxTwUSu1nxCm9L0BC6IE5GYwGE4yhlm/hzV7B/ah3CEWBQtxFtPszLiqHtjyviUYumg8nR27HYqG5FjAl29KD525bY++uuhz04LTiw15273bszcBngC3dwccZGRZY4LRc67PpGCUneLReI5g55i4EIB6m2xUUCA6cg62A=='),
(1696, 6, 1, 7, 'Forzada', '2013-04-01 03:22:58', 'cbfbf145e6dadfd713dbd72771765baed3e9cfa89acddb910a47f1314d6589b8', 'td9dXEk/BiDVJ73UI7riQAexWtoTuCr5JUBH2Gwy9BvY9HvKU+mxDSyliQvzudwoOUPXp01LGZ0DYbRELQ7GQ5XGyA1UpeCnQwMINm0SMNF7RTi1QHV8Lo6tFSX7Z+ncnr0Hdg8NMt/2Q+qL4N1su3rYoh59tiUNlBWXYk2Iv8zj8LaGGtf6prXXkcArhZTeL7An/v3dwacT/zhAT1R3aFN/No5u9+6YzU2FVFUI50IIUqHQFVwDMDU0libok8J9IF+3oCh1MAsgDuP3udAfUzOticTyIbYtHYc2aqO0BNejFFU2IYrQOdCF+18PJs56no1pVRBKbXuKnIsc8IcfXg=='),
(1697, 5, 1, 12, '', '2013-04-01 03:22:59', '401854014b7169e70cf988159c8b2a2f85982cf5a3278df9644aac5fddf5236b', 'YIMLFQTGrpvhmCdJFr7oendJaz9573J6yqyL2jUxRDuAKWOKgbG6mx3q6fYzHfeyJ3anJN3ajiIcfd3+uiCgLQ0cGGRHR/VhxCB7QuLhBWXC5uhhvqp0E3WN8PTuO57vsvXXr1RF/4hjigmQad1Q4+u18REjc1SuB49HNCuQJ6xUxYkMRdwtr3E8BBCN/2Cs7jjDkvCL+ySSY1mj8q+qRt4HwAAA+lUu3yjCh0GbBvTa5XWTZWN9gU+IgHGxIqOuwyKSTDnedBMet7Iv2UT7xKywjvndctyFjemxH/kb4w7CEO7q8AsfbjvqpbgRhSo7y7UciQOX+kqGBmMzvLhw3A=='),
(1698, 6, 1, 7, 'Forzada', '2013-04-01 03:33:19', '9c401bec164e883f61dec6d04c8336e0ed1f53e588d7b5286d94dedcc3e78ecb', 'Fua6aMTWV7aVXg6DdqtMoK9vTPc/mfSzSKzixPqRZCvi9lCvGjaUEYxFmCGnfYOdkQRBTN5aNk8kCjEF0QIznvrPQtbL5hw9keLUBzI6DG29uSe8yMiX/apnW1foUDW0Pgp8JhVFsN25ZOapywdxA2UQEe3g8ppFcpAIHuVedn7R+JQlvullJU65lE3M6yoSq4Wrhb0o+0lsjFnYRi0f2IPi2HdC8X1b99AC5nMpOvTF4qfMC05V8KDSuVcfNkFusMEsXJRSrNxA/wQh7Z5qGosMMhbIHINpwqkaO9Sh+G8I5Y8O3ehg7t3mcNmrLZ3TO69Swdu2QlH7wYdmjkpVyg=='),
(1699, 5, 1, 12, '', '2013-04-01 03:33:20', 'daba9c4bc21fc37de7dae7725e4d07da9e9e988f4c138dec0625db1c5090765c', 'ZVBwueCjsr/+1c34Z+iT8VZMkTHkVMBt8+v1+zCQP+d4yOD53rjr+IgIG5pBOPccs58x2pdW6vvyYg1KCHjXBL+MQx//4kMr/z7kdjgAIQ+tJJcD2CgKwsARZdStkmFhUHoZS2ZHvGQhCfTqE8YUgiOr63MxiZOsj0mdiUv8OyTdc1z0Qdu4PmfU6Q9pFZuSMispO2/tHtJfmUfz+OYTowpmbmGEuKCujms8TjvcFXbqDSgSjf2LGhWmTZLFetMQ0tm0e7dKm4mguF29paInpZfIpRLWoaVz2A9EfFDrJnmRzKshItnbrVPyHtJAtbLyAsL6iig6goDVDM/1Jzii5w=='),
(1700, 6, 1, 7, 'Forzada', '2013-04-01 03:35:55', '70522f686ab51515ca56e5bb2788b55153f15edbc30c9631291a516917afa9e8', 'bM7IALrbJNb+5+qIYzMAjF7FSIWMXUScCS9U9BoypUHg/XAm/UDS8t5SUZLzcbdmICmbJ0n8ckl5+obtt7NG2zao9MfJMBt99vFNfI67E9LcgIldaeCbuN1m9yg6AFUCKz+7RwHZyKFHoWwaOtCSBrFB/1BIMscFd6/QCRvrOPBo7eRfdSj6Ggv/7lL3fTgeOh7RCjlt9WeG9Gt1P9b8RJdzaw/H5eAyZ7dA0e+mHwX5RdQNkJEC24iTsXAyi8wX3d3DzTb7dh1UBuyYGak46cSzwCitVUhQy4U7bc9fgetPbAVGYp8e3daNSoAum14oOiPDjMEpDRjsGLB5IThXxw=='),
(1701, 5, 1, 12, '', '2013-04-01 03:35:56', 'ee27825b31697257fa09c9eac7525079e858b055affbffb02c2da722dbfa3499', 'szFHAjcw1zi3t44DXwltbdJENJnW+KDFlcHp7PEG6pb0ooMRRwHorG9VU8P7J7hXxMq3WSNBmso9KOLWHr2Bv0vJtXQUtaUlVdnY9/HFpx60uuCMdENGqpSFYFS2cSjt5/ccnbcZhddGvfbn554KLbcX2SzUkaVsJ/IpsF2YnofAcXoQEQ/9Bm75HCPoBId6zXLIM6kS9A9LZHPr/CMvI9yhh1X7jy9W+nTsCYEhKEu1j6/k8jxK45LmMOHsA/+xX8aniXqtWYd6CLmODvDRLtkiI8RgCsFUI2fcPj2lVWU3yujGzdcj/3tiJ7e/EzpvBJ+0oDwmZJlT327ugnuDTw=='),
(1702, 6, 1, 7, 'Forzada', '2013-04-01 03:36:42', '42a07a46d04b67f2336e9267fcdada9825687a80ddf320a8683ab444e6f18d77', 'c9ao1qjUnhjicGls30Qk/k+/fRVaM8AndzKGKqpM7Qkt18RG4ySpF68qcwLPTTYi5L80aDRaUX2n/E9YYSHQ7y64WOM69Cq4i/K/+YhmxYLms9mv5aVZ1FQ9Cq4Xvu6vhCtAlZtAk5r5ncMDwKche34F7icOnZuB7O8pu9BY4cIA6II7WMHI0my75O1w/4kjG9XeQircxoM3gsX6eUQYeZoNEDXFP1QSJbcofPVny+JAlgsJJhZYFTIhROoYVIN0J0yrI7Y2H1SZurEFnADytqBwR6yEC67267oGKN3eI0QK/1cniiaWVsS90U3iAwXZZoxzFQ3XCisnrxlBFBqkFw=='),
(1703, 5, 1, 12, '', '2013-04-01 03:36:43', 'e6021756ca1d048d67f824c20551f52a9d51b232d98a60bb1884c537ab65c66c', 'WuZri7bpnUIffFaJh2W0mR03moTZWrOn7Z8av1t4w+kTmiClJJIyE3ZkLAq+lRIkiINIrz/5l4xMqhFSg/ZvIQ2r3BIvo4uXTKICUrrs3MuzDQDif8H3LJ4HTzGcKm93q6Mbldse71bv2JE2VkzXLahfBNUVOKwlpWyRZiBom/cGepHkqLZLOflqZgHkIxD0L1smIz8mFxvd9xGt60BdKb4huBCHlzu9zQYocv77GpmvFANaG2v55j7ua9bIw7U+102xWj9jcyog1CckAuJaENFTSvM87Nbb0toai4As61gnpWCtXglQxHamfK/cTyuxjIsZ3RgSiabjheHBJlrX+g=='),
(1704, 6, 1, 7, 'Forzada', '2013-04-01 03:37:48', '5e918911a2122d9a87d37c2ec2d9b79e238531e4b59fc63bed1bacf14101eb7d', 'g00TuhDiOEs8tUcZnWR1HqvmKkqsMZf/DdT5PW6g9oX91UJ0DwRn8VY/FV+Ol+e+6eOySUY9QvvCH3V8J8dhgantOSBdjkvKUwBJCdbr6I0rKJErvUJ7CvMmSqnjO90Vver8PHdOcElDIa0Xc0Rs4xTz+7EPvxKXWBkOOCtHcg31rO5MUQaw2ouCQ7IGcxMFEUsz3I+SxLXmqsjoAW0ObSHNsxqBtRO4F5PAzrCtV/0JQdkOCN7Th8C6hcXUiIRlam4pgTePR+YkJM7zMOhVuwZK8AehGR6sYmVI9p5TsKmEOdDOSJI+K29fcxquA7He1lclSDic0llZ946x6q03Zw=='),
(1705, 5, 1, 12, '', '2013-04-01 03:37:49', 'c9e7b4d4132ac94920cbc8204fbc403df151d1f7ddad6360177ecf044449ec07', 'kZ/Ddk3IzuP0jX+i8vDkoY4pUmdro8gzmQnae2hQf4T26ATik0XzKHxLGdBuJYgv3dlde8/JI8ljXoLsuUtWIEMLkFISxSjgYkQO7x4n58OPcpNqT+AW9+tuECyETNXlUOmMDhdpdVuHV0C5iy+PauNew3PFM+ONAYHuEDKDc89Aq/6H88LG+HTGboBLjEJaAL0NBPW988qUlaTcICL6Bbkqafh5sRYkM5unE03NSQIb4jaluNa68Ejn5Vhd1D7r4Vstp2Ht7vK02416N4tsMsdHYZOdh4pD3SZPJMJAYpsRRWEasJtZ6BDA2RXty2TS64XOcFQAHG93hK5n4ggOnA=='),
(1706, 6, 1, 7, 'Forzada', '2013-04-01 03:46:33', '29db6ce48ea7d40291c345ddea696a05050a0d3784146c90733526bd9407d6f3', 'UocL7Pe4PVbHHC86ylJ4QHEYO2cHvpYScd3UcCxr6gh2PuIy2ngPEiDHPFjRIIM/EXCFLNpx0+ZLrgXGvkxfgQUbRCCLeacFHMvYniWyYnSVjuAxX2zYQRm0b/Au5nNA2OjkAmSc90ZUUCyWVTgJo8huv7b7pwAdp+/w2fSap9IJqVJfmL/FQxyiKz5h6V1IoH326JmHygqpK/rXL+VBVAnNHZpY+PAVDdEf8Y7wtUQfUHKtn9L6IwgdMVyOQhYYGaMxl/n3dx9WYrL49Y9486gSnKXTtsgRhuipODMkGyijFXQqUWIYD4YithoU89Ti/i4zFE3HkC1cxO7GA4cFUA=='),
(1707, 5, 1, 12, '', '2013-04-01 03:46:34', '52556656f46e2b9212c6e009076b688953d04548a8a478d7b461bab6142b7508', 'S1j6ExMh4/QnlHZgOb51gMXBpVVEVjh1L4mDwjPVe9vWhEo/DjZG8NINJeOyT+ka3iIQgvggOwCjoKcw6qALMW47Q5q/vqW50SmJ4LY5pXY6PrhfNkMM4Uts7WbIyE7v4i5JZ2mrB87NLEBvAnkdBUMR79wCS+TAJAtvavqlgIjbZAGRQ3CmIpFI8xnv0IwXVaHHLiKRLBYKS59GKc3GZOQrGnohvQjX9gKev9+hQxrkZatVAIOBzXWUoxscSvEW4J7pzmEHBm1yPTofvOAxkdw4CMOjtyNVgL8eEz9CiX0OUZ6ge1Qvl5S/dPmdLx0iKgQoisquzT1XLCyBaiA3Rw=='),
(1708, 6, 1, 7, 'Forzada', '2013-04-01 03:47:17', '5db50a744681c7248c34f76c484b4e30a1d5cc9045b981ad66c7820e86207b03', 'bnhkyAUSWyE1wMRQdhOw8/yVdU69p2IGZM+7Om9FZelfDsj6Y+dgFJNj8rrCZNRfboD2kR4ln0qFvZ7bfX0VsPwsTlcdDlSTHIRhULVoHGYqivlADZO0GUk0gCPj4AVzN4yZAs2m9+jIqPIp3Or61jDokcAHQiKVi3AEwDrT60CZGHgm4l6/UTde2ZM0ZvhE3nugLWds+IYoktOD0baYmguizHsW3HPRifzALNnBU6A4hsWXpnPQugvtD69DVsO424PnnSi59nwONYD+D1OpymYTf4wpZOWP9+aOVbHjL6Ci8WhQP5IMIXs+Z2UGP7LvEMJ5iOdf0JKEWoBpIlujvg=='),
(1709, 5, 1, 12, '', '2013-04-01 03:47:18', 'ac4c8a3bb748e15641102e5bbc76151006dcaba14f852edb4d91ef77025842a0', 'p8pAWcqXmL2V3rG68uTgfHEU6NQmfL6vbV+8X/Exk1+aX0x7tDxakdUPRMWwJ6g5jM5DmpL6qEmtL2ZoFkajZYMXf2VJmrs0BisqLWi3Zn+NgcTpHecOw9clOROAMAcRfX5uLplnuN45wAOY72HZDwyATqOZ4yPEhGC3L0Szk71prR0JwltGOeGsj9fbt+halF2E18IjTMW+CJVv8/eV1obxJwZ2UGpFgDlBdzaMgDmIozUScmzNG/jQSKChdfBcT2JSCnieoZTmpJQTsOdalwE/m2oaifNXn8wNrTtVPk3DA26rtuwvm+prXy1MLvjt8NJ6Ps7Qe32zGN3olUB9QA=='),
(1710, 6, 1, 7, 'Forzada', '2013-04-01 03:51:25', 'b861bd7690abd3fd2e641b8ed1ef4f8ac43270ce94d4d39372706b4ffad8583f', 'KOzA/jfQIYbiGgefI+j2aimUT9Y9dUAonX1bzDPPWiT3HYplZn0dVg6PQCTHmPXnfWT1sgowadFaxF/Fsu9zX8Au58oMfY+AgyLNJ9LinPaEHJ0nTSujQ105WGCTVxyQG7eugyGUXfCO1+qEDBsYThtLfncoq5uwpdjhQ6fP11cD8lEiIRBgToDpZ+EgjBM7TnMaAQaQvbEFeXHp1Lm1pZrfL3MCx3m83uBvRQJY6pfjtSyUcUNE6wazMONYFI2pQmBeTTmmhq1x8UFrSDhlnQ8qFmQrNpP6lGojG8d0W5oo/GyAhgEXufhZnaPmMnLsPTtkfi2Ri3+q1pTYQFr5AQ=='),
(1711, 5, 1, 12, '', '2013-04-01 03:51:26', '71e6c4fed5f292555fb2947c249020d1ed83c192c91d01a29b3e8aebbf2ef57c', 'D8JFILTtwdVl+PzGB3ISaVpQ7pJZERDTtlsRB94KOzT0qSpjBSjadOqEuxrIwi41f+6M2j/oGkv6xrOFjZSMy2DRgGMEHHWDKYSC33ZhDvanFpggf8cPLliCO/TjDI4E/0qytDV8Lnic+ndQ2HjhgzrQckSaFFhIrG4OBP/H/JUbK1qRxIkEsI/OPxKmxKIcs/j0SYmdpMV+Ude6vgVqKcaE/bcZUjeWWnSMfDPVldOtMR9XydJLscNZVby40S3PwN8dJ4d5wUP1qvhte2b+fNAhUWa9P5zHBmxzH2OPtmB89gCjo6TG2kAGJlE8fRdkW8d8OH2cYWRY1YuRxl8TXg=='),
(1712, 6, 1, 7, 'Forzada', '2013-04-01 03:52:04', '22d8f3b345c82c767942186496d0d816e23acefed300722c53cdab5cb220c0d8', 'cwYvvrC9E9FhLZIRZetG3XnDSjGzEV1TipPqCxfAeBb8oVu0DRs8N6P1/yrWPWl9xfdxGO2DV7p4VRGFWxYkxoQPlWm1JqVjvshVr/KMSJ1gRyQaoSERVOL0FCVd1bPsChCU6dMTr5sf9TO/y6I0qlerY+CoEe7LVI0kBy5NI5dVMDLkmO5g9F7MJ+mGAAfNFVrdLt5QGJnLvF5mVk/4d7OiHDubCk9CinjA3tOaFVJaY6ALi7lGq8EA7GQwOGSPe51ZL/i+XCkuMzrOEKyaCwBhRTXsUUxlNj9HTHz5/a6qHLxyQNqx1H0aoCzGn2UqJGIt24eRiaX4nS/dTxm71Q=='),
(1713, 5, 1, 12, '', '2013-04-01 03:52:05', '71b20d4014b04afeafc70c3d48f0ab6297b079eec74cb141ebe6b474ef18acb9', 'mDDoNivMqP3qy3XHBgT0XExXg2/EQ723COHNdW0UGGuMrE7TCa4R9P1dlRTq2pLcZCrJTOXauJUgtnoDztelWMwSV7xt9tTwu87eQjcFuiCVo0ymyJ00GsE+yWBI4Pr2m6Fq70HLRcwWIE4cV1mZUGeNpCZBZy+hyYaYPtYrcQmhGngiBVFKHudcJlGdTdbdZnvj7VR16WYNIefhgetWJUSZLDZyMy5GgyNlCtxl3TMsVrEE822BzB3WdY44vMg4RZRMuYQ/h61DnZNITYOx9yQqpzrfdrHvz/noxUs0FrVGhL1AIFkBRJlsvrfe7tz7QITt4ODp5SFNQAbvQFWv2Q=='),
(1714, 6, 1, 7, 'Forzada', '2013-04-01 03:52:33', 'a0991d2107bff2d51878f4bc15b229fb4b16d0a67696ccb34821ab1a8c934776', 'QsG3HuJYp53YpJOfhYM9lXzd9Wgw17MkqmoAxjVv5vfclKFXxcR8QGqlBsQO127nY9WwkUFkQfH7BTDKsM5vzG0Rn07fIg4mDkzwT7FYL4XQXPnTU6H2IaJjroE7w0j4qEuFdgv/ONsjiGkTEQsa2941vdGCIGEaq+4fnusb7VPHptT2U0QxIUJn1MZhjXUCUqk3g1Jn5rv3XY8mfnuNqVoP9fxy66XC38m9doe6dKNCRSSXfAXtXDoyIj+vI7FZskXBXtQJfsiuCf9jJkg4qt4lR24bHepZRQbxG4by/0khCzK/B7J5FFB+lztt1fEXiDMbqfipVMeCnUg3xX1gIA=='),
(1715, 5, 1, 12, '', '2013-04-01 03:52:34', 'a68db5c4f5b29e804cac54a405d79e5764ac3b1a3b026f819d43861d29a1b1ff', 'PSMPbwgi3A5C3uqLW9UURuBkqZj7JBqe0WJhy0wt8fFBqhYOoj34AxHdHV3uA3dln3bIdEOo4y7yEXhMLWbqFkovWuoFPfG/j/brBC3CEwE4xfa5Bioy6GXM+kMshr/bTveL08rI1fds1iadwDtWJf0DtWcHj2V2x28G2cjpEphh5s/wXokg4LURu81e0iJ4MCdiv6si4C6jKyTBEBntcPqsaRHEhSFZ6ColO8vjs7jYQ+eNgNfWHfEZF8pIRi0LanM0759W2J2qBgogxWpKYSXdYwKX8V3pSgqskZfXBjMQbLMbdvbV9HLacRzVjmaD8a1Qi1KjXcf+kjJXC6mxAQ=='),
(1716, 6, 1, 7, 'Forzada', '2013-04-01 03:53:44', '4a59bc82085da3024b686ec9e8e6b8cb5a9b821ddcacf37e100236901a097990', 'B4FK6Ykk3FrlCDwHhPbT8zAOOx8ciY21BEn6pUcsGKEOdJNR4fEgEr+1gUul5tLsqW4JPfTZI8YvyD+C2MvbI65Mi2gPCMQ/p3vPMmzc0B+yz4CHFZK2ll1dPKUgJnd+kkTrGIWVUbMm5qHIfbL9ho30QqN85RtrqlCJtZR0vygPNAndzhgiNK38PyaC/MNW5+9VYfxs3VoyiAm1I4P/O3iEMPzJy9lSFFqBGiTKFGA3AKB9IGOYKDssmgFexEGcCr7uFA7Tdf2/tpVz4wNvwCFZu779xzmpKBjLuabZE2amGa39CUi2Nj+epf8sL3ywz8HpzUu3LsMsXW6f6Pp+Kw=='),
(1717, 5, 1, 12, '', '2013-04-01 03:53:45', 'f4df9efb58bdedec56638cc207782c820edbf02e49072afd1633adf1d6c95b51', 'VY1EpvlTb78rEASz/DajPzp2ZMSM9bEWNZnSYpoI+N4S+DErF3t0qK+aifl1jmgT1EP/FMoNK1/S5ENq2bSu01LSV7JiouTcBM9Nu+AticEiKof0Rc1ViQeQXFGiyQz5ka9EIAaohu5UnzHzzP/F0ca51mQtH8x9s2jCJYeIbEc5e+xmZ0SeMuSKzigdnMfzNen6aQjXRcpqm8spf52HBvxvNl6hRoXoHPLepnCwnxyjKSZ8Wm7NSgkplvzDIq0faYDnkUxaZagTh695L75AmLZTWaQXVRDyVOeK2xUXkb9LyvsE6d0Ta7JeGyKrXoro0F54wmlcoKWgQX2liUEyfg=='),
(1718, 6, 1, 7, 'Forzada', '2013-04-01 03:54:11', '77c12381225dcab77d33fc79e9373ac84ccd3f86db7e53fbaba44ab5d0b649e6', 'M8eFBoBDn9olxUPHfZwHLkEj8J/BLMzzW1apceIzc7FMg5VBetL3VVOeiLLOw3EuFP1V5hStND3/9DRut11km5t30Rj2rG8x5m8aaGGLZ9ASAjyzomSLwPRUHqYDZwTQFfqThSrDIOyfeV1ZqnJrjcO0wBQX434tLO5uRt1ywPAdsWHKPbgZD4qYcFrsEv3W79osTFWihHms6kXYVbduPRrsH5YtI/saz+QK8bndiGj5okFo23HiBdeY9wyikbPserJqqxwPAjsf2K5u2wf0mhqpC0fAteiXIBWL6EJpsL9QPJXqtGgVVqGByQze6JoNQAvOA0vRCkgLLARwnXCX2w=='),
(1719, 5, 1, 12, '', '2013-04-01 03:54:12', '224989fa30ab693b3319f2a7737fd3f98a9ff8109f1e64f6b1261f76bf64577f', 'Rrb8Qcg4M3Zk5tkneeqJ7JXC35eM/Px78PZbm6GzFydj09eisqae9Cxv1ly5Q96ZLZ5bQnkly/x+ibK5keQa03HDC+VOlgKEDVkfF5aQiQy+ejobQAGD1ThyDZYRwtNVbYigAlIn3MJTfmDnEhwotEPRRplBhZh38Yhr/imboi+rDyzoKta0tbWUva+WYEnhHpkZvr3MUJIcduWhwbBzCUkRqr5wxvKYqjHlVLIyT77m2dzpV5XqWmAIZ1jSvn+Gwv7F6wCqtzJ1nt52/rbVdYuz+Fcp99NSlpigkHTJWTG83mZgCJZd5OkeSWooJW3P1Yo5sLT197QCBs2gdIkFlA=='),
(1720, 5, 1, 12, '', '2013-04-01 08:13:17', '0c27cdb21f520fbdb6b2bea55b6f85785fbfa251559e4b968dfba5956934d75c', 'XbbAwZICOLnSVo7lXV1BMGVD1lzK1F2z1HvNNWVwOU6AXaZcrX4ZPU1LZjU2o6dnXhfIrozG0LNA62vZ3eZt7eB/EC829zkqJX1ADZJRdEjR7nSnk5cCooT9RTVlMPiZhRcbE+X5AKfd6L1KDDkMn7+NN58CZBVq2O7gHRpRV5FEi1rRasuka7W/QsXxI9PThLJtIUIvba1PqU5JLlilOLCDF6LH6ceYKlXPyeCsfdZi/PQQi+9Sl7fhIrDRpcPFivk+ifwDWDvNeWTkUm5vxTmrZoYizvJ20uK7pxV6+CpisW7pPzcjmqYQ9NU8zBvwBKS0xt0JtqqhYVeWJ85X+w=='),
(1721, 2, 1, 48, '', '2013-04-01 09:21:35', '07d7aab8ac9871e67f7ceb2d96f2739754b43fa6ad4d77223e2c942100e947f2', 'n8z1Zo7vZZ+qabfMIvSsLzwrF7JECPVewbYJQjN1oAh6wUna9sIevVNi7j1QY00A2exFLVBcy6EsnrrOrohSeXKbFUjaL5zxCjLKXB73URCMr+kEfr31RoODh9UsYIFbymU6kKWRzto/WheQ1JgUDhzQy/y/37eHIxK1xBoC2+XtAE+a328aOmQWDjsmfn7HopyM4Ccd30tQtkrpcy7avyuWqiitR2IFVSzqZQU29sPM3UqMOsyIZEj9jYzvITT58r6x+d9XnWIUG/3RfN0lh2oMmATevhmb5dxZRrVu9BggYrxoRNQ94BEFwgHkXKKug50b6gG06oUaCqhmnIodhQ=='),
(1722, 2, 1, 48, '', '2013-04-01 09:21:36', 'c16c18ef26a3e3fa2b561b9571389129102fa24f31f4850f2fa299099bca0ded', 'H3zhHrojgJXhiYTlXYpc/eUTAVkZ275UXVOK61qBgPKXXV+YPuUB1FTCjSATblx8pOxRjQTbhpzglTYHq7hcIjYsrF+pm+QTWnuhtDFIh/M72yg+NmTyJ3ngJDbfqiCBezIYm1hVzABQ+QevcYlFmuyZpXlMMv5QkCQMZGDLuMn7WC27ixQxReIDJSzfGlp4bN0fkvFz6TCPlkUkMtI/338EHVboyQ1s/DnYYZxGV6+A7eEVDHV95dVtRQZhHlZ53cL+ViTTEvxvW+kRhcSDFQsrSZ9/AeQbGY0Hk+XucgsKMguqM34iY8teZC0/N5atc+M7lohohk2nZQ3NyeRk+w=='),
(1723, 2, 1, 48, '', '2013-04-01 09:22:16', 'c0b071bdeb47fd5f5d3bef9bcff1a847e3a063e4f8907e6071e0f124dd215cab', 'q7ispozexmxcPOJOBNMY8f/MTczRXibHh9BM20barZeNz8s1PTGficNlgAqGeLI/hyxOB4lqwrIoBzwge1GvUOhQP7x1FZWf4OIr8rBCUBEWUq7aGNEBgBZEhUuKb2c413vIACJYY9/wIMvsj3t8EKlLoVQuLH9wYEnhaeCNoRc2YLRz3xXh7oGDfVkYs4K8dgFjsANTQV1774Q/wD8htyQxYBP3CYapGZKQnbhbX2To2D30h5rWhQKgvuYrIv642mqD+v1qvZWVsVyt+b42VA+vh8FmkWEUwtEbnF2R+k5NmdbtLggTgmCA8jXX4FUjS4ARr7jgRmJPQIk0NADnIQ=='),
(1724, 5, 1, 12, '', '2013-04-01 09:34:42', 'f6b7b33178822ccc2c6895050bf355d72c8c372a119345b3f40c3ba85b866c67', 'WK1g2gcnQ95zRNivD9eRRMpTJA6M6ABZEqdI+T8JXTcACqEKQ+Q6Ye2CsZYpDg8ApvNS79NtVr1H4ZtHSb/hVSwkh42O7P2XvL9kUw6IXg0M53X7m66R5fM80IsI7myMiPKbGGQMAFENFC9TMJOyjf/Sg/cYAgWfPUnIrXKcq8xrPhU+qgHtnB2hgCYysAKDlCaDFYf6yecSdxriYcscs4PXP9SsDjrSZX/ZN9Y5D7Cr7FwOjar1di+h6nvkK6ALT7kyK4boDDXbd0PZ0ab9jY7uncivjaK2nc7m2nH26kNYKqqNJlAB7sDxzixjRCMV1mDPlH0VdfqAYNIIGaLQWw=='),
(1725, 5, 1, 12, '', '2013-04-01 09:35:29', '5258a52dcb11ede422c012a6158532806b91df469f588c9efaa945f9c0269cd4', 'RFwiflLPY1SQyxjShL5U0W3R06Ie5Zw8fr4f1YZKJPeRCwB2IlHzDNhyM6jK0FRQBHfSBRsBsVoXlv8GOvVBhQe1LlQ4eYbVwdjj7c6A8jrc56Ky9wA7UK+XIIjhNvhmck07iLZQiR3juibcL2rFWLV/cQrp5+sbI4wTNvQNmwY81/rlWiPopMv50bIFFJ3OPgupB5YuEAtZRRV//74hEsh0DQ4yY+9J7q/Ic30rS8PFLZ8tk0q0UHrSOtXiL0hfcWXgzDVSrOaCbbdDoKeLqqqj9EedbnG6DVrL+tBWZAYZJmT4p9F8HqyPBr2flgk64xlLfvrtUj4HV7wbtDGZ8g=='),
(1728, 2, 1, 74, '', '2013-04-01 09:39:59', '994f243f616861a1574d2d722c16f37f43300302fafe4c842d292f701b95cb53', 'cGGA7VcCBzlT/UwZ9EePHeurbhF54JTBayijqiJD/TQVFGpxdB8csWSBVa7TpOGIOgS8eQNZ+zAzq/WxOI+E0mBdWJRY8SDiBbCilqit2rPDvFUNintm/vZmpokfeK44Hm2bMF+n1cPiBsHeRV2h7K3Qt7hd/Ipps0qN0qoKB2Uh9eZ0CFa0/dKnwdH+hX6HDp1v2ctGHcAls6d5hmOMi3YNAIMytYT7Fmyvv5GGTP5oOFghZpR8iT6oZMOPikROTV4F7UovhZluCCoPw0qbxstFqeQ0DL3J3z57nXwGLMYP26yd1QgiKBmpV9eLPX2JiSTwJWzSa9MNeVM04TaSxQ=='),
(1736, 1, 1, 98, '', '2013-04-01 09:46:19', '5dcdd314ae4461b5f10821b84e5decca7ab7307955bd402a524f94d0c8aae50d', 'XReo2Et5/zybx2GOHi0X7t4RC+u0GHqaJG/AlOVmMcBlop3gZBZxLW9lblKlr5YqB5uyCKbCsC0tWAGvsKWKTmz50kLU6lm5q+S2kct/MGPoZAtZCUndsg9kb3SMunH1IRrXTP1vYmZllTHH2Kw4a9dLUqFaWCiKE+ggWlDsLRMDez/UH2xNugpXUTzkA8oBV6u9zjkPNFrctPQw9mjUX3IWGtcmvNVjzWdcqSwOVya6eUwasdP7PI3sakMwPKLmhSUvE00513p21ac6Vlbg3ZjFd9gbAOT1XmYUwxNibM+QQwrkXP4ms+P6lV7BPIhtL6qatEcFnqNLYo8jiQbCeg=='),
(1737, 2, 1, 98, '', '2013-04-01 09:46:20', '0971cf8b887c63b596d8360041376260d4fa1b9407695eb64e011f49fba29e1a', 'nVLxnCTISkTkYrP3Y9IXejIhamsMGhqvh9XLsqMJ8b7nC8pVo1vTbPb32/bah0OgdH87MN2zTwmd8bcLTdJvtnDztd8A6KiudI5ChL5peaiOd8SSRZUjzeQsendMPhdNpB7fbKh+V8f2LQI4pM27GbxY+Pbwz4UsSm/1m+QA8h6bQ4iYdJW10J9I9HqhiHY3il22t+SMbqTd2KQcmNoNrU8LyM4YmQLPUx+RXVWzVqu76Kcxqxufhg44ISKCeRuveCzyPmu/1uXDlWzTlWTyRX8p+ESRr6txorxeLJHJibrVVnnAQKmgBmU6gPuVWTp50jvoaSlPmaRPeDc2wGGViw=='),
(1739, 3, 1, 89, '', '2013-04-01 09:51:05', '81420bb20eb19c182916fb57be5d0a5d70d34b4707fa28d193043fc2fc41e3e9', 'qSG46znpmZkGiWKRYbbAfniZdeQs9h6hBKevp7lkqSNe+8H//lyfWCKAgMrV82BSRmbbTSamF3nLI87yqbBnR1/mNcv17o5r+oLQ4Hu0rAb515hAAzVaMkIBAGuCHxNpWppiXq2CXgoPQxKUEVDDcNfhFoL8UeHuC5CTTd5ea8V9H5y9uOUxNHfwx+tIcXqPgmE6nc/A1dUnTCdCRm2IENyoa3G2kVFvAe4WtyD12ICpCWfcUBoTCEXiKDwFXMCHYsH6F6lkBYpCSidVbuaWY1KE0W/qkRbUBVRX9AnW/xImTJZXdLrfcNiHQzw2aLhLSuptXItA4OZ96G3Ociq5Gg=='),
(1749, 6, 1, 7, '', '2013-04-01 10:16:47', '6318da40c27824a825bbb01b2cb2c184f63274a4e5a2a48534d65a0110c64574', 'Vsu+kCSQMmmPCUGjCV8n69cEsCvdPFWM0NvO4BuIlIgdV79tl+/9F1wfUu7UG+ONNOFFAnXGMj+ZU8ygK4Rwkz0hZLzTcBMxF6vrGPI8j6I3QK0xRb12WsyAFIz5LF3iDzyoC0rj4pkvjrC/d7jzU4WlLwW9nlXswN0o29gPjStScfUyKG75OsF9hVjSR87S2BsdfKfe7NcP7/3uYN27Cp/IQvWX3e2ZgGtK3GnKBFXjDM9aBGQrXa46oTi1fJ9DiZ1g0jMeeS5nLex4DjCahjTHga97knEUvteOpN0UFUdTzCWLATa29jQT7ol52s66DzQj9awwnRa9xKqAD3nhxg=='),
(1750, 5, 1, 12, '', '2013-04-02 11:29:04', 'c2ecbc2d545dbe70f7de7d1a3c7c5c2e1134fe6a7725711f5cbf4f19f4c52f44', 'tqo/r4o0rWn561bJBjLCITxnrZBM3NXLJABWZ+46Bem7KCRFNB/3W3C1VBfK96xRL/oh4pPUXufSrCbqhxihNr1kY7WmmhzYlkw6rQjF+oOiDv94iG0ACC7BWyCji4IpSq9adb8sOJix4gGp5dKTl2Yrv0+nc8jHdAssRYAz7qE723t/JGPdQMu/16Mnvf0pSnqSWdEKuvmGpp0ZCsw0VGArLck/R+n9W++yEPsgdAHyZYsAOWcdQLcvk1wZcPk0AXZKf4165NfqLvFHHGnDrMqQAgh0Of7Lp9QhB2jo8QilyfInyxXjP2+3uPqw6LBuT70MLCa6arLGqNDiOoF2Nw=='),
(1751, 5, 1, 12, '', '2013-04-02 08:45:36', '35a8757dcf67df8198704fd0b51bb30adbcb4a5d8f7df1f98471cff4932c0ec3', 'YHT8gU1rmRreoLZyaqbPhPx0/35uHgsCI/RcDWJCWZ8tAjIJgCUZ3Pl3SCPQn9Mc68L2kFxB82zNDuWl83NfRsDEncqj4kE6LxiLxJh+nMQGmWsnBJqD6+l5boXjWlz0nqh2xg2AZfWR+RP324nv+fK3TYrYd1nWZobmcGwwyQz1ymRoYqWtqdsjOXH+zKI97/jO2WVBrpf8PTFi1iLb2L/z+2K1wWiCWtQUFO7QxbOIhZZ3C5JncVwMmxy8bvWxOxoqV04UVINQ1DI/Bxnb6GLoturemjNOJgKcEStypvGqG/W6EQpqpHXeEkfTJ+bcEYBhy63VurG3EOZeF1MW/w=='),
(1753, 5, 1, 12, '', '2013-04-03 12:59:50', '0c28af36f60d2450b5d01ccd33542738209162b2fb2881012672a69934ab33ae', 'Lzv9GMAzaeaVBSf7E8NS80bXsNfz7pjD71uyi+s7/KzUT/l/HYMwmBFr5qc2Wc/zp1eecZkOgdBBmMxe9WT7qiyzvPrxJhszSLW3bPkpBgOBBndcmkUCQrstwo7dLkHYch0f1SRxzT+tXrmF2zJ5MPEogoSeR8xEfKL9b0VFOq2HCUwmdIY3ctFeOli3GH35O6TxaGrvdynB3RHFwkCbeimcB5V8kaaLK1znr88AY4LMjM0u3uAoEIZ/o8zKxVPOQv7sRIeViHse5n+6MyOpJcDx0rtEXbBTZN8JKjSv+NrdPLO8PrDQXxm5RYx/NGt2GjSLL7gm0PnCW/+GuEZ0Mg=='),
(1755, 6, 1, 7, '', '2013-04-03 01:02:09', 'ebd360e287db6699f202eea590759d883cbe6600173f574166285a21093cad7d', 'dno03lnt+GDnO0yKf6qOfVxF0n5e7qQl/X4B/Kc4B3Sg7yUxEYiVafXFmRwBavuUC3NxRQVKMZFYOdP0LYe+6H2jzs/y5FHF55VOTuMoIsqD4ot49Z1QZhh/YRv7uIsE2ETcr40+8/n7251RtdwVvhOQzGQsSk41KaUzp358A0AXdd1Z197io/DnA8CY6cjeX/bsNOE7ot/DIJ/NXy5Bf1HoAD057L1QlT+n7Ek58izOLMjaN9Ojmw0qL1g2lAtn6UUQN8qrFc2xK1uLaNLZex4lKE+TvRFmP8FTP5ecNNf7WRTKsaoP+fmDTL/azxm5AglZtfkPqIQqpLtMxRhPTA=='),
(1756, 5, 1, 12, '', '2013-04-06 03:39:47', '3d7ec7fce45971990377b56633d6c3eb4cc6277854d4d2ed1eec6e92a80b322e', 'MYoozAZz8BuIw+tqdVIj+ETpA7ckGcg1GcEpC/Um8dgjG3+R8fXaZfsdVqix78LdE9g4j4ZQ9GnQ97JZ/Lp/UqIqIAo2HQvoGB4mXUj06WPRfVkhCzT9jvrTtK8YvBDrGd3xFZS+r2HHn1+9mfm5ccJfZpXOWKAsEbVktfpZyUjPxwtgt9NbSfGcb+WEsQjDGZ3ws0OLKUd48Fy6lubfI7N+nhzpQ4gIwVU/n7kHmGJ2qM9sNgUXBxWoWDs5y0BMvmtgnYS9h+3wN0OpqO9L68w7vhXnoodRCLaSqQqDw5ahdTnjbGaRQg5yUBE9pdkeEwLNAupRdQjnK3CBclTClg=='),
(1757, 6, 1, 7, '', '2013-04-06 03:40:06', 'bfa7403125063e342723ad85721949e5438ced4df7874f217ad3d54e347172be', 'Si2ZTPSj6NcurrO+c4UOZ2DC0wqJQKvyAfHxtsbYfAMXBUjVL2bhpPzaiEoJDEClGvvyGEzLgiGeAQImsLYx1JeyUEfc92yLqFE+/Q4Dn8DjDCFkPgOj+AAPH/lmXOWROCJT+HXAFBE1Qt5QFRoksn2YuDhBMkr+Ff/JxkxUONJRkdVUgEUaiULnsaqxv0BbdDhwS2Dr5a53vHWLwJdtu8W7Cjd4PsfeSM8u9Hm5kyy+vYqvYwmSA3ZqNMP9/25ntx/N4JBihSRzhSjlN/dQRuK+ucY4pdy5EkLeJyiJqq969mtglSiTYOQezMnmr8cGlvaYzxOscju7bcLSB23GrA=='),
(1758, 5, 1, 12, '', '2013-04-08 05:57:16', '6104db8ad271476e19b3e7cd516f14e217af159d55421edbaf7c4f46e916390d', 'Hf6yRfUu2G6rWYpCLza4m0dE4szIbFZzR9FKi8tjMvCVF7t+5IOj55weJKabYLW09Qnqu4Dljqo7GiYaihHezOucN2i5lUqAaIBv9CrTE6tOeqD8JiGKGwd7FBZwako0ls+rJK9C8GL8wHiMP7zWOPECcH/7zfU95+jWDVa3GfIpyCnMkz1vP0RCh9M5DFJkv8VLXq1pyXYUjVrHaoL9Aqikri/L8kgqsmmNWOJIHTtiHyS0s0z0Q1JddCX+8NOLqs4SwSJj9YYnFbqxto480tjSuJBb+Z91+AgDlas57vVjnH8thIXZ+3LZf50wLe79W+BcDSDgKIALWhPdOiXkbw=='),
(1759, 5, 1, 12, '', '2013-04-17 03:41:12', 'e43c2dba456a29c0d6718e36cc91135b72b37afd99a52168c980332eb857acfa', 'ACLSraTOo/lxMLLUF/Wwri3XaM/sBQWCshT5OsPo9bos2YkMsYvf/Ip1/clnYWd6mqYmiUgBCEOzIkCy8goegJ59T2M6WdntfAzrlmmvRuhzXHWNe4rQWcoJwuXeFzDrAUKKcfpQcCwWJN+3zhfLN9b1h1EUgvLu+I4zdb2RKRT2SJ1gN7mVfyDwphgKfoorqbXuyVXODGd8+9ERS06nFZrzsLP7FxrwgdzySfNJh4ZjofPCVo2uedAtlD/lKEZgcsHl8XkhYBdgSeOT5EHKsyTW1fJP3R6iX3x68DsL70TSouKuaDNmZ5F2jTanRD3l3E1cAeIucj4aoqrzDj/5Pg=='),
(1760, 6, 1, 7, 'Forzada', '2013-04-17 03:42:09', '451dc8bc7a826ccf095630d24a637bcafbdf514d203d933665820ac3956911d0', 'jzgkzKJAeZ6BWnCvGPeFixjP9WSrLh11o0VbU+sB7qLSDopBc2CjE6E78LtcbALKslrjgYiDAiyOXzM7PaePb0F5dKww3WBJb/4yOjgdj9qR/jdYtokrRJVZ/Q8ffpGqw5T7iv+4oUaH/XOKzaVYC8O8iFFia7eHbhuR9des975xXoBb/8RykY2LvxRaWDuSRj802V+GYDRFoh3n3jgIsVfhXDHwVjvgUBtTmUwBMCI/LysK01Pz3fShtv/KetLWkdnklmFkrcHlNPBUp7l81BH9T5UzkhZqDeT7prHMFbw1CnB7ideyVzD8mPDi3qY9vrfyYZfw6x8BDd3fUPJQdg=='),
(1761, 5, 1, 12, '', '2013-04-17 03:42:11', '64b4f077e07dffb54eccab0b8840bdede601758d008140944d0e74d58ef2d970', 'BM6a4T9T40zVOMNHQ15m8i6WOD3cPwXa6eVxogYKMGeWHyqcEdFe6VjQaKnNcNrqvQ0DN6oqER8OzNVxHHNcyR2TJGzyFvitPktnpBIjcXtgkWRcM8l6jq8CC8mMZO/XdBfbRvX8C8U+Pb+h3rQf5VU5OIZKLYbRpJCxkmZpX6WXR+K4MpMLulYjqm5F6+5mYea4sjqYwW1k1WLn9bVydQ0gZpu0Dkn3rHkl+WqFqkZ9fZwFzQzWkFcsWPDcp8AG5GUGpf91BpASzNgXxfD3w8hLCOL4b27Sl7Qky+M5kn+/62EspNFo7G9yaRsGZcCAguW8MJIsYlqY26KaWP6JWA=='),
(1762, 6, 1, 7, 'Forzada', '2013-04-17 03:51:24', '014c2f22d24000eaae63e2f3015e82b0a8902cb4803419b5d9f8ab32ab29dff2', 'o4gfqoDT6eyQ9aFIdEqf8EoZ+B78bmru7l1Piy6kp9B7NHdcDjKdqdocvnkbPpAHLzcDizmey74XhtPKlp9Bne6+dNdSBVxX05Kw1QksUe1ifLjB5TTHPlPn0tkYjiRmyOx+ClaOYcu5UUwLW5HnQ+tPdMs2ttfSjMfbekE7djXkmX4d0KxaH2Ybomdnlh2nWBA3ipBOrIKFlhCMBui9p3rRDK3XSoOyWDjcR1pXd53xE8xcZelB9F8m0EnQjKWUS5glzh1zxK7EOttvj/FbvZm8gLpbHt7/jImWMngsxjmaCeJOlWmrw7arEpbedQp24JUjGPuNT74/aAeSuOsMwA=='),
(1763, 5, 1, 12, '', '2013-04-17 03:51:26', '94ef9e134780ad5c3ee52428cfe3f07051af1a9dfb333edd31cf9edd5832a6da', 'Ymsvft0TEUiqD68GqKtqH/+RaizdL5yED3Cg3ZmNio898gJZLocKxGhyxTJ6NfNiJi3JT7G1KocZvpOxfPRhKCh5dmeTIZiIx07Yu2yPpXegOoemW38LT9i9cjBPPXlvX52gzKWD0fZnQiW9RyRRPYMX1DJ61AZqcmyXxfxP5P3HGQOkJxGoNx+rnvWr2t/hv+lsyy7pvt085OQLdC04JMPoDUIPoidDmv/zM29t+v0nuPzxOO4G7UzQj3H1DVqMFcJgmLSQCDCdD6+3//1vqjxUS3ADGTrEWztiz/Mi8HHhIw1DVVV5u6GilwWdRvKEoAccMkXHqBqMBVa0xp4t6w=='),
(1764, 6, 1, 7, 'Forzada', '2013-04-17 03:52:32', '7cec51274b9818b37458f20d2ce230d70eaa2526630b6426616ca3acf2e6c70e', 'OIGogiW9C3IyieJ2ApKJ18PqPf7OVV7I/E+NhZUKyP0bN0upDTkbhQThTI0I6r3UVNVlZN54rbDfpVRji4XTVmGUfiSU2ndiyhB/H5jgU1lUgEGH4p6JOnbHxug0c3e9oyyp7EIb5ePP+xV327PqHNJMfPRQf0jSw2tYod+V5UM29qmHDXuYaTB/KCs4PBVWUusyufB6LAulvlLleOJoRfoes50GdP5vr4mqoq8ryJuRGRcPaX7u3dnH0vtjowQkrs9j1Z0yNPBwKThD9akSHm5MPK9hHIQozJx4UMViRi4S2210g2giTtfOAWimZLsFJPGRTxbu9fkyOpds3nBQ5Q=='),
(1765, 5, 1, 12, '', '2013-04-17 03:52:33', '8bb2c812609113805caad345a9a2b2bf331e0f5c16c319b69457828a2fb285f5', 'EGXOLnSXvSvEbkJ4pk6dD5akxJ3tBfWb8FSxyr/1cFhRNVqJXUPq+KXEbFh+CCfgD11pPSYBOEFRQ8OlbMdO/mMcf8sY+kGKI9UsZz/iQcErIODUnz7uyshByravIK9Lor/PZGnzHF+g7WtYcsOWF5ZNXZjXdbYqozexGt9VfrMaWS+/7M7qwbeGbVYFUu03adznoZpXsDa9EEoNexM5jp2v2qMKoWxGpxVZuqG/G2urIJtW7c+kOG8NI6pN3qIn5U5ZE7jhXewXGFTNkmsHUZe/Cf9VwJ86HLoKnjPhN2gjSJZKcnKCUIIdJRiNWWjlTEaGgxiINrMCm7J1E1xw9A=='),
(1766, 6, 1, 7, 'Forzada', '2013-04-17 03:57:40', '1ae5e1cc857de507a8fa6c55df12cca8a7d9289f5ee916825859362bc4dfd5b2', 'QbwTOQYp9LqIenC00YTl75alfcJDHm4HmEvbpGqiGOYeFE+CTSHgYbYaHZODaq98Pwx2feMZKUAXGkFTaOT2/23Eg3r+q9VWGXbn6aAellUZyGCF8gLUuFFKwXoDsFPjdWcoiVCCPWbCZ11P4m/b223G0hZJ1kzRm2rqWoF7dF/V0af6kUc8S4SI6DdrOfxsgzWIeklTaUwCYkw2A1VzJsqAj2mAbqvsWrlkjwxxNJOEvMK4qwoHtHLHKOe6ijBD82FeBz+2JqEZHuoIvUqq8FEktWE7SgXVePOzBtEmaYedSSXOBW/W2ofCgWKqV+BPDTpM5ni7tbo8iI5XS8CahQ=='),
(1767, 5, 1, 12, '', '2013-04-17 04:00:07', 'af2765ab241eb2717854bb845eacacaa4f51391839533bded4697ae13ed45281', 'lpMnenhqLBs0+1wj5AlmISoDa/NLDnrju33xv+pwwbYyUbjvP7pmiMkYrkDQ0PQBZwsmg0v3G/4gmX+dKeeOYacSgkwHp2igkca1uI2WT2+xnPS2Y4JqQ4xIvLRJNvI4MpD/uEQQ0XNEhiSxH9Se0sdzVqoxByIGiJkdJ6AQlsWGTxDefvbWJ1KRyv3vPWB3Mi+xAuhpayzhnYoPBLpo66bMHwt/LUXMt9UnMAt2SjiSNp47fPSv2ET8+yhJueH7SrFwJWhEiCYoL0lqlArRo7jiNlcFPcC2Yt1LKTGcabYWxU+U7aV+xY38hs069ACkPYnW1OHRFn8tf3ZLVOa2zw=='),
(1768, 6, 1, 7, 'Forzada', '2013-04-17 04:24:17', 'e51e3d17d49ce4acba2086015162bca591ee4376451a71bf318799827866ae16', 'vGOkE4EGAtEPb0D/kmb5sDscxhIVbpwGXRx4lhuMWUs4V796eSplCmXy10JnRgLrllJhvaC3dFs56p+YGcw8/+RgPoCuMa00W2SGAPyclJXtGPIargrOAylFY9n+8FQrgoLQNqn4RrT2Ov4i2Uv1WMr9MEs99UtPg572/nUuky6ZsIRd7Id/uDDy0AyXKQLAL+yxTmB8bI27QOosSmwWZrAGGvbg7T8fpnGtmwtIeGrsif8bQx2Zi7dxS3GP2lr/RTCvj3MZRL6qtHqYyOXBK5Ov2yDi0Y7L0HcS9KLYMRjfjZmFNrssrFIBunLTjkVKbmpCQT40oMenV2AYVfBuVg=='),
(1769, 5, 1, 12, '', '2013-04-17 04:28:34', '9f9ac83acbe1c5ea0d024d2eb9faf326ef176ba03d05d7dd9adb05f99dc80d33', 'pVeaBzbvAWrjxJ7os31NTgyp+Q+eApOjjxx9xKZek+r9v7wO72AXWdBpMe7Wgooc4QUDB5HugT1DZzCLUiWdlNHw2BxT8YVz1j+L1IlBtMyG2c9ODBEHXzKnrDtRxWf2iX52RaZ5VPY1lbyMubakAmdIoPpLZ5UAMhsWJHYB7Kq4v9ksGHioxXD1aulhZo2ctkPGlUmY9oVyiYQ12V/lTDpJUreG27oWX1w8DqxwQmYaFHiTGUNE941sI6OTO/Zg4PCArDdzxSb0Z9o37Bfu61ipolfli5UMhmnVFApDU1qhhdNwYkwk0pRpGEOTI6JRYowWQVMgNgMe01plMt6cNQ=='),
(1770, 5, 1, 12, '', '2013-04-17 08:21:58', '32bf3a29089297803a512473492e7d1ddaf80918ccaa7660a911d544eef63892', 'YEchFP+1DAX0jSz2n/RGyoLXSfZJn44xa5h8vSPBjc+Y5aec1z7yiwdUrYGcdUeggsGtBlqkOUUwx3ugHbOU9CMKTUPfOoPF89aUdfHdRl+J1U151iiNwnWAaUI13YSmMsLNFVkuW67V1max8YiETBGVjnzwG1FbY8TQkgZT4DIE3o1SckcADJb2LK8keY9/y5cj45zsC6ISw4UvQJulyAT/DzRCwU3Z962NzlTv6K2pfDeJOeXBhxXQaHPlhqy+IjVDHQjza6sqgrJqWi+p5xV4Gu/DehO5MjgXMRMlQjZ+YhHLfmykHn44e7LIgX77GXRfN5wbdqtZHl5J7NJ7Kg=='),
(1771, 1, 1, 98, '', '2013-04-17 08:23:53', '53f6d85d86f450fd8399a6a8291d3a5ffe3557af16c6758bdd8d73748f2c7d3c', 'Se3zXjXj/hJPxy2+xfED2y0Zk9gzfTVh8zaARYh57avWqOXeQKAXLN0Gor8D1Vkcuvwkcr9uOkIV8GybZYXoeM3QajlRXc59jF81KBAqtU7NFjQDYPp3SOCUnposAW1ntYFs+kd+qf0LJJ3uo2OqD8vUGjaAqT3OIf7kfF4dI0tCqxvU8YsYRDUx2FoFfgqVXBIQejcqARB11y8ecqDr65R8YssDEmFX32/cZas6XntFA0el3ShQ/41yjcYMERJkVCksLD8MyipLW373bw8nxMk+oIeJiblHg4ImkVk0gfnK20xy4rsfjhwJENOW+xg7OdoNWe/BiQCD2QSw0RYHuw=='),
(1772, 2, 1, 98, '', '2013-04-17 08:23:54', '43d2a8fd36fc891d496a9c66470f17cf12e3e00988fffe75d6c4d8df296a3fe3', 'lDGhKpGx6xdJd5fh7C2P6ZpO6Xp4lEYBpBBQy0rHsgBSixq4AuPpPWmXeGk4V0J/GBYAtqZy7IotIR/MuEhKjd0zRVCFLCDaWf056Ah0II3h3rzUR8+X/Jyc+14n4nJHd3E5oMuHB2ESGbw/AZ+ppGl1UQyLXEImwb2eLPuPieMH0oUibLOC6UEs/YnbAq/LMs+31Z+pNjCmRnq6KYnupQhyU3c/rlI1HZ7wrVy7qKlj/5x8tuKFVKVhbafzSexLKbJTRmgxTU1nIyo9ZoXiqo6AEPzAqn561JpmdkiQbmomwSNmRobZoZFuQQuvwipf4/aT3mJGDc3M3LzIJquaOA=='),
(1773, 5, 1, 12, '', '2013-04-17 11:36:48', '887403aee52f9d47aeccd81ea5ce6f06070ccfd396158f68cfd9fa9537f34b8c', 'GUnlVo7btHOnaNz48ZTu8uqtuGYiChrbHVTxBXJ9+/Z3IpthWKtDQRm5/segTUHEoR2AI9EHwTrlzltWjCMx+a/Ih2tzSTvcpSNFavn34BXa3XKOFpVfy0vzwJMSrr355LKTxA9fjPZQb8r//C0mfwscgxFXhhdn3uHCM/CaurDA3qEvQoWd/gULOH5b+cvs/p6faLZ66+iZW4yAt89ZpwhZ0jbkJwYkX7Bu8K7WP4ovDQROUlgBCGFJXbl3VkTx29vygVyIdSR37q3yZjc8xSO8NqOgpoQg3O0Tc15+wy/nx8t5DUhHNT80Nks4mbOTq3l50hIAMW6EioSmdRusgw=='),
(1774, 6, 1, 7, '', '2013-04-17 11:41:58', 'd6aabf3fff099dc57a00aa14cbc990289169b18d267b3e195c50b48d9f3181db', 'DLC7nnI4WYkv5QhwNkkc+fA6Pfw5ttmB6nbRiOPMxVX4Njpnu+H5jkeSdDHD71Kx3WBXvQ07UuKBpua4PBASrfvMGUgEuvjK4/MrVqkaeFAjrBIlNqOm7y18JdoibBQcizngGNzmu7rNz/J7LrfONksIaA3/ZmnV2v4N4lXP0Zc+5qcXm8TfRw+6OCdIUMrnEgAHEIPvlaJkY2qIs81fYPXt89pmE7dC7++HfCbIDnyuDECrIJZ8803Wu+XIP9gyQQKHYiZj0YDIl/VeEcTU8r2hadDUsZgsdiHtI8my9KmimRxxatm5DmutNQykUMgTM5aDfGgvSG8qu/lHjdV8Ag=='),
(1775, 5, 10, 12, '', '2013-11-15 07:26:51', '63875c0445d113e420e9d53b83f4d3b450c50e3c79a083d532e162e7fca289b6', 'RpVEzmfIPKzZzvRGwzlG4CwUFbMrVQ1kdOjemQr5Wo6mFcWQbFmXftOJbk2kxj5T2X1AoArmThRUW/8RbZC3m94wKPAwTQcqRJlxfgxLxqkt9FXNfTO6oXFmNiwJ9aF8o+EbC+x8dWp9DGL+9SEGteeZfajeLlgR99MQvOqxntzTGoICvzjScD0QyibYKCRZXFQpm6kXOI68R7CbMRzHexJ+mU/2RAPrI8xGsaamo7aEXxAV6HgvR1hwxLq16+Ksx+V8QY4u/fIxBiyJzscOVvKyvuAPSaBdNM6k1zg3zsPc+YPHBlfmUdrN4HGsnC8AlvQZBwaiQBiwmB/mOSrPEA=='),
(1776, 6, 10, 7, '', '2013-11-15 07:28:08', '3c22ab3f57be906e5aed70411a22efe7eb703aa2d3badeba22f760dd7f8d638a', 'Ue++kl8hl3r3+wZUCAJe7GmVhDciwLxD9TkgHy5G8z6H8eTQaWGDJNyetSzt4IVHwpBVXJZP1REwEHBsqN+z8TrdJbgVy0brHeO1zAuuhZfLnivb4x7mEvp6f4lPS2weesa1sVK6I/G84D8l7LzOpn9v4dTmwgdvyquT4/whWLt420GbtQMxjb/wx6qK0+ZGBzWJb2PyBKFphSyi7v8eKGscYh+QdzeS7EW4QBmvyWOMvrQelzSN33NzC7XnMx8tri774XOJ4521q61O491Rjw/k6YGlhfu4JAyM1Xw2LEFAuPfEY4/Xn3byMcZCj6492aA62cJCbydiN9f+2Gs7dw=='),
(1777, 5, 10, 12, '', '2013-11-15 07:28:40', 'a0e2994619e711ca765fc5e03f847b0484fabfb01e63745196a9c021a0d6fcd3', 'baumvj+YhGhIq6klOg3aMpH1u8GnotSyO+tcQGiLV3P8dV0S3dOzggfx2qbZQct17LQZloAX9Tb8B5obsduLmk2581i7Pknc6ngKkFcezojwL7BajkxJPAuXjR2F4ArgxthR3EIweBC5r9p6ft0VVo1oMKReQIBZZX2IXcKXHAEHzvdNcdHQRvGVkKvh4y55cLsIghIygnnj9V6aakSxM9HqZHGsoEntSsHwm4CnNg70UMvMilbaYOoxJVaw41SQIxm6jS2y85hFdQhXgzejQeE9LWbNTyVM3LO/9lOGabfCmaUK15PMHHXc6YYNj78VPFMYYpXq2hOjIxpIq0D6IA=='),
(1778, 6, 10, 7, '', '2013-11-15 07:30:11', 'e5dbf7fb6fb588433dd92e6eb4a53d6547d0c75ef1f06c37e16c7801e1442bb3', 'YrltL36HV7bQI2vJAu7KR1/XQv65JOil/vT6HEMlZw7n+zdr/6NH7sUrWLEi8XZb6S+aA6Y2zdZpAmnrK/8ohzzK2hVnAXHfk5eTTRIRF6S4Upj2z7uX58B4J2u0Yadyj1CB7aC1tJGVeQnNLx6pS3P/dSTUAC6AlQk1g4jHN2uxJ1jYB/5uVo9g8PXRuBaFg1gsB9p/LP9JNaAqFO02LkgZ1wr935Jg+X4mnxP8vPZFav02fS5aAa8fED+MdGbUqJ4JT4p1CyLbsj6Gyg5+gWNDdtw6F0f1ak3Hm2FIKUSudLFxLade/c54KgooRVaJvAVoh8Vo7qAoRdOnw4jT/g=='),
(1779, 5, 10, 12, '', '2013-11-15 07:31:23', '63d3b1f50a6e561b9df62b88efadb9d210c586c33a221ee38d117a70116b834a', 'TpLsNFT0i+Q87GFagp1aUaKoTw4Ch328RJRXcFkLvO/I9f1sMUZa/WfrvHXlnpQNq/F6uzvchuwMPt7eF78gtW7PTSQ6GWCTqFwu6QIhyewiq7EZHLeR39dbG6mu2KzwgyvtWRbAEMiObSC2Hm5PSzN1QCmq2XyR53f6KFfLsyjU8a34nRBG3uxujBOwEGmgY2fcXNpIVzNfw2IzHH/9uizGWG57vphMBZMu67hOfR16KBDCo4gq8Rl7EpowHqsDMELKS26+tpZ8ts55W56/q+/7oALRMQ06jITxKffcYdNXVfDCyxMH5X1JUEysMpG5H/3T1YvCn7GQquMeA4XEhA=='),
(1780, 6, 10, 7, '', '2013-11-15 07:33:25', '7d61031fe912f2cf21bdbd6884ba8c91a411799c25820b06bac9c90b05d7e49b', 'oh5kkx5M2z2BXEX9ZI/e2qn5fUp4WF92DYjxRmY1qd9CTj6f0NL51YFNQ7qfihDtCGYxTWF/SjlpJRuAGqZzVeJSp5SNY6RHfRut8IwamhQQBOB0NB6CCNreyu1MB0o2+BqWgG2vjZDWVWIffzSvCD5zvO6+anZV2Exzi9134OiDjymeYzzkVWqTboeLLR/l4bcfMBV7El6Db7I3WOQFjVNLVn99pejO7Zgx903h3/OfPPj/pJF+czLFbs9e6BI1yOZAtEo85i61t76/fQKTjiRgoJptazKwkxMRqeauuzDl01D8YjrmPLzCwxQcdk2bKuWxZbxZJxrZYu3sSAQjkw=='),
(1781, 5, 10, 12, '', '2013-11-15 07:33:37', 'aaa50f87ae02a840489f6dfc7759642e241138d7ff1f18936b4e67161ffd4326', 'LbOcCZL05kgq9358ZyErRGkFwZW3A0GdIexHsCqb64MuoVMBbUtls25bChrBPQ/FtXdBvh5/lsGdDVIHcUEC4UE5Olg7uczk1HbHwf0b8MTnz0X24wuuluCPIQ5Ym/VONraCrLOTmhTAov8F4Y3jKlk6AjjqVE7CaV9o/i7PYkZNK3RPPGXGJbAuD5sQHbg4xuRW7KgrVCbe6BTMLtOBQLVoCDBBqnYqquursyMei7aXaSGqAwZ3ky0AYPoT90k60TWgcw2CmurZrA7EixcpUCrbeWWQnWgAML9/c5UfLM9WPu9eE3jcIHqZO77yVZkyY+sOg6JBxcetN8/mUuZgZw=='),
(1782, 2, 10, 40, '', '2013-11-15 07:35:41', 'af6ff2f63e236a5ae832e73dba6d478892b6021f646d8e1070657175ec689c5d', 'tEnRhiy04zNt9gCN/z+4wF7xEQVhS/K380DjQstW3cHIyAfUhsmATJyjcSwktQYjMPpM2l/+Bm54nNxCME9STgAkJ0ANx4UyGyGies6mfiIqgCeypiPK4XHHJwjVZa01QsyzRD9QZv6TDR5Zs2UlzamFnIFhJBKIRDcdLZR6rOr3qnRmhTYaq41eiUt3KhTSaUfyy5sDESyKc/OfYO2zI54S3LQ16ne22mhL6WkqLxq0dkiZT7BrW5ek5dFK/HOGxyjhOvSQVICP1gDJsmrU6HlKHdf3nkdiQ8Yxpc8Ld3GEDGlYoUEckxQBNvmD3SirlXQIxGnUPP3ab6ezAzZIqg=='),
(1783, 2, 10, 40, '', '2013-11-15 07:35:51', '71138705f7565d68d91f2130627f356cc87b6712b73fe115a6b1a69584dcef70', 'izg8l6g04SyBdHKuadXh7vbaJ9LN3gWga7wSvtQexji0gl4iejQZ8w9T6MDwyyZNzxl+OQklxVf1hOaXBE+pwEUAls6Lw8A54wQsMOB7/A62rQUWFF0dRXUG/uG+elwIyqSzpCqJ6dFiMAlTJ4QVFDouiCPmOSwUtRkwIsvfJ1lOKi31leiRqUb+dj+Hyj0QiQrzv/s1zHH+25/8/DA8CZRPHNYpMtumDosyIeICuqcI/t4xx+YYGQ/KAE+qJXEPrD1taiakIsNFN3d4r42b5Ig4yJu1bBiZsKz5cJlz1fpsIAtQ/ZvpU20EjBzUNAsgaVCk+MVersxibA1P5stfbg=='),
(1784, 2, 10, 40, '', '2013-11-15 07:35:57', '7f795b98afd1ce45ea63f9d68c0df287c1abd0b4a1865082eddc4ed04e94525d', 'FxhAEMfALLCz93YeR9FtrmmBA/9o1saLdmVQwLpL6WLqn9vikC8fBrsD3BXK27rZ7CTpYCkxesxmxcT67usmC7vkkTZFEzONn5gwUd+13TN+L/2NTHTVBs770Zix9BQGxi2+FUhm55B1FuM2FQJUHUwcZvdgu0YXkOXc8eFCmmF7cWRYWc0s42AUfWDWetnAtY5TZKlKRjzdfERPIUn8+ph96eSlonaY/0JnyGzvyErTiFCL3g8fP4K9RYhob6Yx9Aipj5Ombu+NXTLieqRLaCGvwloVEG13YImAY/uyi2fsz2Qr8w9ZKe5nvi4wa5Z6ETUFccTH9GrwSLK7xipwnw=='),
(1785, 5, 10, 12, '', '2013-11-20 07:25:23', 'b84c1e3ed29713275965e188bae0f02a4f15fc2f89dd002fa4d5e9ed3f9eb1e0', 'nmfFRoLQBh1flGlxAtrRdpL5RBv8QX7ChUgBcHQao5PLFwAWRgc/Sxgvaw/E0tRNQO2gHIAlkvN2SzBWkElWCXogOXAPABQ+RPZkrLlSXcQa1kla+oH3mRV3pwgxEu69JPzkZb2Hux+qNeFlc3TeDik6MozXEnNSFdXuWRtYYZh9/YeBvIT3g6RW/CFuvDa2Ht2MDI/MFRRpW+bO+uEoi526lFWEra5bR2zHHrkLfQFpozDiSYWysrURC2rZDDrrlbhi/VOyLCs+D77y88S78h+Q+Yx0nwoeUoR2l1TQrnc+d1RQly+IYFPCcaDs+LF+AaIL95M6j7CDvKreJjjVsg=='),
(1786, 1, 10, 48, '', '2013-11-20 07:28:17', 'f6ebe0d74ac651b0129edecad52b5f2f272fa180b41ff48866f59e887318150a', 'OALyLLASGwcrnXX+++iiv1P7mUcwvCuHRtFAi2u2c0jwn6AGxPcoKOtIGL0Aap94U7WlKyUtLg0s2O/RkmMeQeIWcEgud5gXJLwu76CiEdbt7UeYhAV24A/8SuMAvtNzmF+mRFVQ7+ltoEXCuF6IB7ZosX9/nnfiDU3rv5QlG2PVbYbAWQyn+XmXqllZlcM4w0nw0wo0Ouqw15fK9MD0p562FE5woriCm0pGU81o2pzg9gKMHdwchZVfOfYizAV6gRT/AQLfXgd/Cu+VT7pzG+QH6qSWGOHa097hg73e5ahuS6JBbcLCqeK+2Y6HFXOUsxpOjK56geQpUrfbTqZ77g=='),
(1787, 5, 10, 12, '', '2013-11-20 07:42:18', 'd9b8bcd97675ea3fd1a52da8345dc4e68f14a42e0bedadd6f933f14c35a4768c', 'BG3ed+NQV7fpPlJpaNhsamMccXf/SyF7yAQhxvGk/zN866sVvBY0BJ+fvHxlMsDOiPaHHs3FT2IEL4+DZUUwXbWSjmOiNRtdqJYJFff7IxqzB8T8f2PduJoh/Ou0//t262e5uJ6JAXZ+z4c07IECpQu1AIY0NijpFEUMNXP9rCJbp8TXyBAjOPY9IsuMAgXVpEHmxcVQqawFFuUklBL1XNSCKKGKUjL6y1uVahQi38v/IZhKKaMgu+pnQlrb1VfHrX2ocRwdIL2OYST3+WXs0NUWv10COR2c0OR+0JUXOToDYcV1sC6Sw7Ucr50WpJWBlUg2XLNN3OLuhwkM8FJz4Q=='),
(1788, 5, 10, 12, '', '2013-11-27 07:38:34', '0e21dd57625576c9e6b4a71d4043d2409eac09d8fa7efdba2330667e6179bb5c', 'Re16pYuzB//LpbA7p7C1HEnP8HqgfftOhc7e1616sycMSy5w58oPHsl40UCrnq3Tndv+4CGI6endnujNiTWh+jvebQz4+ivXUA9GPeRILECEiXhcDX83wXd20M2J8LKi6HGHcOx9TZa11mQsIvwiaSWlF0ZgIsnWySoCyuxUEI5LxJmvCUKEKUU/u7wOaX4ZFGld5krDRfEWHC46SeaxxUjF7hLVcjVhwDcTRdCbNAG8txFj/xLH/bp/EPAWbkTttA+vmRoTtSDDjdAfcj9mUJrIse+W46UWerTvo+WHbc98VZh/qSUc1/p4FPK0XIfn+rOMUnOO/btAJ0Wq4gViJg=='),
(1789, 5, 10, 12, '', '2013-12-12 08:27:18', '83bd2c6e487c3a7a94c6f6f8061757a3e608ed9d8ffac8e8c954a026d7495241', 'szAWC/3XKR5KOPZ4z3n6B+gmT1N6fQIbn+eM52Mha6DOLiV2yQqIaIJFPp4vbdOdWdul2syG2A29sjDHx9etWpC+7RzuZxzP1TPASqFk9zwibgGPceM56O/VR6jbCyyz3+tk/hpVeygLoHOlc3MNbUd84bZ9rvnPqZGcd63E8BJ+3fbRChkyIYz4mbynFgMqxkhBZ3PsWt2SEj/QG4kDFtv5AnPiIu9l+OWAyvaVtnfwHEXiaxkCUWnBcQrxGjFG/K4tijhmzIdPmCHthqnMFk7tapg+dsVHO64pr3MDMnoryUYefl2YOJfeXpcVgVBpOEJRDz1cG56nXvmHaIr+DQ=='),
(1790, 5, 10, 12, '', '2014-01-12 03:27:22', '46b802da172f53fdf1331ef461051ddd419263e49693b35d2968dcc932772e8f', 'MYca61F5/P+NrW+2EnsAHQbP84PRaQnqkUw2olW3xhVX8loJZlzC3lE5z96uZIdfF3I5GB9/3JFsBRSdqzqVH9X4YKeKuXP5i7ahT+JH+QZPN+IsFbW0aD20D7ldgVrUXu5OPj7Tuwz4iRY/jDj/9lHfF6vRHtA63tqO2EZv6xjYs/yaEwnhJnlSla/RnaCJoFgxlpvCXfbl3ufb84hT3/QeMISjcv5c5rAWfh4f3F9a/8G4GIH5gIyXVHabylnp84tv/oLve3j2GKMf41UqCNNaPdLErr30R/O0s1TgBLFGdpwkvf7aAHP9pp4dgg7jFuVVYIY2Vus9RiwXTsdLBg=='),
(1791, 5, 10, 12, '', '2014-01-12 07:38:19', 'cacafe7073bb028c0f0a933f63772a2ed6b0cb108804d205e568201f3944334f', 'eHVfT/GfU/asiEjVTyjztlWJHCO6pflvLojKn2muHdTpgYNL8jnNkt5AP0YgmqWitwVqZHdnIuxC3RhZR5QfIyMwE8szIeebkMzzxaR9PL051dm2KybjluVBHuT7+LiXr66HtQLeG9MBg+hbeButbNcYO2tRcxWK88z5n3iwuomAQdCMQB31y1opIAWTOxaLH/p9p32vrXLaoi3hdWBe5Zfuqlrh9n2mOxVSCvcpRcl1XXJbSj8EOPLnA3I/eg64gIql/cDIgIyE3KnXFAYpNpsjhbwysPjw3+bVoWRrANiFx906gl9j79myR2169Pg/t0KTuoDd6vCWw4C7qi4ipQ=='),
(1792, 5, 10, 12, '', '2014-01-26 08:18:31', '78094ea3cd76a5604f450a4a9d410368c4586f358e241d05cf029029d1be5a49', 'I1uEUvbia1uAJh2/E78uBXqUH9hzcf7I/eiDq5x7OgNBisPd7nCQkoR35Doop2RUtRnw6CsfuDNa5S7p9h9UqnVWliAjjQbM20nXjZOes0yauUg7H8O+uVl8oJdYTqiV28Gw4zqPZBjuURimq34xvnXnhnrVEAKQNgOfxonp5kNTNk5HSIys/s43RKMxAbdUmzVmQHJoRQlGqv1GfM8PWCkWrgn4UrpE0QQL0sUSmTgUEruL8mURLikbKNF9Y2cVztf2TLnQOD3RZZwXJqtUjBbwe4muG08HVtr4xMUAFN5ZHZC1sAleEyEvWmyUENF/0WePw5ZlYkCX9oFzWjmbpw=='),
(1793, 1, 10, 98, '', '2014-01-26 08:21:57', 'e9d3f04e0b8578745e3ca70e56fdd2504939e29fca8cdd4b6cff760ab17bcc3a', 'AS5NcEZJNJpvjKKdmxeZwC2W0KZfG6eAPly0Avcd9PcfYkfTWrbZfdoEbm7h9qbr45Wgg7WsSGpNW3R8Bcsd16kglWY9tCGtXeOgY1drnXY1eu++AIEU2nztEKOw2R38l1Bc3HWGAl74ptj6roh84gLMgXPal5LofH/Xn7vTHiG+9UMp2pSibcCdjmCis0OFofHOoXqBF9YoE7EVcm3JXSt9v0gIWekpB8A2bQnZuBqaqx1DmNyP/cJUwnQuPSst4dnpKkDtMRmy0tGrE8rVocKHS0Nwa2cL219QyvQz9HoM0T238dGwtAfVb9VoLVC6m5nbs2OAETVjdeVcxeI8EA=='),
(1794, 2, 10, 98, '', '2014-01-26 08:21:59', '67aba6d49af6644b113e5430df534906511eb850cfc076b97e06905190cd02b8', 'l0HQKfTh7oXPLGNVBezyVGtF14XhkslWeIeEEnxiiNdPwt1A/dutEheTpG3wKuBPzkr86jHRw7Pwzy/kRUEYqOfeIlLZ3yjzdoX7NU/b/TuvhGcqz3nreR/OtNvBgJOjC1SU/gnjaWHNXd0Fa/gGzK5ip/KBQxeY3lhA3mM1PmXBAPttwFaeoV1vOBoy7QeoqrMQ/XQ420ZdRW5nIXOMUKLSnxUavleM5RReqiCmirbAxOoVdmGvXaaXHya1y91gdmye0Xjaj4yhOMK6NTRUpiSc2E1K7aUpiCu8EITXTVTWfs3XeSYe+3oFFGcON/+9UImTpDVPN2/gnAmRMU6C+g=='),
(1795, 5, 10, 12, '', '2014-02-08 03:43:17', '4c2494c48e8dfe38070f5d16e5f04956dfd1bbbd100a41226461bd6301ad48e4', 'GMhSz7dfrUYsdJ36LME3pPSHJKVJub9q1UTlyQSUDGYZ489VSUHvKFVcNu8WgcokNSJx1WpTzYyGkBWy75JoEphJ3xm5WV555ZymnRnwUr8bmB1bfMk0Qr0E/lhyzhtVvomqFrP8ATf5VLd2ms6mn8pXTk/3ikMTB+lcSrkw4Hcq/0wrVpJNTlExdarq0j1Lk15CYtMYJsI9jY7c4UdxA4mQAQbXRSXoSTWW1TBfzww/lyd/+/W2v3Gm7kq54/pVOOETUf6i0L+OaA7F4OqwLP/Ot2IiC7dXeaCA7tsLFscAbNvt4NwX4uRSLtlZ3NAhAlO0jEwwITAijuzIsQbRWQ=='),
(1796, 5, 10, 12, '', '2014-04-14 07:31:37', 'd987ad923cf13ee04c165ecddfe7c80b29f672fe6282954f80708cc7b4dd5c42', 'QapchvdVr4Ru04keLnRSTzxpmd/PInM9vWsZ7+Cf34FlKy4LA2qYEX6VGw1lD3F8H4NUaqrxxpNpmND0kNOkZFeuUy/MLY9nEgWIt4wNLCxliqTuO5P3SYWCJ30ft2+q54XLy7B2C98atJQLm0HA10fajJ8CwkkYT70mxxiiMCHFaeTrUmy9yqjBsxL9MB/DUKZZLGKgA1kZ2Aa6n977+KUSUHyCPrZtnHVkoFyu1td6AcDvgshkqZ5LhSGRhnS9o4o2MByfp864H748i/XVv3rtitiaKrlDrHi4m6fFV2LKYBt+Nu5P4tn9Mo+PcZ5rNMkS9wsArUSws93URY573Q=='),
(1797, 1, 10, 98, '', '2014-04-14 09:13:47', 'dac958950b1dc66decf8b43901d279cc03df056abe3db27f86e382afcc31b42e', 'Df0A7yGvlbYbEtfK/XS4PS2X+4HhTRjuGTWukHgyeb2C6httU21GpsAiCGo8hY9b7fWpin/L5/yJHqHK8Sw2Q2DlIbphpjUgSuDAX9zpY+oWs5rXpNzq/gh4uUQv4gndGJeyJ+mC15SobHc1oZ/WT0I1AlO8bb6DT7Ul+sx/v7KwuuaWKZmarvdhxdunJfaCddUxh4dE5CWZPFnXKYoh4f75ff6L+DlB/mpubHnNS07t5d5DS2jIou/2uzUyXb0gGO+d2GUwOC1ix/m3UNukWbFSUziXmZM+yL/JPvjBJts6qdKMogv5QVBkRWf4tY/HQ8WA13kNG3Z35WdZ8gouIg=='),
(1798, 2, 10, 98, '', '2014-04-14 09:13:47', '5ac98ff84b22dad4c593597963584da95d01bac01ec5757cb3ea6f72cca27d19', 'DNegRAaYCDmz+7QOekARPFvQn2biJqdGrs7/stGu45BvSC4r7zaeuxlMv+Li3Tuhud60FKFmk9LkuGC8oHnSgLTN06UeSCWLEHEOi9/iHK5FmuFlowSIFbFAmvSUN0nFjEhUokGrTFlWOVImxhtH+WHyzweQROzpI7C5j7xDGiJY86KjRxY5nAXNQxsfZRij3HEEIFGFZXXpaUCkBJNMon3PjgGMfCTrIR1nNqV5yTZIZB47Tw90ZbCq6zv0fJfyJmq3FyPFls5pacK5yPywOcqT/Kt7zdV8wXmPMdxO3oINVcIl8083JXDXEdVqkVaW+7F65sxSF92IeRK9UMJOGQ=='),
(1799, 5, 10, 12, '', '2014-04-14 09:16:53', 'b86eff444bfac21464824b8f0419e1fd49ce17a605041e106bb75dbc6633ee76', 'hRoAf1asH9Hx6OU2EyZX3utpDIxqgDpC7m/lKiNvKzULyD450I2BF75KJGFBavNtGFkH7kwaUiFRHL42gzlbDX36A6eC9yqTAzTNcEybpZtO9W1+TuSvBzxtLqWfX8ClGPsQqd3X5VVGiQcA7QZ775bi1pW6bwjAkT5ZszkQl574S/5ZPIf1Vrt5OCrTnXKfdLJKs/9PUR4k7fRuhTQttL9AW5A3J8fYVg2XMVV02ZlVIJkp5pUTTcgbEU4wpWJsExGsVn2Az1E6evTBSrhwMR8j4PY7T7+tSsCuIbYlLHZvKcfRNrIJUpKCErBg3QU3170iMm3VKbOkEIDx9F23Kg=='),
(1800, 5, 10, 12, '', '2014-04-15 09:06:46', 'e2d4b0cb9babcae8a878482185284b91acef96c9d2df76279509ce552cd045b9', 'iugoofBghfVNQQ/inOsIIA/YDMf1BvFpX15vcXeth1eqbW51AddJPL0KYdWCZwarYa/XI052c7xWKQwJm72iOdAI/u708dGfJkM+sXwoABNpnlAba69QukKOhRh4ztKEPlVcUkjQ5r1n4d2qlMdtHzOTLXrsZn3aalV5/TxXbt46EnUnHdF4xqoONq+g5FgY5tKWzlPilM3H3zD1GMhl3JPKFvQFuqjGP4RHeLENBSvCFXF8l5Z/F1F7AGb72kt6/N49v/R/Wr3SsSQpMlfXUyRuZaPR7OxtCkRAp/4P9qQNYBDXB1tf5xtE02ovSHAvXIAXQVi5SPYU53GcVxgb0g=='),
(1801, 1, 10, 98, '', '2014-04-15 09:07:43', 'dd8e91d1e93536f44abc0face1dba899c9697235b9185f4f5d7fb22ce07c8c10', 'J8h4KeuGeDjPOT7buvY7mql4foF2eBeOqh8liOWWyL5CurMNsNMedYHL66EXe0obXkQNleFIA72TFgBfoSjq+1cnFMKA7dpMdJE/OpwDBGU9Z1fvmr9zEOCw1xgUGcuHlfdNJASiCYaVsvGRZBeqYY6kxa1sODnULmYkOO6TH5NlF/rBeaIZU1U2ng2GTz/jdq3Cm6lw12QvU4ocP5ulFkBJCO3iXwje9FEjQ0lkS4C8mW6UcxLdehLoRy5d0paNS/lp5Ji6X9sp4BqyqswtMZkbbE4lqte4jU3SHFsrotOgci+FX0RDf+zlwzDQSht33r1CNHIDqfY+XCZWNC8aww=='),
(1802, 2, 10, 98, '', '2014-04-15 09:07:44', 'a590b66496cdcac6f7c828998c2d9e00aaa90f67e82c310854e649b633d43fa9', 'l7Dj4uOV8FhC5Vd9fYpyamN+gp7Qa/hzdySXmDbBAOLxfB8+5KnNVxBcpdFQWQp0V4kWn6NOjc4rWe9g5QbWU9XdiP7ZlcHK/RvrFoNEr8Wq/JvQS8IsTkGudTiQq2wk/LzZzIGwGnAfbtIkbxENMajCQsJ83+CFVUEPJUFwfwzZTIWIq3P2pI90LJiJ9UxSkfNfN72zMJh6VNvQ+D/aCguEBsxHvOtjk7Gmyc1ZacLrq5RyUEs0PmC7ksNhqUjKhWumFD2QMfNrdVwvd0cYB7V8BYpMwui2pJwpLWotYpWh2iK4nFxoysWMPfW3w4p+AYyLkqdo57ft8cP8FdhmuA=='),
(1803, 2, 10, 98, '', '2014-04-15 09:09:06', '9f8206b8c9f9761e3565f23854c0137a8ff09a2ecec15e8bfc96ae9a9c640c19', 'i1r6cyfvqMg2JnN3cwYeKt/6sA+HqE7F/Jzn7JN1ayvWth8LyyVYYfpv/dq+dCloSRdsrKkobj0xzpk6E1bjKrurBcyzRB8XNk14PWl7NoF4iFvhlAXagTXDkr6yhfOfFklybiw4/9/mwAMCxQWpjp8OiUfn7+IxvsteDniqYF/dTJy2zLWlW0vW5g+7LL8P11M7DyPmT3+u9QKyw9bVqTFcZ+MLHYgQbwgtHDrO1EeaDEYc0QlnU4ywnQMzm+jXWhahnHVc0CdJqx1xYakPkosvEZgITb8uQ6B+eFvDRx5pNbZzH7rhRrIzUdrV21bWsU/tTrvDBApIFgu/xP3mkQ=='),
(1804, 5, 10, 12, '', '2014-04-18 09:56:26', '66769f2bcdf8ee0cfad2136ad176cc5972e7a167e15026c74631c25566743297', 'ld8bbn5H4U0ZLXdIF0abfwyJJLIRiZNMjuw5Ft9hzkjXtqMnNNf5++aVTlfLLm7ZAp+laynWaCCpsTNy8SpBYK56utJevt2BPUeZJF1XcL4lfVhS0kfmwFKrFXH3UHqEHbmZhm0fXY7z4focH9LL5xpvnDWN7T4mY+IsPSJ/60HT4zV3bhUD7Pr09cF6SL7NZ6udRMeY7zM8k224VPC0oAavhx/Uoj+8OD2KW32Wqsk2AvQ9UT8UIpESCKPgzH+IrAklcRkydAvQdkVC5pLHDM9n4piEu8N7vUg1BWwpQtoVgE9yLlD0qLMrgQO3rsbtR6bPp+x73JEQWGHM7abOnw=='),
(1805, 1, 10, 98, '', '2014-04-18 10:08:07', 'e21b996e743137c82bf6ce42d7904477f9e96ed59af4515b56fb5ee669055dc7', 'WBvf2HuGC7f18GcIWxP7BmWnPqnv0vm4Es2dzIUFe5RbCnGLAhR09G6VvS1raCjKnXjUfsdnWpywrzzGIzqppcjwQ4qUsXQnrijdT1jPvOydPP4Bw6BndgWWjhkOfis7YXsG5xMhp/WrUTg36p5FiggCM2tD7fq+ATRt2NRsQumHkJWxv1kNXwEvaShrYHxa83IHMPTTQpveGgh1MJc2qjba6PCNv79UB6Btbxa9Ym9SFxY4mWwGLW1ML/ayRSb1r4FZ0mCKES6PwgbDwsXLOV7r8d5lXP45mhxewwIhbT98EhcTVjFhXBrtv7pypZz8O4jKZe9hUdhMAbYf+25X8w==');
INSERT INTO `auditoria` (`idauditoria`, `idaccionauditable`, `idusuario`, `idmodulo`, `descripcion`, `fecha`, `hash`, `firma`) VALUES
(1806, 2, 10, 98, '', '2014-04-18 10:08:07', 'ccabd41b21dc803e59421bcb4278bdfce94404297fdb4f1c275fa91f533bde83', 'Tork/MEwSOAgJatWOzEOKFENOBL10lIub5mlafF/3WULDev253n5b/ycOGP+tWGzs4lzSrjwca9VKIwzqea6em/6+3CD9YnsFbGfbfX+8/JyKni8ChbM4QCFfOv3ePCeuUx92mypBT7hdtGuVETePILr0KaQe9PcDBOiwYuEXp0AtK6NpYptaq3+PR0b7YO0rPr9vHGeYYZ5lB/N9t1/84rpFZggfuoqkpbm/kxTChVA5Qu49YKx3ZRNDeK07PWfHx59Ta69jaodj7T9p//qRBkt976g983AMolXN4YR1wlWHQoE9GUw2wsd5eO0LGWj1NCc6VGHG0Jez8Zp3b7a9w=='),
(1807, 2, 10, 98, '', '2014-04-18 10:09:34', 'dfa779954d6647831defeeb527dac89ddd25f1da64e20aa7d1cb2f3cb30d408e', 'WtZkXLKrs151t+AZ0pPQpohQMs2KU4WWm9f3Co4E2Bhd5RFa0+Lsno3tN65BBr+Fy1FaQuO99QAYoXFYlwnzUgR+S8ueQFfEdRNp8OphQM5B3eTYM8A/ih2aRKnnf8EQKx8dVrcSBxIwVaYJLBljcQdRAfpbh662G9vOEuoWQzCbkQX+X/SSuohxKJlv2eO+I4VrmNNaQ0LBN8SYT68K9BLocgc3wmdDxhjZLKBgWWKNOx7sVI099EXw3lItUM3R6LgRTmntG5L5xhb6ZdtNwMJqa3foNArM3gN7IzEoDyJniQ2P5WIm9wzwDLGGrNr9kwynbNVhan4lxGlCiKgKBQ=='),
(1808, 2, 10, 98, '', '2014-04-18 10:09:37', '26b113056527b38268a16314ddb18ed9df09ae1fb5e6e0e7583ac722864a4922', 'Gxb+0g0lJzp5S0DRqXg5OakNTIaGzW+rFGBgD3gPgu0UKsN+s1Eg/xjmMW7V+0r3m5uJGYEaBoQ34GyiHczHmZe/+ukKpCVjyDhe0a/Ue6mhXgA2K72ApNXj/jtsYyNYIIL8mSJr4Nj1FYlg/fkxBxudzijzeom0l8w6rbB8q5FLU6sKn1jzXLVsrjTIwVU9bRIUfHszTnyEG+6oJd7ae5JBx/wGf/h24G1LGOzZjcIRt4KmCykVDA4MIOCFRWXgDK7iUeOnghMQZG6VPqoTcy9Gl2/YtM18FYt6bJ/iOo6fgy6KhdRgOzaAlLxTdnQaMdpkFsEEEqQASCgba79WfQ=='),
(1809, 5, 10, 12, '', '2014-08-14 05:23:05', '1d364ae08a5a72799336536d4f8bae10cc6bc707fac0c75b85b072a1a0ef49ea', 'NYqec6GsqxokfSDG7SmwfUBVrEp3nn+i1RycNDkWjWP7UbcmOHALS7M9dBFie8y3ukQDYUFupl0ShRwRoiq0QklG1HxpHV7+yiWZBw9G9rkRNymIFpm++XwFemiqIr92nxKeuldKnzHO41OTZ44sXKcfuUDbz6r37OkRgayM6kgDDalsDIhgh6FpgzLMvBiDkBz1hA05RU8w5Dy8PlCpSm20y6Hi9OdAGUkkvXURU4uLSiVcqINGqJYHV4PuyVNDbdmgwPrzYAmq8exvmYaLA5PtP3S+xtu3pCKhgQkeuifMURa0SS3gACBUXNRlDxPIXSfkrUb3XQwQLtbDSPf0sg=='),
(1810, 5, 10, 12, '', '2014-08-22 05:27:24', '639ef286df8cff7765c70931fd85b942da3a44da247509c59e8f516f858eb9bc', 'mP7UFyCvem6p4hQ6AwxJYi/H8xfhrEtLELZumyqtdpoQ8CL5MVKx9giKdsAfFPVz+zEQ8Izg6UaCSLmnA377BnH0Luq73U89YkYLcdacRQYq3D5zLGjtwFfzGtqxAh2dRkAjyJ4ow/hGRZrIheMeSOri1QXDLtFR0TSjlKldOv5kqTr9hqFJKhd8aWGnrTpbHmhEnAU+dmzQOErzra+aasZUIP6W96glh+Xt+xDr4ZYv7RHrI69gvnl9xGSMPrqGZCUZEPCxtcrHi6FUpOwBZYYgWoao892TC9XdtLaftLajB1JzrOKDaBOjmVTEj4hb/OTUJMEnEZA554nHtjbhqw=='),
(1811, 1, 10, 98, '', '2014-08-22 07:16:19', '80aabfae0c145555e3c17ad15152a4d9e85d345b206663c767e8c994ca17c655', 'GU4Ihd19OCVwhykZ8CL/8VCkeQfdH48t7RrHgrR2xUCwG27YcdZVVeDGquYdSo/EUXgTlLmFYonnuI/YvzGhP2De4l06uiQM7ZyzARJWiXfDUSEdt2yRaNumEu/xaQ4jJrKtKc5k0b2LQkrPF77PMehu3W7oVsT6DlF+uhVS5vZSFX+Pd+q6T7ZR/qZvq3TGcLUKOi+K8edf17qZzNcL1wyI1CSBmCtBDGuuvNGw9KKU8EwSuonXqeOLTTruQtnrOkVKnV3Kj4kHEzEkm/R7QjpG1OSNeNz2vHMDCyMOYUM2c/GEkG9u4/CzktPrjkkjMAwAfqV/nLRRiCjfCt3beQ=='),
(1812, 2, 10, 98, '', '2014-08-22 07:16:20', 'f330b0beeffcb1308e09e32a8c778e7482666c2832e0704e84c1943e87af7504', 'QQoKr+ZE5oDJcTb0Xu31zsgKX0wOMlrD4071aHgngJegW1Rd66GvmtdnmrukHwQUmS5vJAmuDH5tdV+EVk0InJ4/nr9vSSVh2+OUt/Qc9WDkCwzjjSDIGcRnd53MjG0ibajNsTN5+cMXpyG+lksKu9AfXF4AQnYkalTDvQHuRtmZya07VA0PZbGsINYEw7ejeQG7CVfTcZN395MZAGR9HRtU31H/BZQmY3jrA4cNzIZwk0ULPKPIWBHWsFlRvLAoEzLv/kde1MuCGtJ2RGr9OSxsi5bUgVeeg7vNCqUEIEc3xP7rpxrUWyfMRVhPMHmb+1jHhjyS5Susv1KzkmzwPg=='),
(1813, 5, 10, 12, '', '2015-02-09 02:13:52', '8d315b29eec3c146af80e97f735e254094be3c976ac5336f84b77eed35c38b92', 'MhY/uO191oETtXr8yF96wK5GOAIRve8C2TbD5XZdcEBj0nURJtgcZY4NMZ3sSMUF4VyDJv5imUql4tygiXUa8kd/QJii+I9LQ3n5LdLEmYPcCzueLETyYnbsvoUEY8GjG5/iGqxXp2ze+Xs3dOV0dPzGHqFiMIgfSwk1VKHy5zr0nx/iPy3dkKntIKEvcG7CjIvZaLJaaYmNjYdPOcIM4/2dFHN3yekDS42nav2UCVwYk+S8nbN6sXQ0Gvh0ubu2aNR3bTH0fcEPYtuA5A1KRzraiuCn3tIPa1NXzYgLX1ESl9m84OetBQkKV7dyWeMCaqFMxYLgHVU///l0/4hZIQ=='),
(1814, 5, 10, 12, '', '2015-03-12 12:32:39', '816d66b480d666e79f4c7f7422d3dc3951a16d688f487220a872de8053abed50', 'S0AiJ76ATEyItAOblt1VaAheP8f6tU536+dLE38jDXUMGs5LLpm7VXfbGXE9I4YhkvRTbAHNtbQ3omzyvSokmjF7zbULYYnC6jqoE1/lMxr4oITIs09OgzePVnjic3yZ9dwBNXiCpl5utKY4NrEs8cz29/OJDzVRk1yl1z2mTPzPPJDwIW1nVyNdTkzxSguxFJN40kA4ME7VS7TW10WUatGtTQdv3T8zkmvPc97Zj0sGWlSBHO+8CI476jG98zJM/B/Upb+i0VZ/PIkxLxn382DSEXaT3oVU8/f8pwI7Dfk6eWK8sMoVJEz4svdgW9DLjcfMfYQBybKHPGjNIAjhhg=='),
(1815, 5, 10, 12, '', '2015-03-12 06:19:32', 'f02997eec76fbddfd04f80eda40edabf1faf336e27b0a39fc074d40216747917', 'FIBB6IgjItIyhalaoRLxphGuWimLNWhTUD1NhcHHEdjZjQ0gxoIlYleKowFw1sD3ZhzrL60C1oI6yyL9LlH1J4UegvzFQZNL8UYBp0vMp1QwqhHhKp/moATI1uQirt/TKr+MpKsm66dJLChIH+kff7LnOdL9sqbgWgFvjkrDLHDH0yY0xfEWJQHcITFBXUssu5A8VFD6HznNR1ZYnFFUIigYOwq48YBduSgMvPS3IVE6vPbEQv4vgyASRkN5F7DWAto7GMTRaJx/oF1TfrtJFEWvORDcXZ5Tw6a6j6J80/NXsQuPQ3i/8QE3xlQC2vSTcawlXAIBvn/JKDYquvVCwQ=='),
(1816, 5, 10, 12, '', '2015-03-18 09:20:23', 'f2417cf4b9c1f7c8e51d040c6d398ab19ad29538586bf6d2af1ed43733ad2ae5', 'Whc1UwoMxKQrpcW3Zb0O13FRzf4k4tpmZjiNthCu9F+bAvX2AX2hKswkNJg5r7naqfbmKi7rtngdiEXqD7ivP4Yp2w+pH3TRGqNLu6BilIXV2bgPM/KwvzOPTt42W1R1GjCfggDsXfsR6KvS2vbyBI1Zzp5+It8vukfpmiYYYzzlgSRAUwC71vBbqUKAjmG82LcHCtTFvf0OSJdhYZtiaVodpVmsRGumJo6DJJl81vjDE7ItJJk6pgNqLOii5fF9s1+4SPNtbwLS4F2iAjFFcQM0zuACRmgmKoTmFq3BrqR9CrDDz4SQMzSopBk2671u5zcj/7pArp0lEYUJmKPEZw=='),
(1817, 6, 10, 7, '', '2015-03-18 09:33:28', '3b1ccfe26d362a4e305754d4ed72c63089412680a108dfb459f77955313cf809', 'qT4vfauWZfK6IjdzcOTtL5/h7Vo63tr2nWdlekmwggdCWucaqFYdSXPj0zU3PwaycSHgoxwJBYyim7JOMkU1HEQ5OlqKD2dn/+3y8lXwbLEWjxeF80fun5BEfFyERTVMIlU2/lkalfOtQPRiORu5FwT3KqfLz+0Gyp7x9OO/m3TcYJ8+wZWS2FJVgRaatKifSx/TIEzIl1QpxR6b011sceVGlAmKfwmw9wOjOwacEGjEjG9PB0no3TPkqMlbSFn1sc7Hb3G/aRbVXAPiODpZOrBxE+ZmY8fkrXSl/uAbQy33cvar2Gml9k6rC/uDPxfv67yLaJCGVopjpeqHGSHF0Q=='),
(1818, 5, 10, 12, '', '2015-03-18 09:54:54', 'e230c52844091541e63d0319417a710d25912d5aa188b920392a6930247511ed', 'DjkjUPt0IVo8sZf5/udBkXjZY7RSPU23LrYz/UdK0VNsh22ATC5nv0yBue27xJZYn0NBu8kFQNolZmu+N0lBugRnmPhbZr+nhwTc6w3vC9R+IQ2oUrhR+bs+YohtMAtNdozDmKsp2sIhLWoSq9DyjF+MK1kGNHYwKP3bCCz2395LyuLxGJsDawkV9y70vonuYl2YLsRb2MP6Ao86HP3uOWsJlAptkpZDLm2VdfY63DxklB1Rde5vhyIUH6uvPW7hydonfmWunuveDmBzwx6OwVs2o3FYECdGWaOl4W67BDNj+Cjh8geTEbXVGd+Kl+/97PN/Jf5AbAlGs9IjfZH26w=='),
(1819, 5, 10, 12, '', '2015-03-21 09:46:01', 'c6d72b6cd8c09516d4ee59690d4aca613b44926e480a5e96d6d3d124e4db91f0', 'dEZ7jHnOEOrsfgnpXsOPQJ48smfMkHtlWRwzHWenKJEWb03iODtY9Joa8VrmJsrQUHBAf9XBQOiuGj6vfg0d730hIB+UPBTp0dDTtHBuHDRPyn3ukpEAipyYWBlHZtwkUvXnnHA3SDv/1Kpm0WYlrUd4ggQypgqhqX/L7KEOZ1xcWxegOEhR10mI9hiznMPzevM9fQ/nT/CBhLXBy0XMZKxmPhApVbyIanFlMlCLry9Fvt3T25g2Jy8eJiR4pMA33YlREB7sSozClFA7vnK7tmijyffalMeFDYLLgtCvgVECZYfF7afmDAJ5fPbCjjI7CHa6q+g10lZUmbfgf1RW/Q=='),
(1820, 1, 10, 98, '', '2015-03-21 09:50:03', '14aeaa0604c8a8484c84ab3beab283a1c6c2e2e059a7630a5abf80108a732be9', 'FJSAYHgdTu2+A/P/6BkalEHW9RnoBswFzdJUQTs+hExh/cYEh8N9TrhEOozIOaZ7X4bokeYtupATcWxECRxzudaD3HLWGAMk5T9QcmICqTmmJ+6W+mpz9kecTZ+aGakWW8BnUH28NYsLyOnQhHEUMwQhntQr0KqXcDAhinNnZjNBpO+OeFou6G+XwMc+QAm6l2RieqAglKYAhpxxR8eKCvpHPne3+1xpWCSbfAyMsXpO3xOq/MrNJ0P1+cGC9l7OhY28pSz1q//02Cfx8NSDvu9mKCHaLK8O6+rt6KHsugQy0w27gLDQ3xpW5oCazGu5GfviGLrkhzFzRL2B02TkUw=='),
(1821, 2, 10, 98, '', '2015-03-21 09:50:04', '6ce21d9e2c625a3693b7a687b1e0ce34d3e09eabf74290ff9770dd530e17e104', 'pkLNsDfKHkd/pdk/yhrGZjFfSAMoucIrfuSY7mPXCIUlWU3prD80azA8jBc3WQstODv1OAufC+XBrCvOS/53iD+erPGu4I0/jM3AAKk1Kc3Iiq6sh5bDvWtjywMp2AZwVrzH9y740StUPvBsBG9fpnmyTYkzQ+UtpKZcHvARJ7TDwfcrpuAiOHD1acjUylKfw+af1zdL5wihvcmcH0u6aOuwHPkLes7j//3x98941ScKQG6WgMCe9PveLvc5SxChD0/8TcUdQeMHNxzY6G05NC+avMvPsWdrtMqs523+dqb9yhmE1+FdPPwOMTMfHRHQbrdsZl8WQL66KgcHrVCNJA=='),
(1822, 5, 10, 12, '', '2015-03-24 01:30:27', 'aaa2110b227c5cbd0947247bce10e4adcde98e231383cecbfcd5b319a2f71c45', 'Vq9YTbL6zKhQy2aa1c2mjDLi1sx/VZqVfxj5rHZnsVMu/VnEwqLCTP8yM+MZWMzw1H1O2HC3q1bqI6P1Cn72N38rhTknSqVI9reug71P9/g/uTSn5D43mLyt5tQQJhy2cQzWe5zS2M6gy4zn4lvtE/lcuhlgvclw9STk0B2gvxk3CDy6LGjywgpVzEP+RRCWZU2E+vq/YRbQqYFjyYNl02wng452/HV+jXU7goczmb0aP7Tcn9F/HPu7jALHe1C2fP8bnYu0UvPckAU5FZXy7mcqS3AIY5AVUVlMmV6mrvQsCSYILLu5hD5BQhKau3UZvylidT1g4l3wnrTAA1PvCw==');

-- --------------------------------------------------------

--
-- Table structure for table `automotor`
--

CREATE TABLE IF NOT EXISTS `automotor` (
  `idautomotor` int(11) NOT NULL AUTO_INCREMENT,
  `idtipoautomotor` int(11) NOT NULL,
  `modelo` int(11) NOT NULL DEFAULT '0',
  `matricula` varchar(45) NOT NULL,
  `hash` varchar(256) DEFAULT NULL,
  `firma` varchar(1024) DEFAULT NULL,
  PRIMARY KEY (`idautomotor`),
  KEY `automotormatricula` (`matricula`),
  KEY `fk_automotor_tipoautomotor1_idx` (`idtipoautomotor`)
) ENGINE=InnoDB  DEFAULT CHARSET=latin1 AUTO_INCREMENT=111 ;

--
-- Dumping data for table `automotor`
--

INSERT INTO `automotor` (`idautomotor`, `idtipoautomotor`, `modelo`, `matricula`, `hash`, `firma`) VALUES
(4, 3, 2012, 'qtg14b', '0a9ca56d5c400811aba2f4e62ce5c9152e5524bf8b0e7c0e299e8a0a45cf468c', 'FAIMj5tpPm9ihPJQIJKVYmEM+eqrO6SFJJ9gLWCrXBvRCrp7uLmS8zHcA7+qvG597+penx0YzFJHzAcrc+O+FCseUExOGlfPp1iKZuOu1O9G4xdADNW5RGBSHX0aA8hJW3LMSkXc4On3Ij3q2n7jhoOmQtG4LsXoyyYZMJ0tYkVZ8gda1DZmm6PrxDevbQo7ZUncQuvHbUFNbqCXP2/Xgf+Cn8CElYWba4EPshF4M3Yr9Y746Y57hiBoLmFMsUbgKlkqJmEoKewY93huFzi/zPROJ8REw2SaiY/7E/GxUlQrwK9mxzB8YZl0WD/pllG7H66PEYPFfDCjXL/O2t5H7g=='),
(5, 3, 2012, 'YUI765', 'd0d60cbec4e7afdc76226c2065c014ab9beb62d9fc1facfcad9b648aeaf185b7', 'pPDwvrsWPjw2NWAEIHdjpqil5lAKQV+8pVjkiUmouhsek0bBOGxMMIOIL7pY3CymG3C27gDWMhPe5qzBQKMEifHxbGlzCvvh5ZDV8K+UZMBwatQXh/hq1h0BBeFZQIeh7U0Z8PEr+/F8I1r49B17woC/EsJVuFUlh4MfVGzTCFmblqlRxU6L2688vjS8dowlHBWj/16eNNpKEUdFza2CFxcZWyA59cyTTDpXDq/jrp6flKYa29Bx97wgQepi7yRYWmOchtXdqazeHQjmkL/EoBnODssJKmCYMP0kHYBYUpca9PmrzeHOrL5Ea2XiLm/DZpR5tBELVbx7AbgJeEbIow=='),
(6, 3, 2012, 'TRG765', '37e4b201497b6968a64b474e93089c9d44ffaa3b6830e946f58006a56bab5577', 'SfUMfwf3lL8wNJVvENjDeApm6DKyr/el5v0K2nWeeYVAxae9l1gixB7/EziDednd6qujRDDQ1FiSSZmth6nI+Dv57Kf6bs50taEWEyI7zS3ZmUOSNKfFBqmyByVcP/fbIV9PH8p+bWT6ZVnOCc035ZYVuAjhf3ta2Oy8HUDFo0mI5GjYDlVPlhefCgmcQZDvAA6ie9YYzgeqymDBiR3nRizKfWERwgJpk85N9bakMj9JlhTrTWLyhrXoC3Msrjy93WdBao8BSUmL3QX/mfjgF3ijxva9AN4Grvok/M9YH8mWjE0csXASrc2NW1VcLSl85nUek618InfsY9kghhqOrA=='),
(7, 3, 2012, 'ert543', 'a247786158d061c434a6eb992ce2cc85ff6cc0bb1d6775e47a9b6222948921d7', 'dQ6TMeARHHFMX93m1M/92vevjStMMK7Pa7Qrm7EtNVH1BNPBnizEcMzcDhgOYD2+WoXaEaCtXZCrHj0NJVfyoYJ2fqiMD2TvQt4HwfkHE9PxMDRU1nryhNrDdpWfFILAlE7SPWgSuf8DmmMRgbV5iO851z444WivsyekkYjHtXtp1g2hvm70OtqxsEXqVePwZZYz5OApT0rIIxfAZ7ok6WXB4uMeoQ2tJENcNb5vumYrhN6QD4B1dVbpHlcsBl3WRwczP1Y5bTHbYIRudamisbe01vRE2SYHAgRZCRgsHtol8joBldZ/N2/ZypYMMb0Wysfr//cX9qqYZCJEhvpXoQ=='),
(8, 3, 2013, 'dfg543', '0b59d7e0d4587020e67f99b2800185182045f1249f9c8c1b3e6f6ed4d0d78b93', 'KVl36aCPAy70csFAjgtZTv+FsExmK2wXiKOWFeHTeE3QjDUh6N4mxEfilrN56qf4BoWWYjifMKHFbQxD90q1P0QyYtyisrcuhgPclgYqiddGkR2tTBqjzQN9vQgt2b1XwrjP0SnHNJ+xDhYK+/RL2PGuZgcXeC67WfQuK1+K64xNx3ibzn1/PV+Pa05OhfwN5tK8v95y1HA02oK3/EcNrv1sFMmqF6KuEevDXui8mOBQaXuFktLvChzGPCJH+48vkQ9CyaSqi7y/PuygXMTf09lYCKvN95y/7LfgOPz2VAI38482Vhdg3ZL9PfMuF+NDfeL0A+X0vNOlKNgUF/tQfQ=='),
(10, 3, 2012, 'HYU675', 'cfddf32508b4ce63ba07367be7b881b60d06835ecadc69884e93ac73517d0506', 'HBss+4qPGWNfIXNKvgU456OMm1o1YdR2gTme6tmiI2WSoOXBcIGodC+E3uwSOZI2vHhJZ6PIpvJmJhzV7TtdGJHBKnbUw4NY5JWto9VAmt1FClr3HsC6bgi1JeMP0kDmd9eN6fyRPafU5ApCjQ8Yu7gaEBwPqw9zps/FbZpgXNhHa6apuYK2yJVDhPP2cy72v87DgNUSLpVjVQwTin4sNwVnafecwSbFQGiAtBj+7r8oczFR0rLTnNbmcQPc96Ndm9MJ1xsQHR+yjdNeFK6QWibhjfhs0br6dK+HTiVOgNaxD9fbtc/JzyJpi77y/LS0hAL0rCWCzDhK2iWbpwZquQ=='),
(11, 3, 2012, 'cye90c', '7e8b7a9434270a658410fee6f0b92fdb8e61ccc5dcb71c5d0d3ce6ac92dd0673', 'qZHz65896FOeMVCLZ+Iu7nHMt+z2L7gQIh/gKPdjLjBQXT0UyGY7g6/aqyRw7dy4CQZ131Eo66DOAhelM6JiavSIWiYafr1NyDZQxtukD58TXAMTXFf35IfLRSl0K8e00f8JyyynlugvmT/Q9r37Hc013f8eS3jy0ozpKPXs9dnUUOl2wKLCHYP2g3M8svjvalf9KV9EsMwHCDUD+gp+6BXJYVvi5T4RxsEc0QjWEWye3+O1R5dyajQQhNDOUEjGy4XhmF4S83g2AnUbiYf+58ZZpJJJAwAOp1+6ufowKLfnYuMrmqpw7+WPxhh2OOmFARiUJeCRx3cxXCW9mb/g+Q=='),
(12, 3, 2015, 'qww33', '5d87923e6cb98e1784f6edd193cce958a1811c7f8dc8e650e6b6e470991e07ff', 'XO7A45i8fYC8mQrECer31gpnmfWrTipzD3MOa10bVYvV17rd2L7Mhuof2fhIFxAnjiR4LkVWY8iGaXYymVCru3vNCHar6QA9J1FnbOYwxkI+Mc9BSKtXs4MR34Q2Dlp4vdrD3PDORiSaIOw0QQSZrMvkp2NVjP3qs9D+iBjDf2A2N7MUs99TkjCEEjQGkNtRi2Kv07HykrcIImJwonvi4lCIlk6bGywyp/qeAwzUaxfuUMp/DWTb1kFtRCf03II6c9Q1/uMmhOq7CreGR5HbwGKG7DgVd5POBStXvFGbg62fNt3ye3NN8/H9QwkviLSFm/zecXKJGEbCVpyzxPh0WQ=='),
(13, 3, 2014, 'cgt44', '2fe536c8d30d9e2248aefec84b3da1be47ba4816c7ca1941c3e367f40443f63e', 'jg0ewBZ4zso9P4evprAiW8GR+J2jllb81nMLxAqxrDobgIG48zcpCkMRCMkxA4cDHsSaeMpyLTv72Gcz0lY2alvZj4BOxhcmRxM4d0uxdOj2LxT7ZR/q9qNlWvoqFVh1cE4E75wRS4+IHqmGnJKGqV91nBbZmAhYI4FvvSv3fwbddYfNhLa7WW3gCZhDfKlmUHpUCTfPz7BnmOdZi7ERT3cvCUFwScWHaMIBo7QlD0kLDPljPHHFfMXOsmPw8jiBUpjzJEPxvD9LY5OkNmd1XmiKN52q6hMjJZ36nkEIIV3HqFn0a0BGcVPgPVRbpIkFFmwQwuRP3BprPg6RxV3H4A=='),
(14, 3, 2012, 'ert345', 'f466627ab2cc4b0b450be9e7125bcaed6001a606cebc394e24083a6f3d8e9c6b', 'GAIS5vsPAT4p/5JE4I8fOlkGPdulgr0GPBH67yCLCDX7ehfem3x7lpU4I0JVnSBu61hDPwkkCkgZP4DDENbPCyjFzX/V4HlpU7sDkEhNbeQ1fidnVrZiXcK3o8Qg4DkZSnLsrFd+jR6VDbLIOK7rrs5PBWc7Isflw9q+UHUMGfwVqkOkNLksZain5YrJfkp49cOHfdEHs0FP7NYaOVIbAcqIsj810QAxr0LJK4SVDGpwSkRSTgqrb6Fi1iUxJijXecZy25kpcFlI0c1p1SVr6sIo+Y4ihyu370Wyma9MMWhHcCtN5EeYWMcZHs6ETdcDJgip9nPN5h+LQXnQ1XQu5g=='),
(15, 3, 2010, 'cgg567', 'c0613a0e615d538dede31b4b07b437aa793d3a6b53cad5ffaa8329fe6ffe1982', 'SHyeOKsdcljwPN/fcatkjrpZczOB/lg+fMoRGJVlK5YtkTsv8FdoZqYRkgpZr3gEyNtMIlBjem0PbraS0mFVePshYiRENvOYbg+ERmFcJcVXseDP0dmBtTLBl6MLdShMdMHI23Y0HkaVzj99gRuS0tpYtMCuw84fMxJq5d6PyWK3JlEvriYqbReNyZBCoVUSTstoeZ5YyJ2uKXP45gIdgPPoymGI76zVgVrjg5X46unRan1sVmWBeRVbtp9dKXlJNS2Mps+rvWKwVYf18KKrHi/dG5Ch72tRGVixxmOuy557jiyc7MiOnuNT0gnfIwsDovJdkssQRrTSyp+OLvVIpA=='),
(16, 3, 2012, 'dfg456', 'c6214632666d03090c0dd93b146ed55a58e01b367ab6ddaf0ca9dac482410b80', 'PHZTZ3MSuE9NPBameRcKhREGf/a1bfTgBiSLx7PJgM+eG8UMpxeu+HlLyoTU00YahvLpI1GMwVCDBy4mnknl57BsDpGRzWM9E1C+RpNmQHJLkc70cPKYGYTpHXJ/BLANQaN2eTJvwyxixYXzdoSBFg4gLvrtZaIi7PRhNgIHCBtxRaVPX+WG5BUH3AfWF6spWjR+OyubKt8AU8aa6kHnlMbHcOX3W6sp5Q/xRvGRfMFwYAoVRrJz4YtSDFV8avIZKHFLD5I5w992Je/je3MtmPAZRGD/HmAHN6LlFd99pDY+vz0iBdQBNokmjxCEvZ886gDbiZgM+zwB21y9GLzpPA=='),
(17, 3, 2013, 'fty456', '903854fa6b10b1780f97efaa7fb70c2a51bbbf07eea840db1c2cce3b46bc5774', 'K3gsTHo+Fn1ya7MxkB1rcI2dSOMw6jYqoYq+2BRb2s5YD7cpD6GEQNufgnTs+q/M7FXvDsRKpYl9o0VnWR207vC13MmdCu1aVYbV9HgqnEG5Sl8+4U4sYczmujyoHlss55mZyq0B9sFW39SeGSFQnvRrkLojjYtiYgGGQMpzqk1rOggICOPQbnu/ESFrnUtIRpMg8nLD27g49fJDIm4ZKI28Sd3ypMPe909tIVogBFf5YPKa++v0lC/b8JDnaK2OGNdyefpiri5ID+7+wanaOrl2thQDS1GHb7jykteyEokAdwqHc8/Sxu1k/AU09K1qsLDO+4GHyVKnqyPfOF1Epg=='),
(18, 3, 2013, 'rty456', '0c41abc4c40802d0b943a78d5ed6c8d894ed84c585a3f9060f7ca7fa97522774', 'fme+IlfBhttyqiAlWZecrPKQnNu3uImJWolrwF0jLuOhjsrn+rKp35u26BymgpP7klvevyqoQu1DRNFsOVzgFgvvHHps+RTZYYsWHBrkbyXBo2ghkboLm/LDgZbP7REinI18pEM8hgAng0sSGVumBvZ6ScLwy4iM9KI0T649RezWJZkxDM1qczh4uWzvnxG1L9IU772xOfTYI95JCywRShsraff+cdz7BKhAc4zZ2VVP8vH9AD5SgZTQ+vnza3gIkds1Y8sFF2Nay354Vadn8ggrfWh625rmpHqnl7O3NigOavv1qw1APAsTEDx4d3PTHfe89RteORriRBisq1dQLw=='),
(19, 3, 2012, 'erw345', 'a80a486eb02d5b24a112176f1deb17db141b0ccae96195a22c77af9a9297ef42', 'TnVWIwu6AIlv1F4OsZS8eWdMzG0+erwpTg747abhE7HhlPUBHmP7ZA9cXQILdsrHJDJxUXpdIDXfkO5n1opUZhzIs9vgpq4dbA2Mtg1xVX/wMy6c46kmAUG5/J+K4T9gI7FCu6LhNy7J+WD7vI6+AkL/swbbC99DPfBNj1z9VR3+OOirtS8L/iWZXcrspKRIsIHpXOHs/gR3NiNJJsttTRoAJmNI+CosrLCktDIuI6i6YOK4P6XFxBKJY2ljEmsZjqLbZt/tnq5n6lgiEeA56sNPJbXltoOQWVBXuwa6WdHfW6D53tAwQFnOfPG8BJGWNYPD4J33fHvTcHFGei+j3A=='),
(20, 3, 1986, 'poi234', 'e837bbf0ac0795cca32a0203cc7e8d874220653dc312a7701ebc0b550f07b253', 'ACdBaiWjlN1o/StpGI7opDF3qpERIvv7//0mpnTQGv2tbJ7gjWvsejFcqMIk4GGX+U18n7nwalP9oi/SaElYWeEgoGfQG2oKKb4BwW0DNSJmPrablf8rf6Bgt+ukJG6FoS9hYQeA8x8LZP44B+i9FAAD3W18pYMrFvuyb0xv3qQEW4HAQLzFIG4pqHnFcmftuJVk2TcrDqnqGvqnCH/MsfFiwQslFB0mKX9WdcMCe40mcJrC1/YKgknv/mfrFyKYwii1NiJsxFnhHzzVASGg7RRlpjp/mjKPV9z81S+pZWZFIHJuQmg9ERtWHdz+ggmxon5dopATch0Cmdu7zbiyCw=='),
(21, 3, 2013, 'GH7656', 'e8ed5a89504babc06433fdf6df53763de940c81866c7cc9e92260f68b9de9b3d', 'ATtA1aJ+yuMwIaFLG6ZLB46Ad6+AyFmfuDx1zb59iCabZaqGVNfskeCv2RwlKI3se5XdnDw9wkCvM1+0BaWHTZYHVsiTNuuMpOiD7vDHPI7Wyl/q3W/+96q63rCNUzzmEFyqz6lXzr4xniK3DznlVRa3nTnrVLYc2S85o0/pKfY7wQ1bY5swxuix+77H6S31wTYmF4AnFVjIeQ356Zd8OcQYMxfA6axBbA5v4Tv7XinAn4MmmgzuFblCH34E45fatQPWMVkXy8EKpWDC/ZPs8qb+NTJIAofOLisWKE3VCnVj+33HmtOrBK5l42EAx8A9Cd1qCFXTYo9k2KImsY2V2g=='),
(22, 3, 2013, 'tgfd55', '3133cb25266c55bac9d3eb9d1b343e41a8c523daf4a48ccc904b62d5a706ee37', 'jIchScpRnII2lsqH2+zIq8ri/I2OeheDjGzZbWWLeu2KwyATHNYs032Y8rGUcvzNd8kc6yyCWC1q+W/SO0ZZZr6O7Be8h3Nm9VoO1DqkUpQVq5slEFFRDPfo6y1d40flLNkkf48O07pPMnnBlt53buP3nms5GiySW0BM7t4/X4d6kpa5kejUvYcReGfSUnRVu4X1jqV1kNkc/MPdE1gh5Eq6dNwN9i4r2moCRRP/otndguz1O8XnwRORyliRnDB04jfu1bkVErBQYj4k5W3z3+lJWDbyXjB1SZJYJt1eNs5vJEr4rQO3ED0oRD6e5WDr0IZV67K/Xu5ZH/+rkaaIag=='),
(23, 3, 2013, 'ghk753', 'fc3faa97b6450c3f9d03b551238f3b3233dd938049d0fa96fb722c4a84cff00f', 'BEB99COHNkPTR7BVvWAAnc87xashfpvNJgTcscPfIV7Ehg1ZNZLmNTcFbfCHsW0wwAJktlyKaqF9pCv+hPn/C6Exw+w1SjdlF6AN5TpT1EgJvQhIxG+8McLAslIfmzI3ajjIPkYYSg7UOYpehHUnAt7yFD3QObBfzjRjdG0rfuW1S9GHNaKKwpUrSI3SVVKrwEtjMxZMSJJvjssQu0D5a1l1ZAnkFugcsvBernUzM05veQkivg1sZF6Az76Yzu4e2E8NsVo8Y98c/X15BlYZM78IRG9gJWJgDiPSvIHy/+D1Jv83TXUdSMSQWxed6CL4CC6ZI/rSQ+h7pVZUwCYYPg=='),
(24, 3, 2013, 'tyu345', '3ebc2dee4ca58644d4b6fe590f20514e52c1add7de8ee1f86e7c3a747372e119', 'H/0jkapUUENWCYgMDEWhIICWIcsvJdW59Lykec3iJsKUeISha/jl2J0XcS3scSUnxCfBQiLkqmCNVzcNtBcV/Oqy8Cbc8QwcpNEtnui0mY4KDooUQzraR975Tf29keTFdtXvpQglv4hK0oAdArKoTwYzsSnJR1nEe+hh9KqaYrdsbIykawjNY5AWMF5ciVuspOaNxEHxiHtIl22CX7y3+3jYK5x8fKbUn/6EQTHS9cahfKmcDwOeNdKsbr5YQaa/C/GfhTQ87IMAEPxvzySsn5VL7ftDAcypaLZVLf5hsQmpZFng1Yhfm8OoxFCz+yC7HEDDGXrLYy0d8TZ9kWsr0g=='),
(25, 3, 2013, 'hgf456', '56d2ab6690c9a943a9f8bbcbb716181046d71deae8e52c95b27ba4cdf16893e3', 'Q7kmeULqmq1o7Vo4Ts8c20aEWsY4CYaXCo1IQCCF8SqTvLeEtqhkeIQyjMj5mqoPH57xmWciGHApK2vS+2OOzFJg7J4BNOQoqwdtFC4TCPzWUQs8xl89su5bxEGrGFqB8B7kMt1ffokSGa4+DsXl+s5PfBx/nwVqMVRVG3ggDXHL8LtvT/1kUrnyUYKHXoU4vVw/l5pAFJqbQd9Zhd21zxbEtUXkC8eBc/svYgaUhzltmTH0tgN+HeUXdA8RZmpmxPwAgnYIxOnIEerJKEhKpEIMekxroIYnf2b709aEG+IoWoa9Tzsazb5OkSlOnvRSIMj3lPxtueMKeK+u5CG1+A=='),
(26, 3, 2013, 'asd123', 'ee535f0476ebc63547462b3fc08ecb302f295ddaa4d7e31b40e1374a8e1f9cc6', 'mPCjTkSX1HHenXQHhRo0GIpIiTHtnCmGYoXnkRfvn5uNXzt6X4L8r9HPujqOikL1jIh8dISlwBAHVW7YsGPvWkmueJPafJZjGpghMH0bOtdoXl/BYz4VJVwlBwGdlR9TPS7roudT9r9Q62XHo/iuktSXHTLkSyIRiP20ZNoMVEfN4zCrn4WpP9dbz5Af/2/BL7IQhEjSzvf9bbVAfjxHunBEUKHlNpeEp1dDkMsAPzYK4xR/JNMEq7lAu2qik4ANBc1s6cR9vsRgI1C170LXTCh8Crcnwo+uTfpw2AwYJXCdflegmm7Df2CFBKA2ynUMm3YSP1ILUv/vg2M+VMFI/w=='),
(27, 3, 2013, 'rew42', 'b573f0845e1e534650520d3b4fab99180e4e975f667cfc4f599e16d6e6a260dd', 'vQ3942xkVKLMTemoYw9Ff3szDbrtuVqDRimzfghjweuySY2rWc7EMPlh0tFfep68z1ntPULViOZEmKHqvPRE+7S6G1lKaCn03BiP3NljcjvshdnSs8SozXK6VS2O8sqekpRgeuHmBxQle51WwbAD4n+1lrxBydivMmZJXbuzt1Th/NAAr9JWfZIlen7zjMmQgZaCas0SzmHljCghooo8nTt1p97NEePp96lGyJcEfs5+6wgwtZ2bPvZNITli6TZP2c/HvuJ30sH7J8kRvezv0M6fU5cPQk//wMpmWHpFHV3x0ZZRKMOiYP3U03SOk5KhuwOm7oo+LcDaIlcoNmvi0w=='),
(28, 3, 2013, 'qsx345', '5fc9cec61666b970e00bf897db152d6dbf699a292c6e0af222e4558ee93d8f9d', 'bON6LAn8SqdKY1EeOrISiC3qDjsF9Xhlx39URWalnbDDUGRNxccgUNtrijaBnLmR3oe2PT7yLb04dja1pBSVfOhu3pRUUXq0pOOZmmlgdf4RoRzjKLNXUSmnwh2F1bit25c/EaQYU9w1lJo2KAikvwgCAqsEAn4GXYodbeFGSUqBKi5WgAWLHHikAle+0IgC8jirYcQZx5R7WEWgaIJuvzE3fEt8hPEQmdXz4VL1lWX5qkRBOwVy+fM0S2bDOxlqPee7KTemctP16oKkFtPwvzMadAImWsjEFpD4PuvJxAdv/r/uWwqtUFGY0SaSEQNfNT++famJMKDL0iEiLv4NBA=='),
(29, 3, 2013, 'swe456', 'bc1d322a0398ba7197a99761b2a88eb97b6b13d56eb78235a609f8c010d45c2c', 'EDi05Djd38njYH/++U1eKoB/5iwqSwryrBE7+XeVl0ifxcbk2/AzgQNGy0qpdj+0WQPl3Boj442YOaWCRaWzrrCglG2ZJmZaw87k9fZIAQULvUTl3XXoxhlDcxU1KAPO0Tt07Dq8GWiyqj44obPoBwRh2800FsaZBd/jtVNdMFi8pn91e/Vp58BW5KSxZxARfTLSC4h9lCV54T9b154hIB8jJGV6uWuIB1ePSSTmL78yrNHUTWH60fr18oFgLFedhpuSAWZ2F12kTe/0l2L1VKxtnpipzvGxUAS0Km+no6bmyPvsWHMz6iwSsUTQMwzxCSsNIRbFIpQP18MSQ85ewg=='),
(30, 3, 2013, 'dfg2345', '7d9c17fe54c05dab915bab735b012cc63a9593a2952321a2d6cce7c176bc115c', 'P0GsoXHnZnk7gVLCsCQmTGx4+MZtVxCsf+/vlZbe/8H/xlSgrEBGUrTZlDpGlWbe/24DQKVLbQjmAPpaKSgKIc6iS5Zw8MLsxBe3uD6d7ByEedQFgLvy09UyRD772wsUH1jbkbf1bAGuxfhXRTLMv4Mj9YcCxjaRa2q4MGrlvzZ5DHe8DfP+zV+QvD5JNDYvTXITk0L7AFXv6lcSnb1NCALwYGAprwDOtqwh+hsZFCliUJaPGKt9c83f6Oibmn5/py0zlhiG5uUJn7ejs+6TV1dokv1zrVZXIOfu8rcYfEkBRx13BDnPAPvRhST1ijeqwpk3RR+nRFfzg1+N1vERgg=='),
(31, 3, 2013, 'tgc234', 'cc3c09518610fc8e34cee242b797ce48a80c608b10f4222f9656e355cfdd00d7', 'hM0/0QQxAJkIZI7TFFQkgsBXPT+RwCtB/JRhpqhZmp6M8iUtjvFu5py/tTe9uufwjxRHqtxPDqvGNHCf7vINt6dVF3/hsw16YZvF9zNnZ1fMmCnMZX+d1iZb4uRKuELSfb22Cg8aWk8654N06jRG2VSC4pCXI1eXzNrq15il0CO3ju4DAsjpkh+uKDC03bZPk7NQpzX9HxYY3iu35d3hwnhqUBiqao1yu7taGnE7OoqrRnUFWWWk9OCPYpfFsOSLdOpCqPwSOoR3IBGeTnmnAyxTv8CwAJCLcT+vA3QhtsvvpjGTT8C0ZddPyqvEJbEYl7J7DdLMw28wrMErooSrfA=='),
(32, 3, 2013, 'yhb435', 'b1b9d06d64c0b169d273c69f783a53a057d06305270acc6c9c04281af01f6a31', 's+XgMk/JugT1EsVpejIEX/vbsOMpcD18Raxp+UzAG/2DyTwwvben9uVUalQX4moYwIgZ/ZFXAazPS+xOfXFTmx6lx66xkcTAcH3LrHBY+NUNTS8nnQqut2pZwDstn0BGRp0f3Xaxv3Q3REAuO9XkBl0oaYM28O3ecH7Sbp56fkxCwxBTq75n0ZrbjWYBrOiaLcd0tc9zDmHa/spyZdJx+n5rqZiA29HfSu7q05SXHFr5EIHYdbB4DSCg7a/E0dDcsuVq5GCc469qAdaP/uQEbWIhmWtO6Tup39j385X8z+718GsnSgmeAyrEvMEQEdf9sB5SoDi9HSQuO6LNX+hRUw=='),
(33, 3, 2013, 'yui567', '18276f9ed01a70e65a80a72aed163bc3d62243d003dd87537662d9fa985e7bc2', 'R/MiKuaf4ofDFzT8Q+2dk1tQbYE9MjHbys6pQB82Y33ooN913CLTbWQYTC71PX5u9iP5IiUZTWOu2Xe6oCroH6bISQs15/tTzKqj9O57hnz1BthuyjyGfxj5Ykuz/OlYRun/K+mq4w7zG23kNgcFgyiK+xiJrauwtw547PR2DJrSUA2ZA6HGbvgyYlj3VzL+CizzP+9DhWhLXvXs+7sSB9JmpK4MXgUvvgduDvbzPmzsPXz/rtc7Re8dNCuCjRJDA/tH7pBMxaVT2Xk4Qd6Ppo5hXZ1EdMpjNjE7VpXBtUbNrmU18xPA0zPTpL08bdrJBnxDBO00yjYCernHoLusxg=='),
(34, 3, 2013, 'jjjhgfdd', '6092d3c1e8383cb36884aa634f35ae2e860b280fdc583004537d0ad8993f4c9a', 'cmrqz0YnCj/LD+DXT99SpHzCT9LKhbDrHbrR1jQgrvugEIHT+RmVp5iCpmeYYRZZgW6GL5Z3RZkWqMsDnggGrQLv6wi7OSD5KBlC01dxY/+UX6nFfZVyb5B9GMYk8Xo4cUmrE30u/iQMYQZxwsdCxdSN3VoECOmJlf0Akgig1br0uYoDJwXc0eM3OItgdKVZR4bRYjcw0QThbkwSVnSBXEHXryMjBTJMULax1vbdxDbEj4n1zt2dFAitsnQ1FRoQnAHZalYabwF8oqsSA62b12bAaAcUJ2lFfjITYw44byw6eD4219+LuE3U359+zgKQwm0GeVMEN3oBKOFq0hePlA=='),
(35, 3, 2013, 'oiu345', '02da428f62b69901807bdbe87e087be991bceac442ac8f1891642db1b15377f1', 'XdqkMc8WbVo0EGjKG3hAxLAQ34JC7SOIiOcV7tXwznDqUAuBgg3FibeWwq+WxZIAjZJmcxURNIZu5htJ0iwnwO0pxISIHVW+XCtC3DnLQ6d16F7XiAF8d9lgxPi7yt6cYIHuT6Nb4lTQtAubKYJVJ7jZoPUzQlvbukakiXpC+9ib0kDZUIp8GtbmZ0rKwgi8m4ooklobyV/iJFFkjAMix3SUm+WCoEzWp7NhmUWqYDsYzxt0IX1FHE+O7ZI7j0vpmR5YQCWTdsxFqxkBXqj0jQ5jkf3ZYutAbDO4ZCa6f2l3uvPRMSFTMwHhnGerCOIcFB+HuLk6Owlhc5HPiVm2PQ=='),
(36, 3, 2013, 'oiugfd', '669916c0bfcf1564446411308ee227a8ad7e192dc735c48c611776b6f5f678a8', 'VQcwjuUNDyKu84/xjlEhup3i5+yBCuw9D+WvWP7d/Hg3bFXcvXfnCsp0H1B0IyNB5qER44THtj1NoSV2pD7ifYyHo3pILMqmrbZ00MTelXzRdy+Hj74ozYSvUo16tHh7wDGSNgkvs2hgLxhapFekFGmnFOhNI0Zqb8lVRcRFYJXjMe0WJwacZ4PELpvl1hG/RZ8RlVPNZximAoNxxluMKa5ZeRxBJctz1X+AN9gb6dSMBhIsOysIHAhu5Q13dKxjt6oGM94pZJCh3/CfYLlVV6IybS75Xe32HyFplhKceNytHmeiAYYA2nyyai+3ta4s54yLukRHoB3S6gnvFvoaKw=='),
(37, 3, 2013, 'sdfghj', 'c68d87d1e7baae1d7effe4322166cbf14f12925340f2835eb9cbee3e0abd4987', 'Jn/qR6Ktq3TaKxMJUmBlOk5h+jjQwOMrZlWnVBEH9OJu6H4AN6MKpBlTSQnEGQfGrGYCNPxZIHx6Hpmauxfl+kl+4XNQwnRFI4StCWuubO85wQOvLivamS+pnRbgUp8/kaCdpWMR0pMeSV3IG4vGpoYlg3+5mj8Fy1v7zqSOO82CWlHTRrIv6LNi71SYoniw7693yP0vE5uQQEbZLTRS2dmhmHYm8Cc6Nz87jHGNgN28I2iLhwMiK+THgvfsAEfAo3VYKxW6NG7nh0VqrtSKzBw0EKxbWN79cENGIEs/ftl+FJPT455N60W9idEppCFsmyGjLfunpYDva0VH/41l2A=='),
(38, 3, 2013, 'uioop', '3fe8d37fd5afff63ba74c03fb2c51725e3d68dd659a5d1afcba6cf90dd532cea', 'X3IWyLBYRriJM3cgU0BiK2ny+4Zurl47WPS2/hH6DdkzjWEiftfTCZFus4bdTIPYOGkRyj2dfX5LEVsPwQKYJCRW7tFWiFrcVfBNUS9cxN+trb7yFQD/0kLkCnrkx/zIf3+DviQjtxt95MBspAXVBTsAOw8+Blg1vLgvN6FwOXjDh/RuIHcRiBFYgLDPFomkXcD8zhd4V2v0ANvQJ2F/Juz/zMlcdWoxeoAXdqLTsUrscdYsPl2AlMIBOsVGm1X8U+xsL2NhVTgx646/rstZ52B1Wr26ULqenPogexrBg/R+/zHls9UGsMegyhf6b83e0QVCRfEuAiLh/Rh9nBwpnw=='),
(39, 3, 2013, 'rty678', 'a9ab1e648df3f61f950f59eb3ef552c0d6d9f953c538577899d4e0ee376bbdfc', 'i8+eVqNUi/PwSzkucb1wpm4xmXeUlvykOoV7RtvLWV61zOpotYpxbw7Uj8UrS/xgRNJrP0SIsOPkwqBFnFyi6qGQsZ800BK690yc43Md3SK59QDR/A+GUpXNPkB9c2FAK7mFuBYmST2MhcxHYYupr91mvxhWOwgvJQw3o1/i7et54ZVoWCvi26YM9wOIenotGycZk7SdJNA04gxQQU79GEULQovbdfMx9n/NPRm1etv9RD0GIkf5dOvJC5Q5I0eATRYlGYqwWNtvudXELno4t4Iflx7dhd6nXG1YDYFOgSk1Phk5+iv3wZhhBmRQInJ/ZK+xS3EavV0jPAIPnvIgmg=='),
(40, 3, 2013, 'qwerty', '0a8a41ebd49492f7ee845d7f645c964c78ae555048ac60a5a6a79306b4dc494f', 'dlYI/OOM0nMDZwpf+mkRnn6ZKXrC5fRWih0seTreg0+Fklm+ti/jsPnrR+b2iQxpBgvy+ZxRqtuKvmsuD9CJm3wqok1wy22F+XYRQOnZ1AwCGdZv8b5VE8fca/GV+s5bhaW6VVVIMLMrsjBps7C4efqwi2jQqgO59Y1+J/71A6jF9QE33Q8NFjDb1zN+bkxgpC/jo3u6j/cy2Who4CH6ksUHVnaN8LpOf/8I1XXl84a10aMRZ5pvW7eocpyg5QWKWiuDbj3U57AIGTGX3GkhiyByElicK7+wKaHOpYzcxh0G5y89j+y5VKhmJKE/YvF++uwbeqi7VtCcLaofAhWGgQ=='),
(41, 3, 2013, 'asdf', '671f7d170c94dc143464a0acc9e29fbfeb4faf26e5440cccd09cc971db2816f5', 'lOrPuJ8fo5x+93MaGLVr5LIx5QNjKCvw3yoKuoiBP5UK4miRowTq04V9MiFaIWwYSRDu3UqQiAJJ1ZcX01GLFxPDBdiBRxwTmLrinfIKqXSff43BhEZa8fNhUWoTKBoyv0OqU0O+FGa+Dwa9fWoujf02veJ5xlE+xOH+Z6vY1VQ/AgkavZYBKEkDFdaYDLf92KXPJ07gPgojbsrLYljoxmG1BivyMD31Mkjum8/BIV/v3vIXeWQBfyMgi+4VxHPUAF5Wi/RaAstnR61/NxPH5Q7CFHPezhGH0qOy0Z89lsZTfeI/cK2OcbI4Yn1SyBWTer3OfmQsl4YYzgRyj7W6Bw=='),
(42, 3, 2013, 'jjjhgfd', '8b6dc46830effbff79d88302cb0e04fc15e0841a40af09499e93029fa3712327', 'KbSWNsBOvide5/vCGiRxBUn9un9cLT8UJ+h774vsOzlbrhVMBPfNB4U3nF+io+CDUX1beGBBJXrq97tivze58hsICm+0kMCtwPqCT3DdoS3q5L78EDJGpZbGuK+L39DR00Q6YzfEXee4wK72gOAF/JjEH+0dVCm5LdqE7aFT2Uk9sXEDBAQP84GZxDpWbKS/YgwAGs0M7LE467wMN9qzoabds59rCfKpGh0yKSqOi4hSU221LNrmofhItt8oiaHFWKYtU7MrBWxMKUwBHk03HJJ2T4SP84QLyTtIGYV/Yxy4LspTNlq+mh718ClwO93WTAYcYPXp+yx+pEYar5mjqQ=='),
(43, 3, 2013, 'yuio', '6197d4d2fb11cb6a49cca8158a2a5cb0bb8fcb92524eb220058bd85ebebabeb4', 'kL4IF1eJuxwC5zLv+eahQjH4fqxXTX39CMhAalYgvNHxS65acwJI9dxnyo90RkfF0Jwa6kQTSzzfubI5wDZ6AInDNPXBnvLJIGF9D5RrBsfh4fignihJwpec2DGkpld2NNS0PWnSuxMksI5KTZJWuNaO6jgc36KBvEyW8PicMjuoZcX2EsWIxPzYMQalrbj9V2NGMDmI4MEAEg1NGH7YsLMkaOPncGLz1NHH0fQiq6jMSlQmSbQQFE0NQGWmtLT9GqXi/L1bv6ZpzGCC169AlhopOrmgjGAlofCKZFeoE/H5+WXhRYAsX8DfDs527GqVQQYx0/HIYjXBQGO9eVYdug=='),
(44, 3, 2013, 'tyui', '7fb449b20a0d827fabb91e36d406f269c0437867023eec2e499aad2d73899a2c', 'b43tgi+CmsSiFB7KsMgWChMd79dC4XTNllsW6RkLhBWtG6xmGSxNSX4UEC7NJHcWifPoVajHgtZCTP15eDJQA79cXgPM+oDStEbKYA6PCrBDCnDC31ArvMBv9qTTCMsgaAjXUtCb45E9P0hHRflA5SNd18zSMidpq8QOFZFeR+3Std4+PH32KRElsCR77rzTsdvzB+cOCGS3cGKevfbcN2SwiXSNrcosdXMFvd1DjNZOm9O7zy9HnkuV0ymHOhYNSi1uBohmZyVmFAj5aRtvJdmAdFEWYcNdKpoXHm0eS1++qajBbOUwjOqiQ5ATcQJnG5B884RkalkCKRe4x8MVvw=='),
(45, 3, 2013, 'yui', '9eb80e5fcc90d96d8310ec94f49c6127a471f979f0b84439951c4adbfec30f8a', 'ikbGp1MHzHwiAltQCQeLT0bpHRcYYvZS7b0f7r8dhjWXMPDqBRnMtTy789B4a6nmCDqt4uY8VCp1FuLCyfRdP6KKg5IUFbXKq9ZXK+BJY3y0G6lbHm9EQh9X5kjWneou0fIYtLi3M3feTG05V9xQLCSw6+trGqiPPDaLx1M3O0eNIckBSSsfJd0+4kaMQal+5ruN1w189Df+Zbyb7B93VXoxoWC+JfC7iij0HkIOGtdTkve1Dvxs+nwzF8ARz8VxfYQeQBM1/4u/up7LC+3oPtFhyCblnHea7mk/fNpAxPdCHlSyaz5irL6UV6pqTMOUCQ0+4fdAltmAhgYmtWlDdw=='),
(46, 3, 2013, 'vnm', '3aff57e160da4ba256ca20a8ccd04efe20585fcebc888190e93ebdbffffbb502', 'neeeGyoW6dKh35653P49aBNOpBsU6v7Dd5zxmn2hvR+MbdTlWkuPKJAl8z6kal+fjbwQDedKeM5f1e1oZWXU7yjQ6b7kFlTzDv+n1CLwjUH83dKAfUcnfUcFiFozIk78UzsmUSKkbiY9+V6t9kpvJo4DWdl7vMA7AjgcZnBLrwzJWi5dPg3fNJtIbvu3M2UnPzPFnFML6bi77MwSN4ANJSb0q+XfZWs9jmIeDG1FYhWFwGi3uMn2Z+J1gtf6x/u7VwA9MYcGead10vdF10wg7UGK/dgXyghVfPN7l3yL8rUa26mwE5WdO4l3jflePtQbHRArNQ1NouTxmOPvL+LiVg=='),
(47, 3, 2013, 'rtyu', '09509af81eceb8f454672a4ab9fc296f90ddbadcbb38945d3ce0196cc873b6ec', 'SWGLG4fOORH4Gl58K9fkSv9+sxBjmYqIakmrHlcxEHFYYBBiuVAQMvuIINDt0+ORUaVQaHsbdUYbptHFfV6YX1UvTtylskssZu2HstaH7ofNTwp67P6VLBTdOSPNcJCIoO2IwQDQroGDOcYvKn1LqzmRtaduqYLlB5puRA13DN9WYy23C4lbASrpU06mgI+JPLMJGs56dUa2xXS/xr2jdN9C2sOGH/RJLzUlOFjthl+557oHYb6uwWT6Sefki7bFy6cHw6cVoFpG96L3Vo8SDwfpNopbwc9VXpQ9KMJ8okTc+aTxTWGWb7gNKynkveNO2xSmooWc3F23W94I/RPH5g=='),
(48, 3, 2013, 'ygvc', 'a5d0a0626661c6aee432ff404ac3a0dd244240c4caa09b03c07b94030028ae2e', 'rYEgJ99ZDf0GLBsO79wh2qYuEcKapcoiK90r3oXDm5EmnFR9KdMe3kDj4zHpAeHQt7F5LoXtXsb5bmufD7EmxFGIv9euDu7kZ11hg4OqHXpU4Nz5Dp4kiFsI6avifPJtjkdXoc2xPtPzQElyqsCvXBgEMBNqZ3n4lWYbKh8Qbd2Hws62Xcm2aZYM4aAuYXlFO7QUrigwCgtNyv+H9+RpyPQb6pGKKwXFJzvgM8QpRWeqHc8D6KTqSbOxFwGXmbjoFEsYbiI5QgwuqtFY3BcEE3ku/ofsMvx5IAJ+lqU7Y99Jg+Y9ShAUyTiN2ErGkfRDFOzcvteyInppezvuOE5pWA=='),
(49, 3, 2013, 'poiuy', 'f880f38bee994dfd1c8cd1f05ff5fc751ece82ff1d555bd496ff8861ba41bbe8', 'Xof9MAPnqe36GQ9pJUu/Ta+vd78LL+Xgomb9B0iTGT8kMb3oChAxvy+i7KJtks6XJjqN5t2VrwidY1LC4Ls/+oertnT67E4g4oJiQ+FlkWfMNs121ugRUGb+MIUdU2IPt79+IgBfOiBg7Pod0YbS997vgNfAeIFfDXakuUg45zJg0PQZUmLFW6cuy1i+zyOV0mAXZ3LqplAtCZGnboCLXiLj+ICLb6JqvEQ52CoYSENmpeog5SWUPpxtpCcb5o5Shur24Pk43yjodeWhzCTfPzuBsIxSw7C6OMz/aL5nSBQ9VLPMo+0XQ6A+C/AJ4NvATCPLkqHoJZg0HwzDliovaw=='),
(50, 3, 2013, 'tfgvc', '057ec87fd91a7e3c27ae55954f4c05d6af097d491253781b9e9e542faebf0dd3', 'MXuKTWRUHg8pclZcTcaidBUlyNWmc7F4rDCRHa8RJK8M+5NieoBXWyStPnTSZYQEZYkURW6jTJw/BmUO9Z+f0ThXdRwLX0k7MMnDjpXWGuAdSD9WmBsz7YsI24Kvxu0TOcJu4eIyB3djOAcoZ+PnT1hsDfpfzUQZCapooE1LJIK2hLkKDwJBG7MgmUN46SSUsAaLbNoPTwKd7Ofj9a2QASqktG9VwZc/PSJlWVgAcGfr3uscDVuc0lTFXUWEqYcpEVRq2S2+/K2b8tumQfPRzOqxwrfaNj81DQT6cKGkAMbLJp2590ukWChMepZgr0VplxzA7fnelTfVWp7rp8f2fw=='),
(51, 3, 2013, 'jgffhndf', '26c5a362cfc80acdcb59c68a1e3e91c2c8fe4e83e5dae6040dfaf21d3dfc48a8', 'i4L6nhug4p6V6RceIY6qUdq6DdEA3gwkRLUicZS1QRmQs7ottv31WF42JsOX7UtHI97i+dYp/ewfc+QjvAlMPkjM0buwUsbhpOqNUms8BVq66BW6rnsd0f4/U5p07uY3vmpUxveX9GQB/jSuXeajGDO4/+iSt7BqLhMySz0/4DLs8UNt1TFm3sUhMQMlKIb30GB4L3ofvxiUgDyaicmxaQNGuEu97KTcWBFx6hRWNX0TFpQHsRll3xhoJsDNhY0D8k1geWDfmjO0lrtY2+Fq/BiXbs8hOAuplXex705+UOPQRCVQNWDYDRjS3Jzj4BeTW+V2yiTFJtcepa6k0rS+lQ=='),
(52, 3, 2013, 'llkhgfdgjhfjhtj', '6744b1bc7524740078553102f9be5055cee1fda597c16b2411c03d4d7a72fc67', 'sGRqT7pnp+7coNibbR3Df/Gh7pfl/omUTB+W+PpAnPNEXEqOUnHIRbvhE8lA8X30cPRCE8j5SNvHBVXkPySAIUFyPoPGH7wZXR/7zi1uZyz8JGyu50r3vy1ck+3mTFFSqZI7iaTtrBqoWBUpeKl+cuoFhirUsDlvr6T1mZDy7+SJ5npiG4jMNtxWkQJGGKOyI6DKWZGjlnimMmWm09S965KBZAzX6xU8ytQGWyCj+hk1dDoUoFm5I8wKGjZETyRPl8C3bWv93kYNNmTho7Tt6o76o/Jkj14qSCepLDjEycwiWtVW9dfgva2uZG1qBDNh2qO4mud6mS9uBU9rtQCr7Q=='),
(53, 3, 2013, 'tyu', '1b9c4f422eb832b47fb57ed24ffa0651fa81f402f44b9a000754be2ab0ffbbcf', 'gQ+v3udeyfJuqU4+U72N0O8FEHDX0tXO03vortf007qnnQlxO3lHpTQFnEkFmAbJAXZ0Fx+dgGCRT0F02JbUmtfJPzDSeapuSLuvcPS64LayfSjprOifX3FSKdG/XNhp428SeufuoT+DiaxCKTLCjz7hAVZC842QXsgp8furfn27l5I5O/q1uaPwTEDAaIiuJ3RPsxuX4IbJnyM0BiBsSO7PqaZfOK9/6xhofsYmp8gBj72tOB77CTKzpx+ub1q3IMBQvp3mQkio+sjgEgPrVjmuOzdToZMasn3EfRDi508PK3NQlVA/oyujDjVmq0ZHMeTrxChxLQsI2Nowa8+grw=='),
(54, 3, 2013, 'qsc', 'd03af2630ec78b7d9bb820708beadc4eab13dd09be47c4946ecf404c6596ff39', 'HDZvp4hmTSs7ZSJ5p2dtTa7yTOW4XO5PIRAPA5+0vq0ePlGBGHRV0ujcUSwVlLD6Aq3iSIEJj1IrwXy45kV899XG0sU66jbtNB2IyIkQYG2OnOlvOdFNw+n+vlh3xXcx8iQYQ38q/2fpR4rNz79yv1hSfn+RzJcLmikFFXsHF6n17Mn9o/9inA2Ba06G0AiC5chDbx+K6tV1xPcJPyCZpn7C3T2asJO4ONTcPlzsgic9uemPtWyWfbxgOtJSox63dacqa0mpFnmwrpDNn3SNnx4gXJWsK/ri9GyiyTd1j++Et0mVpYUlW1qeqnizHXi6XjgegR/ifdWI9XQsMdIwKw=='),
(55, 3, 2013, 'erty', '8d6c05d296fe084fd13c0f4de7c58b7338bfa286cf4f17ac0c8e47026b6e77a3', 'nr5Sq7M4EzqB4inT9I8rQbd1XCf6ThdIfVBHjMIdmgEBd6TC0zH6V4NN7sJa9+1DMzYoBun+xUISy7fnMGJACMopBs8um0/B27a8W6YSOKrTexu8WlkhwGc2sgd2M8CQtK+ajQlNbTQ912R8kOg1vXBw2iLN2llue8w3X9aK3h2KgYogw9I23riKjWFd/6yYUSWzudLSyOakj7ZnRKH+FFHkFypdvQIW0BfaYEvA4kjCGVg7YG99aCfP5d91WBV+l6oiWsutcVr90yM+1x8lA2jmlMSfWdzeoP+broQPEDV9QDgSRurHNX4OU2E3XpUkiMdqIWueFI27tuZQoNFnqw=='),
(56, 3, 2013, 'ghgffg', 'bc0fbf8ba4cb89a4fb391a9f30414f22971c8c751c4849130459b102a48d2963', 'ltYlF/OgszoKo3tDI/o2m5MW97N3l39FZfplV3+JLkSu0PSdC2jpqbUrgRvWFVYLWmagPi7NshesIN6f8kGxN7Oh6/vnVPI3Q8JdxbJYTgQavIgv7BEkD2JAkTkO3MOROlRWzaLbZYOUg6s7kynCDok7ajrOdgFdClMbXrbycnzWd9e0r+9fgbIghf2nv3bJl2isargGrjDavpMHAP5QBw3X7QEtWLsgeQUmn5BfHIp7RuNaeBMS9o9jFD5pKrGELAFEAAznjJ2QOU7bx+FihSwMexD9pO2wwhU6ylkVxeAiBS5fcHqHRNsl3OvL1wHhJrp++U9/pGWET1pg4FqaBQ=='),
(57, 3, 2013, 'iiiii', '0a68001f234b073b7f1b9950e8b186f6963d4387767130bb41d6599a535b4518', 'pRDaXmlUNpUDEGSYDltwIUGcTkhjRhV93x5HOW5pY+1NR7jgava721V5QuJEUlwZJ35kTAJMXxW1w2B2nfFzwKKXpgTVsEN9SNbkDSHZyBCGM19Yk4Ps5OcDchklZb1B7n4Y/DG5vWXnb9rsRn+VWw0Feb/M6TYx8NbncJUzlFVABAzGWy5lfz48LFAC5jVQdlVOZyBVeyJ31Umzoc2MmjOtAbAFWmguuP/wQWX0xcWg5qLSLPyy7KqRU2z3py561/0UZjW+blcK3l+Dz5vFosj+sLj5RMIFV4qcSuGL0D8NFoQhvUrdic1t6mJKWn8gBySnxJ6CoxsaIw5oThDhlg=='),
(58, 3, 2013, 'iuyyt', '1204b513548b1b8e1ca5f48ec913aa5e3f8e045989037d258f49615adb1de9eb', 'mNUZ3JAF2HPMGYbU+u08+37WWjxdWNeiv+rqXq1JOx4UJebLXjUGm/td/mdzeSf5+lgJP+YlIfXwCrn7I5NoBE3cWA+yuTCwT3+sr6s4VGXMMJ8zXALDR4xMaGSpVrVUu3kdCt7Ad5IlLI2NJXASp7Os3jm7o8jUZF48PBbSzRdotz/AGps9VjYqLuY8Oz7AuFkPs4pVGgq9gA57WGSHqvLTfhUCJ/wwuFqOa4SiKHm65zRpMcVNDTekn0D0yZpTuMDMkA4Qk/nSrexafGa0CXJJsFTLiKXhoQSB0YvTtNE3JOsxLxghfhljNVfDUpKNTFSwVSFhn4zbLG4euio2JA=='),
(59, 3, 2013, 'iiii', 'edf74e17823e340ef291bc4070168053fefc44982fc553e565f5baff53cbb5f9', 'S/eUzODHTNMsIkBYMUz0YpdQmQdu3UQ6sz+twZ9rehGyBPpSCnDV5evtODfhCkS4NCu95ZfdFkhoaJHqYxRXEvKxFNdQe0cFpsAyhQEzp9rPDax+Wv5do4UR0A8CqrzEUjj5EwQ36ZB2AhbpDIR2IdXRyZJypsVZi4BXUxddUbvKZH3viSUFSJSAwjDscJKWlF3pYlGt80kN23ZRYogVL4z4HcKsPiK8NixhYhr9IxizMWPU/BQtwtnf09iyjhtVkcma6wH3YjcsvWgW7EaUUl0i8B4zXdEndDgt4ZGPaT/dZ1674whtw0GbhdrvuNKY+e0351mOQmPRyHazh6bl7Q=='),
(60, 3, 2013, 'uytuy', '74ad0d73a6581b23a24db496cc98d1494d712e421a9d3117aff4d2a97ef3747b', 'VwCCEfT7OZjj8n4W+neNSGLnQ2aFHAmVEJ3A4ig3j7spqEZXOI1B8nGzJZ7bJxxFAGqcgcDKODSktoi+FJ6TxsoUc9SuakWkEw0Tpp8mRK1/Dq7SpjwK4LnLnXsNcnnzSZCZskLwFUumaWV7/QZjzxMrO1fcuR249pIyAB1hoVEM/5Cj7cK5CWxMWAGFm0JRwjmDcsSrn30wDWQGpGg9kAmgbdwTo+m/IY0BSeYFvJljE/Z1E2d4vQQuftdMthVioYHFqJ5yhXXyAlbSspNrYDBi7EzvH/malQceptjDFpCVbNMsnTb6a14otsS8TgxBu1d01ul92T3/VmioHhb4gQ=='),
(61, 3, 2013, 'ii', 'f14c6a14dfdf638f594f9ad56f00757b7419a9de4c53bbc893695a5ae124a70a', 'BtSZLmGuSnYrinB5DwGj4iXTgaNz9EIlLxdF4Fjkg0zplY0yLx1r4BqYeDpiYR3vG5AOJC5qcyU+/D5CJd2eVT6haCgFk1XcIWqYj7VtgUTUH6oZqVk8Z/dJJ4k8tJBu0aWN0fCUZp6sHIFqVxSECztrUmoEyzHLXRpXTeS1iFBHiPovt6FUw8l1v/hjs5bRxWelzkPRfHRHW/oMGzDNBgdAs/Z2OM6rXIYsD3EKwniJcIGejx7BAhtk1JUEyZQG3A13HbNjUJ4nAzFUE4xh7BraTd34tCyt+T2LJo6XcDSHHOUe4HEGpXowSmx7gN9jTkYYH30MuEARPrY/vUR+UA=='),
(62, 3, 2013, 'iii', '69cbb3102b1c38dcb54a69095da7f1093b500e46453ef7ebdcb45418d3a6a9bc', 'nFbNwQ9oTHjaLfzN1VgG2N4i5KqD+cAloGORDccVGX8xFXIWCNsLc+xOAA/WyIFpjEnTh1wInlA0Zn6JdRhZ3mHj+m8at51xlTQKsfwhhOBMPhwaIYNAlACQl/d1wFVoAKf8Bc0HwEJXkKuTPVsUvdrKZvlEUt9IZ/OI9j7WLTy2aDTMl8lMNY2jKvvH2tOUPfl+4CUqreT4coHINPvAuU4ovRUzpzn0ZQ3YTKqJPoXHJppxOza9HC+k7hVLJQuhxI23/05NtF90oOODD9a0rOtHlTljewbTo6LwfrRyNZLbiqKcZJlf+9vyZRVPdtmY7052xuLYDwsRy8TQZu4n3g=='),
(63, 3, 2013, 'hjnlknjmlkm', 'bf42996e1551941c51122ad351cc37387bca8e99f08046d9ee9884be747346c9', 'QuUvHbkGY1XTq4hYPtPemkcDSCgKyu5T/unDZm1wJ/cqSidgl0eHmSWkkIpM0ItJFxer0GWvdzA1y6QVtD+afQPJutEQgkAit1Sk7Q2cNl72F+nr8n8TWqvBNg8hM90q7rjDj2WHEUy1VZdkZ5D+r63qqEgnxr61WBwUAKRUPdX6h2msVihGb/lk1T0wdkwXfJF/spDFtstUedge/2kEShnn0yB9f8/P1Uv+wkpcLWAp8VrNVblKFK7LAa5sZ97kdy5fXb1tBbQNx88JQcx6hyQOJHUXeHLs2j6u+oLMWgoToXniHrPVr0DOJxpycEOFL4jahgO2MdSshZnLTyvX0w=='),
(64, 3, 2013, 'kmlllllll', '40a9d8737b31af69178a94c3d2416b72660f8de59f9548e9cf2c4bf4f62a5910', 'Ti8llbwmXgbjrcavisW/gnvgsFfaw7klh7nb4RBaS9DojDwu28cr32JInOCKrDasQ6M+6X8I2i/z1kOebRIAgMVlyJl8CosbkULsYEmFgwbBhdQ7fkcoFmZjUhtMHm9bUolp/rFZTVlufbk1roplmCQjHdCdQyY0nVr+OlDEFfyYL2wPsrCD7v4+GbfsOfl3mclOscUGKd0NqQOBcFv0TA+XXnjpToTOp9Te4L4ixd6606NDkiSqOdZC4i2rIOCmAfB4sTVTXSY/oJVXbpoQmPUuVDfvxmBwEtKakgHI+6oPci+XP/TvJBUZTN71dILUU6eIE4rrizLQKBDbpOtcrA=='),
(65, 3, 2013, 'hhhhhhhhh', 'cae28458052efa18fb9328acc9069ebe93b0ff9c10548fb7a6c1ae19a6bdbf46', 'iux7ssBkKamM9GSNILtHVjdFQYcnBYGLN4NBFlIY1TAtzFCmEybcg/MBkFP+FaN0ofVIgNagckEVPw2YaFbzJWYNbdbq3MIc9QgryUEcbHQO6x00NsHw+G9s50bXzHAfjDwY77ZDEMpAYsBK1aPtxZ8NYwoRXQCZEgZM5TsoL8vep7ZgyP9BcNZQS0aI6VCg4Ucb7a6h2LPjkIj5rJm85UQvpdlYAzaf21AA79eD5Cddh02HqFUfF4y+HKCIliydLHyuzn06VV9bVMbS7KIaPYYgAJh72AaFk9K8UUeIJfxr0ozW/2w0mBe/yfzczDR3A6jhopTpfG4JK9hMUXSRjw=='),
(66, 3, 2013, 'kjkjkkjkjk', 'f4180e58eaa2f3c56a0176f9272e2c6be3153c5d879f363e8b2b6f673365d411', 'HTbiKWNNGslESA7jp817hpkNMGFoN2EP67jlPt0MRGU0/4O3rzHP/tUMFIsxBJrhjzl8Y0gNaYzIgYRZpSaRIaZvoV8GnKXil3YSh4D48BK9nXD6LJcBbGqLc8JzElLk54zl1Mv/Fjr9OUdqTumdTXAhTpfi82owRac/z1PKYYAQXKFRni9CFtSBON89EIM6m2KutwLKVJprFtZ+aE+c5Hf8KclriMEF0s4b3tZKP7qMZcBfGOu3Q83ettNOD5znT/m4gqjxdweCuzjGG52g/9FUh/S7kefChsNeRHowv6v+t4oIaEo+MWKkOFdk/9wieN7fxWzUv5KXNBGaKwMgjQ=='),
(67, 3, 2013, 'ttty', '7b61b7f9ce540009dcb1e04ef780f6de248ea7725ebd30076dd3b243f2b58b08', 'Ul1QpszkcojTzym9oeeGELo+dYgZ5lYuOUB6Dq0inbWSw5OdzGJP3+WbBOOArhU7ChT1ErMx7OXRoHool5KAYf6BSqFejOSlDrl9wjIH3OWS05aZH8Z8BOkCCI7R6k1sI1yY5jh+MqHze/3QgTad2LNOUVoHpw+X+JXOEnS9Xh2Q9MRU5OdhGXE8lj+rnJ1VfKjsI8e0eXyTa6u+T4Qhtun8bG7z4JtpprQ2dzxNYdfZ+TZlBNVPUhFvFrokDznef8otcIP0PdUEtmHgDiPfg8ZarSxol/FTHBFZBocyjYcGw0wa0SDtg0Cmi5/rjANGR6huuO7i8QpSVmWGQTUgog=='),
(68, 3, 2013, 'sed', '202de789b05273f96154ed3ce0fcf1138a6c9e6281b070f77ccfeccacb526769', 'GAsCYNShyAjE3O3XTkQO2I7+4yJT5ypiRomYcsWd3nsuuxzQP6QzdkHv8gLDF4wiwTYoB+jCwD/KvDukEVybmbu9OAoVZRzgyAS1eULYSrt8hKVCjus2sT5zgDfSEkxGxPlzlsh+TnZhtjrspByr0yI7D62U3U9/NqOCFIyXgW6wiUyYg8tFLY+xvXgq1zxA5NGs0TJzp19tbSGbjkeKWd/Asp5piMvoRDvj4dB7aq+VWd9yA0Jr4NVWbwNIRsB4L36KN/8rt+CfV0/GkOnaZuoA2AnvSFaStQMUrBXQMJ6MmIcMqypR61EaAayPp7D+xOmh7f1Bcxs/g1BUBhXOFw=='),
(69, 3, 2013, 'rty', '2d78cbea8657f9d70d6bb26fe08e8fe1e954b8ca64ab4c11389cb22675ba8814', 'iahyqWjzh0mfctBag7biRwtSJfPVnFd89PEbhJCp5Aq+GA/uGtL4cid+ZAOcBsHIAZ941txCqQEesnu4GwmcGKiMCaV+Sy14b0Kw1Go+8YiYcbTQPcoKCb3htEfIEZUoonBAVbrMc6uBPygb4Cj0mGBdDTlg+4Y6LlO+klmgWa2p9vEx0qobKHUZZLhCJgyGdb5IH7DuoU932DrFmIPH6U7iKkEm6YvIUaoES327yswk3wY2h+DQCooF+bcyyacArUeMCWKfuKlvbMAFsrGnsH/K/Hb6ugo310ldHPnx9BnQtUjnP5xwV+HMnjMK83HzdsUPxjiBn9DHPIhmBWcg7w=='),
(70, 3, 2013, 'abc123', '7d5138b1073535e5971c578d5999bdd9ed18c2bf13c55780361711215b7d9cf3', 'jQa7hLtKSwkvSorc069ww9rY35fmW9idZcdfzGm/sry1ulStb370V18nUQanww/ppoOq9lCQ0fVJkaj6BdIN5BLLhfZ3Cj08YkevcolZGoDACd+RtEfnnckZLABewDfe8uIMTvgTnhUAEb84O89ZoYEeMode0bsXX1oSuGyKJ9DboG1udFXizqyjqN+VkemG7nRznvjGf7zBWAZONZHwnSM4+TMf0wRTekHIFaNJ7J5j2jycrB/2kl+hRA/bCge6eEeO3m3hFLW2qkEsPztuSV0ftnYZ351b1Nmm8MNeMzvqPd5dLtxOMSGULLxmJyyQJYNyAbnhXtZg1Ts91OUM5g=='),
(71, 3, 2013, 'gggggg', '1bcd6faee1d368ecdba70c4dea3adad199058610bda4dde05e8876288c2f0657', 'NVKhShLovAaPG5ekAcuCaEd4k8BQYncS7SO4u7MlBBSSzzTWDnwaLs7qXPPuXUO6QY8XUdepRfA4/IP6RN40mQGk7N23WiGuKGTsM6u9lxANM1zVwsfjhKxN45jjndGzai5z4XZmY9QZyU8Hy6QxBnNExASYw5usjkvXM4+AxHYDnwAKd6vPjyg7kRBmglPEaeMfrBEUOHAw7dAqcelp6fY+6kYabuV2ePfJNi7Lg4SUobid+2ZpL3wYOd/7Aizm3d7V9UJR2+n0ZZjazlvoAYXoBjMDlAD5jE1+IjhfKqAn6+EJDWFxQ907BSEg5XCM4MjVBnbwXA7InILzusOQsw=='),
(72, 3, 2013, 'frt234', 'df158707827ae450b783b1340d800cbfd2595c8938d7d696d5ecea954023dfea', 'WQsHGCyyY2d3xAhxbWxixewCv6PYOCgnF+ksfoIgc8lUDbrRF9nFPjKfChHvtBHAfE67i8EDEer6b7q8+c2z+CNTmdNw5sokzga3GonUGF+ZkOzEULZo8XECGptXfgRgZ+Mg+iNF0Fadx1Ms5XA6gxD/LGc1fGO++2OdpMP+Y27+vH1tSDTgXXbVJ37+y5D1URZMb+3VgJvUlMtC+VpJeXWXwGSk8tByM+C8d7CgGp2uaehzDdanCW9Fm37qElFlDvtPzAGV4IAwdADOpf8k5MSY/c43GrES/HqinwFgUIRczkmJ95+dOrrq98h9Hao3VD0VfJVhdDCFergmELL4qA=='),
(73, 3, 2013, 'rrr111', '0fa46fa5bca6e777d88b8d2cc3026a44b87a20b3ce25077ed94bd2e3606d0d73', 'hOyVBzh++9H1hfxbZyrPQq51x0BH1kCpAUT/MQp2YtGsMRcFOABJEU0EcoDTMyOSSmFjodC/HMJAw5aOBH72MLC8spBPCGxqMJtezzpQz6PmLbejPeDygNNidMtJLzKUSJBTSD5yQN3wzz7u66TiUvj7v2i7eF2kcfl8XPaurV8qGoZLSsFXlE9/JIiDw9AZhzkCrv5+QeBpxp3k14tCw+fHegIwF5nsMv388PIVp4KNhWtwWQcwpW3BRQ5dbFweP7a/l8Qf8OLKpKYH1wfh5V/cO6+tRpNRvbfwD+lK9CFqrrhQNd0Yo3O5dsJGJuwicAIPwAq2H17q2bhOfRF2hA=='),
(74, 3, 2013, 'eee111', '113cb7a53bf2845ab13bab7e6fe0caa3db1c6f384fd617f99a936ab753d67842', 'fpo/F8P/y+PokayPWPfGC0Bo9gf9rRU0010TXvc2CSuDrH/SRmi3ug4BzZ0pPzKc1kUvyr3TQOdqBinai737HkdBKThR+S5orTGGFF6Et2b/zCnbIWu8psAvEX2ey/5kLNwUu6ueM4e8T+N+Svkd84yQoct8Oky0gYMTD+kA8ypQMqO1qeAh8CJDWQ7PanUka6HT/+ZRbrToqfgFkfXOJ/nm1B2X9Xa+CbgGkANKTLD90zcsToABwB1RvQmN9YQPDki+4DyKILmcZZLPxS8IvVkJ8DrKrMe8odnWTOfwJxtbj9+JfG88Pi7tS8bdEI8IoI53w+u0JvtFOpGhuBCW7g=='),
(75, 3, 2013, 'oooooo', 'c66feb25c1c3cff50a959e0ed3e6a0c9f3f7daa171647865e3d148b598f4f0f7', 'et9rh/nXWZ4C9byf9VVefo5NEU+xs/0vwuEx2+X6zn3naQo7cHkBssxtMooebUeisv2Sve2exwK4u/qnvTSJ9HFXuwTYHiOIe8QGX+u+q5Y35sDA2mFvU/7NWpf77vT80G5VLtHpFbvlABtdGjGMaNJnj8UVJUTKydoKfH4gY/6o7LGiwOE07Yr8pvWz2S4ssZNgZRU8C2sKJbVSaoVaKmQM6Mpo2nWM7tur8pQVCvH0tPM9TRQOFDLcxMEUqtN+RFreH46sxCDh53oX+balpQqKYRI0lm9qyhGyTbCiBW069iJSIpAEHLa2QN5QEFp6UP7ybPyYvlaxrPFVzfeY5w=='),
(76, 3, 2013, 'ytre', 'd859682dc7c4580a25e64ce78936689b36878ee1e716974ccef0b5b026799dee', 'Wt0Uzk/YHtFYUV2Ss5AcgrE3eam9dAYeT9A60F1caYKZhkRP1n0bbz7TTHq6GhoYER0bb3oY5nMa7Ay7lnixYRFCyp0GxkOF/uB/0P4KY3zYNOh5X0o0BAlV8ATbn4rvL7qw/vreBUrXX0hyvhKJHNovH1o4A1U/ozykz/wdIzIbbeJw9AY2xp9V9GO5iM1TAZqdivjSr8rYr71MtQ2ff7rm0CJ0X4NqeRyX84b0rVssVOlRQ4hsR1WUh6j4V0nNVjbM1HVwzB+ISTQMRaNZEri4Nd5IlLF2M0tvC1h1xqHyA3f1ynt9Ov1gel2X+GQ9nRoBhMPxXeREBk7tr2IU/A=='),
(77, 5, 2013, '8765554', 'cb043202434296ce62a93a9a4a9f8e6925d296678b92265f295d0e1fbe19cf55', 'b5ajU/Vr2fDlyPjIX+yy8ta66nROeA0I4urQOu14RF3ptmLh7GqnYiXhFyUq1yoBrzsepqgK7JjqxKoTI8rtmAr2n/YivBuFOX93Hpx9WleHPqmKhulj+FKsgUbPLzYt1YCXGB0SeoaRCYtwFOMleBXBX7SGCY6GrthFH87aX2LkUZSC3F26HwLmgPwzKEGOIJgepoNjbLxiDhcR1n8qJxW9Omz2T1QHKSRWlhIj9omE9PzGQEsTzNnlALwdU5n9DObtRDMKdalSkHpj/OrxgwKv+XowYkOymDGAtxMPbD74f0kf9X+x1VOWHc2HFlHON25aZQ15/4/sRC5HMBpKow=='),
(78, 5, 2013, 'hhhhhh', 'fbf3d1fb13beceea745c96c21b1d127b4c14d3fd84cfdf63da3eecfe3d712c96', 'nUednjBxjMLfXEmGvMIrysP9nEegY+EzqIFcanyEiikMmsUJ8dUireqcRzLU9TGJBIiU1qACPWn6aCB+FNAr1tk6n1lhJvA3Srsyw6507fS5LhZUlAHZo9+6T1BI80AQPXhdtZ8ldjWYBEckdP+ZC7EZrQVqujnBPwt6LBtVsK+udMc3ZQClGdoD7849i82aVwjkiR0rNSzuAYr0/HrfRpr2udT6VEw59nSLOiGHr2KHPikRWKSB/UjUaIbG7QkpcW9jVsSxS1LUlND7junezE2G9tRiUg64Wfw8uYNrKYu/4X0UXor7/ZBj50oz9R/6CbH3+hMX1IQ9C3xqocvBXw=='),
(79, 5, 2013, 'cuy345', '54980977de9fc93f065e32dd21ebf6bc1092429aedbaae34cd62fbf07f7fcbf4', 'm52QIzKOVcMgHj0IobxXeEgJClVIZEX37APaVgo9n/49jAPE8e9EV3FDK3SMiLYGFrcPG+XFOuFSAxrojWXHjERz457x6PmUBbAsdrLs0M9B9cyKzs9ULTGVolfNaqDIXmKDqDAYDk2tYvv8q+pLiHD+S3fMNJXo4SYpyB2+mdRb76kvQC1nBLTQPRlUGHirZX2zxWKxX6hDQLRDQDyFz4YQS6mSHKn75v423gEmGe5nvw3qtfHGfrQcsW6aiN6+OsPJIlMpLfaTBm0dO16sTVAKu2PuMUeu6RTuLyz4WaARFrDdi4ipfkcjj51IDeoU5zmGrmxNwcBe74LwFHul+w=='),
(80, 3, 2013, 'yru567', 'de9ba17f211471cde47d89980cc82a279869821fae32704554710ecf18641338', 'PAK6mz+zEcBtwOP1i6FgpDPpu45Rq+XOw9s9xXZAgBLdHuPHiNJe6pyh7waNLPbAoSt0n+2uHTBcfWtqnnBBuXCBBM0bp9MzWYdLWXANRLGHjQ3tqNRM2Chb0wQy9C4kFCQHI54OkLzmoWFz5i1O8AGQ1JBZSjOjkfwi9QPXULGXx2piNX3XnsfmYrQnYa/8y0XacyfQK67WWv0p+uJQMpKXPzAh3O3LRHK8Hi+wvuI6JafxIJq4MIFdLohLbbUqpSBBMqsAkYhFjO6gOj2K7MZUsD/nsl1atSMMdLtlryrLsA9gGs8DYWW9hySlmUrg59BQ+mxHjw3g/RtIsneNKg=='),
(81, 5, 2013, 'dfetr4546', 'bde5f82c710c3fe17d17e36ff4f267051cdda57ad866700e7fe7db2f4ee6d858', 'vaAg5v+MsqrxvpwIG6NzmoN8AfUNpyY51E8Fr2f0wxffUtdZVvl/RHswcG0tES0ZlAPcRPy1EHSLQCr2IUdOhbSSSM2tgkMggaI7VZRoQlsEtlMlrnnGGv0zQqNYpSxqGdg32q6BgFouykO4OuaofpyMMZ9fCGgaIFHr6kqarjTCVy+AUbCAoxP4KIrfqwCMnSHUaRmB7c7QVfqIBZd8ycKic1P7JfPXEfQ7JCNN/1wpF36Ec+p8fUk9NhO5xWWEP29XOyCfxdakV3M9s1HiA0R2YUJ241Zb3MPqd7/VGmznC2Ts+81Nl2mT4VwU+XRoBmMhhu4B5gKyNwr4Ib0Gow=='),
(82, 3, 2013, 'ertetr', '5f769128a701da9eb5f7a672a28c8302149b46556b057a6a54517c757824b048', 'gOm63FMjbn+ypillhRAn6Fs7IkPH3/5wfOFb//v6n01/A8M/5i4lIcRVXTH12lV/mUF1dpfwsunbc8e7iYC3p8JXlr6Y0f5hyW1+4MtESUT7nUFP9rboiTpXMJa1BD9Sjkx3GNHs2Fw14R3QJDzHioi/+VpZ4RUlS5vR9qxdBuVZ//iuCjxdR3wS7Zpm+HO8+LQXL5nQdnau0lieZRaaD/dInVv2VyZWYXK83cUxqHzHS5jadJ+gK1HqX9JVyC9AWi2eObWxKOkGV4F3QaTWlZyK3UVyYVVzE3aO5pd/+BP2eDWUAjDpCM4JVe3w6/135SLgSpT0nQCrkT5hchb1Kw=='),
(83, 3, 2013, 'drt234', 'f54218ca9e1aac3cd6dc5618d49241be3a850be6cf6a28e5acbd4fc09d40d3f2', 'ndh7eBr4u5w6NjTTxZdRN0pcCkfGI6l7fUjd7EuwjsqCURZbDo9+J27CbxrcHsJCpL99RMIYwfAnkdCenk0RdYP1WfVYY79NH7bgecXL7u1wPCgBQAiDb5ujJ4yV8pA/oDVdLXcrOc+W8owkdw9Nhak2v5mqeL2otk/d33OBZRZPiYOu3OGhvKS1kwgitmGEYcsvSkucKnkCUhKk4ARNJfCcsgne4BVenw/3Na5n0hu6QQS4VgsWw25OCOqQw8WPtRUDRBqGgzAhKFb1/7c0EwGkVKHx8i+AXGP5t0VfqIoS7Q9TYl0ayby5sWuZ9Yd9bp72Uk7eJesD5nFm4GlKPw=='),
(84, 5, 2013, 'uyiu4535', '9fbafe821a24b938336886c4d34c908ba849b01ab432dfe32876f8f3a88eed58', 'iA8SrmmaYZHo+5we/bKqLufCriVXl4Y1YbPoz3eA+ywPd1avk/pMJsqJql0A1F4zcHXqW388ML9X/sDsoCmg0Fa+8YzlnXrqNAQMjXx9DC6Xblcx3bnyZvT5K6bRq+Psdrwtjp7Qhj0jubh6uBOSixSanMswLEEgJ69V4iQTFIXY2JFDTg2/FkBfpf5gQ9HoXa41t2xW9jr7v9eHNwg7eUe3S8PHiyo7Jndpwx3SsA1BRhWZhmHf15lnUlN9UgxXtjeqqViMsTjC1TUFcqpxhEJkpEUSPRG+k8TgTxgE1SCl+rbg1+CaRmUGNY0whUh6UAtS76VQwY9gh04uxb0oLg=='),
(85, 4, 2013, 'ser123', '69f3798932e33668f1a5c5bfaf9ed5bb5938f7bfa7b6e18e3ebc7f4dbd213e90', 'jvGboBvDJygf1UdBd7h0h0bqYrz/y/+mI4QnGMX6/blOwaMABf1cCzBFfSixkRbMybGotuMfE+VPZoqnesKcnpcks3IG9uuwHZ0JTJAg/DSsm60d2A0If67EjVB0aIooEbObXqhFJSPyYtI2hyPki4leG8jQLVHRTf8SMbK54rXUBm+Jh5BV0Jj2DWt/NNNiq1MY9mA76bGJoJA0G2mpG/OLO7fqtmStKmbgRI7XKk4yag2iGfp3xWsLKUB6o69Q8mjZ54UtoetH6frVynhro744wGbvN+tuNSwnriKZu6IxtR8XsZ2YPnno4RciIR/nJ4qRhZOiCsasR7dmfQGTLQ=='),
(86, 3, 2013, 'wer009', 'f3bd2d3c6c4938cd2ba79f0da9a30b6461389c9afce81f4ffbd5462b03d635d8', 'lUHr2hzLhVU6eb0vE4VeKdBeViB09DOm3DFJ/3RJ4Znfs2qk6Px/SSistDzyutPljyV7ReF0JoNDbRFu+eFRz/hEkwCf0Ewi1xBVatgCQoVIR0v9hPmIlMbJIfVZv+7jmui1Tpl1RmgBwsiuQ2845bhokO16b7ZFV+zVsfUH/CHWO+7pFe3l7CaBNFx+CrPoVTfXS6qBG12wj1fFDp4f2mI6c+cedUgAva2/EYh5zurOJ0g7s4+cn6k/5vmyxHUFnaBzqFxmIuQkOESKv7ZQjJo64wJ1ggoo7RO9J9MssNHeLWqq6e8BgW1KqDM5pmm+XkPRc/DgRYUDnYQ/JhMm9w=='),
(87, 5, 2013, 'uuu8888', '662308ebba14356a32b4ea6fe14f6305c87720b5d407155f29c1c42a3745d15f', 'QT/ca/Fn9QYn5WCv/V5WnWw9DWm5B0FoBJyxy2ty7ax8QGLogRTNxQRossAgymsJQ+1Rb9bdoRRklGuS8VYDJswBwwNWXHn/qSWFb842zkhfb43gEyY+6eIlocT0tUjpx3bj2NCkFq62t72hl9Sx7o+I3LBwJH2CXmuhHMk4jjmjw4pNM7+pkpPhCcW+4xHPH72cQ8jvBxhYG0fcgK4bz7swt8LDWUQ5jjqLOTXUJIEvFtpLh68YHhEzMRXeJX0IeguHumI8C1wNctMlLHWENoe82OAIVbUPWDNlZBmDa+tBx4vd7hdX9BffK2pUQaiVQr3NdgJ/b6RMsBN1yuCRiA=='),
(88, 4, 2013, 'kkkkk', 'd431d87d329fbf5be6016144ace18b8543d7faa152ba810486dc430ee9824229', 'cx7D/cpFG8BGvdshLoPl/Zz8lE6dCVDXZFmTlmCRtW2tsHA91yK8s82ka/klVgCyejtMLHJxUmbNJ+sXK2/2UuJBUlZsMyN36yRbXkdHCEBT6XsJQn9U6YD11HXwSQAlNKlD1Ggp6CMnBwu5eOuWy38xyTGYJVjYwq7BHtovRo0JKbqI3mva2M+YVIoMuhibPP49Ti8WzdkMtARcq6LztMtDabv9KuKm3LGttTf8cX+PXCjL7USsdNbkJ/MoR3bJUkSoNyTSWEUvAHFQmpcwHHObVVn81vwga+qFOaqSc/AanmjCtWHSO21mr2vApkAki3b00qcFRoRG1wwOOdQHxA=='),
(89, 4, 2013, 'iiiiiiii', 'fc22758ba7671744cfdb7a353c238817b825abe0bc66cc329838a66a94b550f3', 'L7Oo2h0peWyjnSYXzxuuwoxQsFItuZjjtHOxckVK47JThZhewrcigzoOdC1ddMltoLj3AUp/Y8mZVh8aE53scfLiJBWBvwYG8FhK9vhq1g1M/wFyzJ5VPM8L/gEajnCU+j9tYN74DaYPN6pH0bgRLveZi6ZvM+b4vteUO7NUslpGlt1StcxeB2IBF8hXmplkGDqZP5iSYkK4J3/pM9NaG9iKwqkBy2NQWB7BMQF/u7rkVuiiEWD8U8nVlJYvFGXls6Xa8QLki20GVxjsQGpxfIfzn+uTnProPdWK8v+BmpMFNEZ+RdgdNID5eaNmwm/QcsaepxOjAWtGGoNDJN1VEg=='),
(90, 3, 2013, 'jjjjj', '3099f24f985a31d22ea6a7888fb1a68022ace57fa4324362f06e16965df81afb', 'sNni8xGOjOwGkmGI8IKobOB6X+k1UIlqSsDuN1eeSqD4CWe4W9AoklJIELKDp1csxuA16OfudWXIX7zQBQFsmFd9RUTFPRWLlFwMwufNYpSaZM62hoEkex6+QVd0fccBhuvmcB35QiOn0rt//k/vS2Rem7B8Upq+gISZt1S9LQJsyl9pFdIbzSV7lYqIFuiWX9IOsRC5LBquI4a81W6T6Pyra9dR+kP7C//V5j7XQGBs7cGovBQIMefUUs/qu+hu3422N3fhqYnXtYRZAjReX6jASEg/91X5tGY9r+UM6GpPa0t9AmOAHu/liAW8ERcLvQOgDQdQXvYjnwa7Z29q5w=='),
(91, 3, 2013, 'hghg', 'e0605a204f9c413899bdb662349d07c54fdf71847aaf51fddb31376ba31e1eaa', 'YOnq9xXKjNGtffLCETD9qMXTmD2Qu11WdR9paA6R6EymLUoS9EThkDSK7BFxGdza6lV6EVi/mq6FaS5hKLFtDONbYaaXEkEWlw7t+awbFgXgm4dZ1yzQjDj/uNRW6axVjF1WbWvrzijcYcWXKOX5OrAtxBP2zJKaig5mbHl/tSh7At9xU2S+57Uw65DTq2iBpu9llVmbZh8M8w75mHSj/OCSoqbXy8gcgoiYiSOJbhMLhAu2LAUdBffUm4LXYyEFzhuyRAgueT/8r3w8xKBaoFBjc+iEAV3jNFEPqmx2uT9P7xiF4gS9GjP5120LIqQYtZ8Upjki5V0GjpYS05I1Lg=='),
(92, 4, 2013, 'iii999', '667a139f650c4bd6b3295d33a22045670c2f52902de3d5f770937e4a57158267', 'Iy+BvZSmavmUmWf1/cAxXBXn9YIOa7Q/Lt4tWEvdq9PoMbsmq6Jc+fLmEU0HBT5RBSs2Tk4rJLsc+Wddja13CZpuwzDYhcC5Y9EjNB83NLFTJ7+zgxt9ndQ7U4MXXsKAD4zV/uR3RPRm83nOtdb/uEg71A4IgGAqzsr+EOAiGlNLDCYKpQGWcFjWVDuQbNgtNvgErk8dtSbROveKJX4H0rgqNrx9jIAI98rGxFJcskyB9ZgSNTLCZbaJwUbZ/eJxTeDNgR9Hk7ZdRxAn6QeE/dXgBjoJQc4Ez1EJk46i16Kf7gsj17UHCfEhW6f72NWzYYCxP84Kd7L73DgND8yDlg=='),
(93, 4, 2013, 'rrr555', 'cedaf7c0cda6c4035cbafdfcbf69fa0c7e5b92d9b0c7a7c6144b52e668d0e3ed', 'lB/YK+8moQRb5v70nk0pjXalxkTQAsxH7wWKMrjDfn4/ZvxS6Qh4NuZF/PTuR318k3oOGYFR+9Zp6N05XitXkS1MGkc3IGV/V5MlzoXk3FMRYg+j2njIpWN/757tNMq1oec/gdGT9cNwyEox8ok7DRDD1UPL6FBr6OmE3761wHm5TlXS5O8hsl9OJUq+ybMshfaRDeJfxLaFk9RmRZvxvzVY1eVp7UUZAHSL7snhSJjDFNWm7Y2rHWdBUDmvM6HbTHK2Bz0bA+hhGA/yOEBvfqR1tEZC2OAVS7q6xYVPZ6SGmOVR6kLwuP9gt/qC0Qri562W/zINqHhfylrAb8KGCg=='),
(94, 5, 2013, 'ddd333', '6b71daa539e8dbd1f7fcec061eea384a681121341b92c93c3c0a673c75e4708f', 'LOkdnV+/9Ad7V50qO1b2n4TeBRvpFDijI8nIf6yJ8KSO0LL+gQx8fs2NCqPZBI29t8hW1W2Whwd+1P+WUHaPMON79U2AkEGRyfnW0qQtc73bGbC9wfOJeJJGRClrv/Ghyr/i1Djmm0PCkxEGP+UIV+wpl0zTZta5+7ArkeGBrkg6sxs1RKEZzkBTQmMRdtM2BKMYsNSP+Jweg/uG71wIWHyY/UITuR99OU5y1DXrUyidAER8qcf79Hz6SbHcttZtorUdJ2SEdhFBY28As0BhEXZ1bOEavFS+2EI5EUc8D/EEUg2r1TwU07LQD5yk6F2Ap2uGncCKyJU7JOFLZ9eSRQ=='),
(95, 3, 2013, 'hhh2334', 'cc62e23d75bc322da99f64caee734c6c81ec99c6541113d29928008aabe30945', 'kqjw7CHsBL9yRLvThNQqA4at6pJOIDxaevx4tGNiGSWKHa0z//wQq257neQ7FD+NFVIGDn5vrFKx7OjtogQ2U7PBBfLFQeAT5uRwzL3VhC3m5kEgs7++ElydGxqghY5Z0xU3EgkcSlqcJKMqegBVepEOShvM+vqZOuYe1XnUN8IIFHmiU2vUvtlRImCpcy+MEE6Fo80FJYhmoFpsdfuYsGsx1Qmkl6sCKgaW9+44U3WP2JrnLvLrUx2fAvPILvNWITsyu6vhj0B+sZNe8JkKcvK4uHDq4nIar44c8tT1gFVuvs2yBT8/SRL54NnT6zID12p4CTwUacBUYAHMiex/vg=='),
(96, 4, 2013, '5678905', '4fa13d4e271d82314c9e1bee366ffd841d824b6598797ccab1ffd82a557f9d02', 'FQz6Z0SlicynSUDxpoR5LIZ1tFXMg/wyKPZ6WAuZVNNPcoRPJ/6+5WIidP4AiRZwTH/7hh1xiDimWt3/pXIT/2YtTrEsXmSWDEXCToREwAKQoBgZBBxnt1kqn4rqTtvifJBG8OHjIB8JLfqun0nMA3NLbmxpyj2KuTtoGEjzx+aV5fxC7jCoH71HBc68ZdA1KHvOsCvcBnjioaPXb88FGITJ555J0cJKFg6X/J9swlNbVgxNK4NLKBVWaZhJuF1nLoCP04KTRUWpbVZS1CxxUON+gF47Vi+KfvYTmyxtJ/bhyULOLOprXp4nHL4tFcdsD7tsr1qKNpQl99tjBcXshA=='),
(97, 4, 2013, '1233454', '7b24b972735bd0175fed62d5eeefd3488defa5aa647f01e2f68cb9b4cb08dd9e', 'truJB3XPT+TRS7DTYYoN6nqw9yEdrNdpyHRazoUs4PQxvSQbibaGRHYJD2B2S8mMyK8hT48I1G9QEU/qDcmE16Hhu6lfzGtbqrM94gqTzFoaeVpyrPmMv/LwoYck4kPvdTnmCfjO9I/j9fgddSbz7Uck94Gt0mgbGC4CGD4Gw3OAlKbsbDP6UnkYxP38jMgEJbXbGFs0r85Q5WriHpPI7g3geYJyaZqgPkiTQH9PPCdxzrAfX13I3KlL5zk59m0YZ7Wosd9Vk5XH0CpInbwUbJoLbQ7v5BS5lXEn/XBwX4vRg7/qjGDrlXltEfmh4QnkcmX0RVOIixUeq+INtnLp7Q=='),
(98, 4, 2013, 'fghfghfgh', 'f9f9426cdcfd5c1af52cc6f9ef5523e97f78755b6757f3dafce5f500ccbf5e9d', 'b0TFdD2zI/XZwOArSyyiFc0qj/3I/X2QKtlvA+BfsZGi8EFwDQ75zhOxwl0FB8X7TlyUW40SCCIblsHnfkhVqra8F1QPVdjx/qukjDOo/+MadcyqQTiSP9CROnggFcOT7DauVgzVO0cq/EQI/oHvFesP4OKSbpNf+2hkS9p5wn7rykF0OSvEkwr1uxbK7ouMogiRNmms8mrQD3e0iy5cm/wABfdoB5fU0dZAB/scpVRHCu/YwUZNc6+BAX9Zb1YIw4ScGJB4Hjqlzzw/LTs9cqvptxxRiAPxY1IOVZrAhlXogAm/4yTooOFRGOLEE7aU174r8GizNwRIanQmhbayMQ=='),
(99, 4, 2013, 'uiop', 'e870e05416f399bbb219871725f54bd8a724298f98834d9a7b51789c89ed60bb', 'sAPZMoVBnC6Dj49PO7ltQBx5c792K3W3/Tc8cKgEIn9Id4AWscVs6HubqW0xGzVRbGtsnHR4o+pBO1GP31oc/gZKibqug1/yIzdGhyi6ukjSEILt7S+3YPQOZAlTqwrBrQbzULR6s/MJvLYDb74IU2BY4DLpxpCjkZ/Cq+5/8sP0tybqtPLWrNjd9wGo2Xzk2nBaWdyRAftaev3+UhHKpIreJXZZLVpu304yUjIAec8I/jWtSe4IeaaCepGImD3H+G2Fwz4IjYzu1GbiKkQf3+7VRjXF9zXb9pgTEcJlJMFK3GmSkLbAeRGaTRIRkf/dplmN/RAeaHtNokY32/gCLQ=='),
(100, 4, 2013, 'uioisdf', 'ec696e8e2ba20ea3fa620a3a8dda93dbc95a2c1dd679ce67876cf6ca4b72ca6e', 'ICr3AKJX2ga5HzF9f1x5weSqL7fPxTu90nmPDrDsY64qT7z1N+secSdqH6I34aPG5pVHRdrY0UeYg0LmieLhBSNPoJZVcIu7Gyd2pmKNZSUuahmjEyQYjwz5KBrgtyQvzhOx+d5iHuJpeGwvo100eqxapaN14B0UMGaCb/hsdE/EDQNKkSUs5lHM1flApd7BpnCk2V64QtcwBy6aqlMsS0cBhOC/ISBLpcxsf4aIwWEyU1ztD4OAKqc8jNEA9wXjxBnkgp92ird1MXF3f0HQk9CFEK/J4hK7I2eGxZdXn9uE1ejRpXWI/PAYeWmNslcFql1Mp7KHYWWCiK9GuL6ABA=='),
(101, 3, 2013, 'uio987', 'cece1d0c0dd8e1e53cb88a5ff361beb2d713c6f79b2f5aa2183c71c1545fefc2', 'Y6mkUL88+KTVtkntfHlAMybjs6zxMC/8NRQbtQrZx+BTX0awrU9nNrOM4+3VBnQGnwjkqGUJIq77DbioLksZw2LLBXvzGZkP3uY/1qFbpSK2iEnuzRHcGXWdKlHlJFr6/817gwuLUTEc3jJM6UAhmiauZTyp+8adtngqvZyzxO13+6yLFIYzOVcephi1rNeR6hSzpNEVgeePyr8k4ybHCGlgNguIxvGXfGx6xa5e+lDiRVhIaEaez+MWKflSy3GFW+GDyVpczO8xhnEybA12IVEpCLKPq+l32CPbyt9dQcgEFJQk2ZoTi3+eTu+ohLTH5NaqdK1KSGRK6l/UycC/Bg=='),
(102, 4, 2013, 'wrgrwge', 'a7bad8a48de27cd60e5c3950d5c3622e215b3efbd8a94431c2b20ec1eb1852c9', 'Lh0db6dXzcCzj4Lf9n/+fEedxYuLhYgarlM6Jo9a/AIYIp2ZECQVCyA6W1+I2m0ok80CfIZY9zJJgook32UBAzKBconIQy9UHKm14hT8veSxSKi357zA81/W0QbMHKPM/uSj4BS2MKkKdes+wYrSlZX6gIFBZVxqRj1jEXlWBjKYJjclUpkSdIyHIof2bVrF6k2XR67tpnePwK7+7bC4/b8yEepRMz02PizkXGw9WcBq30D/05BCWkb2hQWQ/qt56/x4wUsodlKZ69dXgDx/KFXtSBuVIJ/rKrGHbiXjt8E/ItIKpFKj/35l0antng6nd5Z3Frc1daKPEHM28IRaQg=='),
(103, 4, 2013, 'CRE345', '14079f811d28e5a35497298c048254ccd5f449b1e471296e316e0faa28002a8c', 'Q1KxS24R+UphbJ8MDlu7DinuJoSJNMFiersNcdUcbBXLoGsXGzkQFMwh8x/QYrt4rTLyL1m4aiXjolfHlKzX02z37GIvuDaiODQQZF32ab/JeTEqoBXocPx+WTD3E4FB02BPUCzKuxgO1i7PAGZU3OKjIfgDuUZx28EMWkSmxW/03cXYFI8Ls6KEbeqU7pgP6JruYxuniBVXzIYQ+kdC4U5i4aRUa11zANZIx+cOkzSBrwHE7SbQ7T53QnaYTsaDdFph2YNU+Op8iwBxcc126lpwENhrauS0UGf//6gmnIiRjjLIvxGY5E8vYTKKonAvKhaNadTcCoVF7MPlrV4wNA=='),
(104, 3, 2013, 'tyrty78', '53fcbb38f54f154bc92d92d9ecad33a7958fa0ad7ad66980daa14578b6d9c26a', 'pMTa5eGPjW4E/sDfSTYw8cKKeqP58Fb44CMka4QCQFIoMVqikp+KxA65WdqjoK9kyeGsq4DH4spZlXjQB9KZko+FmnWjIgXt6jv5Be5Amm/xRjFMCNHE4l0wtDXu4DLgoCzoxEU2py5I3n4EXu14AGXvTEh2PS9oKgaSW4j6guJRUk8K4jd0qn4DhOhlzqjnOF4sfWskkCCek6JinDsdeM+Iq7K1TZT06rCHmFTDeRqAr7/SGy1Ys2LylDZsST/0dsSvSivx3c30WFnaLpuS19Js26Fd6dnLvTjjtvRyGW8BZkZxmFvqtAkCE5ebWZt8+mMu7bCKYWq3Gv1D2SMd8A=='),
(105, 4, 2014, '23923892398', '991fffbd33be198cfd92e8f91347ba6ac8e8e192434a001364acb295a08306a0', 'bUbdRvF/ECNH389cOCeDInCNfo1BiTpIM1cISD+UXSgOjv20s5QOe/5IorwadUxsfzUlwTZamfv+pEWO4KRzNYDbCx4XFUCIxK1lLerLHg4tYqZqiqzd4XTxFtKXIzLEVKqdNWU6w+/zRgAy884ZcGpJlkdOFQ488R6nFWGxK2jzjrIDHoXv9UuLwYx4IyZDPONqmcQn5W6QSFlYqz5Emb5wyWdsoWyUTZQwxzJszEx+FHb/yK3n6oU9BSh7WYX/cXDySyH6RLEK3T5BHo1cXJjj+VxxDN8SXUMbHNCN2D8OnOqPbwSZ2C7HCNuOZU8sIkSBUsnnojlEXSQuEMlCwQ=='),
(106, 4, 2014, 'gtre908', '5ea318e4e5b610c51475b6af2e118d333dc6187508602bd9aeae41da6cde53fd', 'Z0CiF5cvyTP+1IOu+8uoBhRx5e2qMHKtc8084F5Mmht3UtXrV802mm+fwE9smtryBBnCiB0EGACpbMmZf+vLUMAWmIdRANMTTELx1BKLnH9frIn0wRT4lCFw/QOYJ37BooSFCbvhvnQSjuY9fViyce6u0Eouzd/y7e5MeAazGQ2NdZRp6bcjrM9MfgAo8imVtyOMiv+sWQYufASvEWLJjgS/9NumwZafywgwqKqJcdUq0OBQGLlnlVO8K6+HddttSkl9O6efk4l6RJlMB6/+m0MkrdRC7QHKp4mlcL6WC1oFLJ4evysa8Qsn9PMZPDuQk8X8ykx9rQuWGpH6Sd6Byw=='),
(107, 5, 2014, 'uds123', 'dfa44c4b98b64def8aec2b0dc63621ce387803ffb97b9b8c0ddab62b5edd96b9', 'sJmocoA0L44Bm4n377PrTC4AGIT9NeVrLy/GPMIjOj0M7zgcONYrNyFO3+5Q7tP+M1t/ILCivCatZ5gFUbiXpRTmJTxfg3gGeqPsd0UfcYDXplswYh33kWNED2KDOAteAyBXtuf+6QznATd4NDtuhRluj+229jxIBB49i2ohiomdDNNpTttiHJvVbSKcbeaQ4v/rDtObjf+7sMr89Ae7sGHOEkLF0NG44gazKHmda7cJvTSShLbTbBpgc0O6lSrGbWzF/ZPPa/I12CT/s4YZherYhozFaVZ9GXwIvjfWxlcm6OuGIgd1vkIu+B26857LsWHvcICX1lTGcTsUGaDdkQ=='),
(108, 4, 2014, '123456', '80d0f26884ea4e4da1a107740e3eb37fee2cccba7396d6adeecc17eb1d755dd2', 'nhojbEs/X3F8/ckIIOGKybtlpyYT25Wzgf074tiXK7wxeTSZj9OsEVTS0FAorZ1Ehq+EhQqToQtwfn8lXkq/oR98i4TKwAzIVbLsqJHJ7X1MgH4THPrIr3O5X9mW4EZi3Tr98Lk+GrMINu4lFCrioTRGvETi19a6rcfWgW5U8AvSt/3DlKjJB685apDgxbBCcSCr9+gFBKnOctdnidZjyZrbzPGHtP1adO3XwXLBVx/QDNj5h5y95vNTfDguyCpCBVeqdnx7KDWZH5tW65Bed51Q2De6kH4jNs3hk0lIulJuiHOoX2ekEuZjwYjTR3vO5OPwJOGdBEM0RzMtbqowtg=='),
(109, 4, 2014, '090909', 'd54f49cec15d2681cbbe2e9abf0b7f570902ba91736859edaf1b99d4f584e16a', 'uycxc+iHRDe3R7su1/FRmi5nEtw7ny93SUhrovi3TJyXnQvZN0WDo8ZvD+u+xFx9CrI0KI6GeOfCaIVvCRqzHc5TuHTIkIOkK0KsOTNfsAOOyQU3u0X663St1Yp2oMI9ZFPqo12nzukQiXKNenZY/aR/0SU++8Wi3PXAPv9yb0xRRyK1kXj+BbrAky24OB/T68LXT7YEPLGGf7D7UoNhFiN6XsDd5nTn96+hjtJ8CSJODlhzlmXVs4WMluRvgWELn0m56O9I6n1yOsCwcijnVYDviAmA5fXdPWYl3MBgCRWR4pQgGjApirLxPLmqgSzsMVOnyH0Z0xL3+nKqAMolZg=='),
(110, 5, 2015, 'bwb-280', '48fa3ad865624f4aa21394d7f37ccd96ec8e3e068c8c60141c4f5868cb95c91e', 'M7XFA2JmnNIeFDUHXkhRzsV6swy+NJ4BfxF6c1NaIpjGEBCvm4Y1qUpXbvsLzGF8KlfUQLy1bhy2PSKl5dT22JFs45diJxMwFOZNkhGxLJPI6HPbZljhkqg1k+xdsl0k7uXfC8e27oB9tkUD+xGiXzUlJd+RfUmYEQUjl8i9mGKUlpn8WWRRg7RUCvGPCnJHNiiqBknD/jWkTrdMmv7JLcRdrkFcXaZvtgRjlpWIvM1zdoQVaTeHLYYi3JjgaOPzfT+/IH1uyjbJzhHVwrRVNX+29qEQXi9inQmzDOiLLrFHI5ekoDHqUDs1JX5zajaNNpQuu62pbImwwdKTxdlSQg==');

-- --------------------------------------------------------

--
-- Table structure for table `cargo`
--

CREATE TABLE IF NOT EXISTS `cargo` (
  `idcargo` int(11) NOT NULL AUTO_INCREMENT,
  `nombre` varchar(256) DEFAULT NULL,
  `hash` varchar(256) DEFAULT NULL,
  `firma` varchar(1024) DEFAULT NULL,
  `estado` tinyint(1) DEFAULT NULL,
  PRIMARY KEY (`idcargo`)
) ENGINE=InnoDB  DEFAULT CHARSET=latin1 AUTO_INCREMENT=5 ;

--
-- Dumping data for table `cargo`
--

INSERT INTO `cargo` (`idcargo`, `nombre`, `hash`, `firma`, `estado`) VALUES
(1, 'Propietario', '2446eb564a1146d4ab23737180580a5d707df3391766b89e209cdd7dfda1b1c3', 'E2AKNGsOl5lZSj5QZmSN14yGrxMVSlNynCZswWSgnUICY6cv2/wOYpik3HWQbZbgWX41/+sQ5Xznof9bjjvXJ5bq0DTawSO0lsCRhgBishuJOvlMNjielWrqQFjgWL2Jraj8VpPDC0DWpMArv7+Tx1lXrcMDx7AivHsN3aPiFJfbGw8Lkv8iO38RovgH8HvxieMbs+K/dX3BnrryexvJjRQkdPJ3wN4IACtZNZG6zdK9SFUQ48+OwyBn3RjJYVoV/4bE3/u9LYlM5N0LVqlPLcBdg5JlIboQRgcdv2m2WeRnoJoji6xtMoM3SSLh371cRudXilth4PdaLWcgXqrC8g==', 1),
(3, 'Secretaria General', 'da3d2430275bb228ab104a0e5382faf2c136c39eb5db40c28daab66c023ac4a3', 'nxvhRMmL2s4DWihj2nEQGWc2vF+wvo24fCqVRW1JSe280sVHWH7e96vkcMyH27mYjE7sM35aiz9Hs1+jTQPQTAfUF4SSlfRZYE504BaEwDGm+noS3yPMKbre61uG0VG6FclsWYSQTdHAmvyt6Vvx7AfehJNWBWOG/Xet/4dVugRAHvarsLt3rUAXbo0mTCZl8WaOl98XHiYzgBIcSKXmmiRJBLNVqaZ9DvSaU/r4qxzWv8PuE0B3KOkrMBTlbaBabSKp8ImjXcbmN0OK1KCF2GSszqhxrSMiW4T4IMYp7KhCrpgkKpIXs/MpZOuALExWCQs+XTHNeCJ7890ZBaRvsA==', 1),
(4, 'Contador', '1f6b22c8b3b8af8c2b1d06dd61d43dcc0a9553833dd6abbb58ae5ccd69e893fb', 'IcA2YYLmnD1RlaE4rVZ9LF+q4EVDfDekRkLHAUHzBjs4UeksFaoJasKZQmYNgQfXSsIpWd2f/VXMzlLD61Mx7/BKFJ5OPbJouKX7MSDqkDCCHFgQAAoTlPM1CO5DrF13nEpGaOlerRJtEKnwilcezLgELL761G3PqkMxlbuBvVFkATHiysZ0q0jRE5wG76vfLqN63KpJpHjoO/+V0JE1u4hByDDnz6n/rk9lKFLsPS6O1Q87Si9+d1lDAfbzZkUJkA0VucxdEvme10Ob2rXrWBt9veJ4lXmAJIxXvjs8JgRyjLiq2C+XcurZ6hYfV8M2dgltyTwxHDYwORo6OiDgbg==', 1);

-- --------------------------------------------------------

--
-- Table structure for table `categoriavariable`
--

CREATE TABLE IF NOT EXISTS `categoriavariable` (
  `idcategoriavariable` int(11) NOT NULL AUTO_INCREMENT,
  `nombre` varchar(256) DEFAULT NULL,
  `hash` varchar(256) DEFAULT NULL,
  `firma` varchar(1024) DEFAULT NULL,
  PRIMARY KEY (`idcategoriavariable`)
) ENGINE=InnoDB  DEFAULT CHARSET=latin1 AUTO_INCREMENT=2 ;

--
-- Dumping data for table `categoriavariable`
--

INSERT INTO `categoriavariable` (`idcategoriavariable`, `nombre`, `hash`, `firma`) VALUES
(1, 'sistema', '25d08697420e670d8f975346c6f41d7705e44dad89cbe179e0134df11c265169', 'Jqix1fGKqUmsLgydUBeKfgs8d/SgsxL1BdjDH3nNJi3/ZAeXeNl+R0SCerEmzcl0CcSdDv5qD4Sdo/efaflNMrKEI1sv8GZQQ+3rJTk3tl2zKPHenkJbaU0pYBV6MbYNwJCpY0xap35v7Mt+62e/smoiDCuxpdNPpiYwO03hZSTVeP7XFSIMFqLGCJv/d1EF7I/WmEYTidUe+vFfRfCxdgTDjUlJA590jv9Mf9ak1d3CTFMlSyzXwrsksrt5uMleQ2JTy2j0zuAEfcHAZ92XL0hyKpO/3zvvmyh/9dzPHyO64RekdrVUEVBR8d7gdyLCmoF8LL9cKYniXXfuST9baA==');

-- --------------------------------------------------------

--
-- Table structure for table `clase`
--

CREATE TABLE IF NOT EXISTS `clase` (
  `idclase` int(11) NOT NULL AUTO_INCREMENT,
  `nombre` varchar(64) DEFAULT NULL,
  `tabla` varchar(64) DEFAULT NULL,
  `hash` varchar(256) DEFAULT NULL,
  `firma` varchar(1024) DEFAULT NULL,
  PRIMARY KEY (`idclase`),
  UNIQUE KEY `nombre` (`nombre`),
  UNIQUE KEY `tabla` (`tabla`)
) ENGINE=InnoDB  DEFAULT CHARSET=latin1 AUTO_INCREMENT=99 ;

--
-- Dumping data for table `clase`
--

INSERT INTO `clase` (`idclase`, `nombre`, `tabla`, `hash`, `firma`) VALUES
(1, 'Modulo', 'modulo', '6d95958f9a273837809dacc406374aa7361b79d45b339ba07b4a6a51ca41d692', 'aUD39aMpxIvuyvMAn57Nhwh8GplPMYQ6ev0RcrGUZBkGZoYsSLqec5U6xwQsjEtkTWeXFe78XKa158fn6cBFs8M6H/0efVdRAGcGWLxfD49ZHq9i+ropKZXcTMBWbpsXgKesrrWALKvj0nBSMcep23YRxbBA48M1RnLZi7TrGHexTBXg/GKX3IGLcyhJlTYmUf2UL3dZC8iWEngrlYwVLNnGsOyfvKrA4uAiW9U6TIycPG2M/XwmfHY2zPusgQdIxvo5KCOByki0ivgpcfOf9WtQD8Q7b+gL09n+bi/WlHeCJGnwHWDvJtsMv23h8S/1k64Nlvu3G2Gepgrc1eoMfg=='),
(2, 'Perfil', 'perfil', 'eaa0d07df3c203fadfac4b91012e01b70322dac638ba271e1ef9b56a9f855326', 'b9Vy9nadA4r+LNm94XyaqY/TSp4+ftDz5m2Elhoj76PEuU+UIL6ZygSBYX828DZCz+/hpd0CJlouEELPsdFGyHxpdXTfGHDmoRSv37xhK7HGguyjVHH+yA9DtrDC5bV9bWz+LV3Phbfp8L/nS6JWNtdCojb2u1TaTM8bYZVYDvh1EANPDGcNOR6emeErWR7AP4rwcHUTsaiybWlrJiO54PG++CTDtsVqn+JcdIJHipVZyCWRgEJXF/Gzvz1yVgUx07MTWWjPccChG8S3wbHUv56EB3VzhN4J228MX+CxSXyKSzr51PR/JFjaavS3/0Z1qrgRIzOhcI2vbWN4NkGDnA=='),
(3, 'ModuloPerfil', 'moduloperfil', '1530e013a56c86efd44e2d5725f069c035efbdaeaee2c23aae8574b68af7e237', 'AjVynr7OcH6WC9up03vttcOa5aAPUiPcbliYqeXBhf9AKvMa2msZ1AR1U75JJsfu98KaLR37cn40n/WuO5Yun2TMZu+0DGfYVAkGlW+XVS+cOh77EyMLwzGAVN3w8FICYs0yvogSPXRwp3x/Z9wJnqMY9KqlQs93aBLAdn/3cYiJ7r6XEHx7/pARxpJRr5HBBW7RLBRCtD2WEGvmWq16FudGhvxU4R2jF3hb0952gS/9oyhtpYFRRgGICgD+Kk3bPGVuWfR6mESVUuC0pD1bOSfWzoU19qyv+xOtiTRiiZw5Uaf7c1ggCmOlqXB+9tc1GGHjF1xYcbf7vegPpAiuXg=='),
(4, 'Persona', 'persona', '98d4fa371b0d72ecbea21fbaadfe7a9f1733fd0aae470cc8288bfe60ac41fd2f', 'iiWDSpXqry8WnxwQALqtDCsrgsnkn3pQ3/oaG7akDXne/ZWTP8Jimvu1N+5wyURA4uR+h7pe6of7wMpJci5WD5Sxss879DhGlxgUnFzf+ZSRbyfOK2GHSGeO/YYVbYMkB3QQur9mQKtRzcWtwfrAjRA3xKMuAsio0RQToC+l8DIwsmYLGhuITVF9M5mSn6jfA1FTSQaUSzZTVWeA0660FtSOLCKSe9FiUKcjCap8n9bG6lU6ayss+yL/EOtS3J+9Xq3OxUUsRnFRrCd4ThP1cqPWvshciTE7A3H74JOXq4u4Ov7TAgCqzPiqm8LkiAHMyNTJDkJR3VZY77n6oxTxBQ=='),
(5, 'Usuario', 'usuario', 'da253e929c4af7842ca21c1ac6af8fadebf00568f2b3754e9a9da4788d94e946', 'pj0dwKOoo8lqf6w/N7owcneAXpx68ZBSlo11OLNMQWbUVrE2roNhMG27ManNGUXF3EtOPdGu0uywOgZI/0FOOTrpIai+fNluo65MyTG70Vsr/q8hhJEaV0wEQsxbyPPWNjElx5G6mLYeXpHs/uTUqEnFedGyG6WopShSIA2hWlZYml0EHvf3pYn+ugSYih4IZlbJXb9khbBdG/Goh57Ok7QE0ACkES6icT3ta6OWKE3BDLJaxqYu3kLPCMbZO9aOOAvg/g7EW320jiLTH8E8AZv0v/MWYXuHkey6gyZc4LbKxEU8Uo6nbhZ/b+X6uvNN1mfbN5/Mjnl1/ktDKnmzbA=='),
(6, 'PerfilUsuario', 'perfilusuario', 'c9f5369ee135464ed97408fff15bf70429cbf45006e79fdffa9ff5cf6e950318', 'pG/WwIzc0tZmrAjHA1BKFaOk2ZYBm5UIZZ4kd+KDZR67+lEpCG3CUhVx9AxwpRKpviF38RW1paixNHJ5uaGGEE2nKEwlTRzYs4L8OqraitZDsckEaiaCzPHK17hJmA2bN8cCh1FRNyQoR70+zVy9cjf3zT2pPD8qrEWJY0nrEyunXDMrFXSfZcqn1ObWrlkSQROsfRnuwrpwnm+aYYknAxUSodZGVFlgv6OyE4S1NtOLqw7daSvXZEMrXOTUGShz+sXiEGaVaFOzktnwBciBYQKnkwxXkBu6yglGIysUESX72neZ2R4kfpmvF3RqJMLd6Ka2BJduWbygeQ4V/0dzeQ=='),
(7, 'Variable', 'variable', '94b3f4129f3df814818e1baefcce4e6bc3ccb1593e9c673f4c0a365378e9f66b', 'XDgiVBHrg07nzGlDhclEGsyTM1piC9HiDu1Ia9loAspVYQy3h02B+nfjkWeM3iIDxn4DfUlLtMbmbeavV1dwhJ0hJ8ns2w8p5eLzwgQkWB48rYbRYy4tej7u//2En4YuO33+S1HUla9+3WM4fiF/PwlnBBLU77CJWdSWrYG6OIItkKbI9Uxe82ZvZLqMcdR2gKhY9q3ckDSw8m5CaWjZSkri+wgkIE3DIOAPPEqsA+q1BNvzEKXIRxl/3qPolkV5oU2VvS+Dc06Cs2EnztHYyLHwvJVCvcQe2MHTzpRR7J00Gjcncbr20cD9JvJjuX8mJSngfvRZHqf5HDFJbP+u2Q=='),
(8, 'VariableUsuario', 'variableusuario', '4fae3476d4982d63974735fae65f8ed143d170376722e00484cc06af05dc3275', 'SQ2E/ydqledMwhENJYTBAT9xyqimBTaxbtMZDko3hjc4qAlQI/Ats8ruuKB6HYrEaCIVcFElsDe65k3hxFieHllohBNIDzIVv9WKR1DuU1uk8qTX4QAbwjEZ8Ip7raXnNTqT+6pW3cfiexi2KQooRSjR0roI0nc+PCo5VAVZHYCI3q5NaFmHckyu40+VaTxmPkJ/Wrm1IZpbIAvKNU4uTwympimKszjYxmvKjEwwuN9rUcAFt04G0v21d/IZwQbJAAW21usElWyfPohzF7Scl+GfHvc13h/Pbem2TYlLPgavK40Gepq9ei+x5lsD8vxccoMx5Y8Y4/Zw8ERI+xAmJw=='),
(9, 'CategoriaVariable', 'categoriavariable', '927d7facc1da1f3ee37e04b40b8c3f6187f99ac7bd70e55e44d8008da7a99221', 'Bj4QqXmYx8MjoukencEKG/SOM1XfHKVfOJRMtglstcDI0taEy+R9alA8j+hdORPfr9VB7gJtt5ROzd64Fon5eVMw/YTip3c01Xkctln4CRKWzVi/AjbvMxKyz4P26ac1t/E8Yx6ndb09X6kGOX+77X0z28YdnUvMBCsqg5e+j7O2JxFswf0xrxUT8ImnDA18wCg/KT5RfsbxCVCAPbTkH6S7XpvFmcTQ0xhq5uxAC0ZWLakMHk4wqRMXS4fEKU2g0pkkmHWz82+S6B6Y+gq35e38NK4G/y2U2Ycxgv8kdI9rp2yBpgvBpnQRD9NKPZSA8QKcsAb79BBI3KbD95l+aQ=='),
(10, 'Impresora', 'impresora', '925a284eb14ddfd62acba51e45aa6db3bc46c01117b5b362916737a22b26d4f9', 'oVy1mzRqky2rJlI6miV8OnwHkBIdBthrngOVSmOjrkxMBtGCbf8kTG5n29ptcNeM7cwB+sJoZV2aX2ONqB4vFyBiyrlHRaj5A7zZloWwWe2U61lSGn6qLaHs6Iw22z4a2jf+E8We2Dw+2SUuYsYMgKBSWLqIN6pAaLMx1+LXV4YU28A9WzBeoCQhCLwePO2byaVKAIM1HuInJVIDv5L8Xl7FQwHBK6foic+ukGvV52AvRYlrvOWQJYAyOCz37L28q9a+TDO0Wf5FHwcXMdxRyrdmKGiLlwuPBiHOjuL3JwToahsIXUVJO4VyFjnwodJXGU5SJeNBvcJ+8PMW2osp2g=='),
(11, 'Impresion', 'impresion', '814990f8d8ec4b757692bab9c659eff6c5bbcdf269064c913c3b985b20d85269', 'Q2MZF/v9OCCNJTsdhEqBYWbxhMApDlnwP3HgGQHc4QXmoJS5s8HPUjYc1O6uEfxWZ8ppSUT2aixFi3d68DodQy29eA6oRZqIKbGKJu0jSdOdxVSBZG4gHVxSXhTMzD8nfbRwCLGhkxbr3hptYPNYnsnnsz425tBwpJjbHA4DkJgjyddxR3mzAfbOrOAkIlxNllYN5CrTo8/gGYoQKspIaELI6w2adKv5uEh9G0Xl55/bTy2hS6ScIeYntuougV2ore3OTDu5vIV7j2J47XDGcEsdENKFJJcAf8IxzqXhWsdLauZv9jRjHEdT1D+Cg1T32/VP07gjtVqPsL9AZGF0oA=='),
(12, 'Empresa', 'empresa', 'ce0b01567908a1bf620a3a038dcfd1a7252d09a9aaa9868e0a4d2086a1e30f12', 'vXDOG99ASnq5Yfdawk2zSvcA1lc+LrjfjCKacmVP8uulWJZ0Ub37TW80PLBTXARws3HYHUDGDeCnw4A+aIhUPap4tINgljnABmm19kfQWMJvGEXHd2UvquXtbKvIObTJfv2vcp76qnp9yv6mVJkrkOn/46P35vifrQ5Do0pkysQLNKEOIJgDqqdjgpzOJK2681P8fEEoyID/VhtGy1/1C4qxocjWD/N0pATe0bRUFK9Zsl/efzemS8SXghQeKdSFBXMQaqFGH62ZPI5e9Hdh5XnSdsxMxu+iEGYRy+CJKLhBzZ4htgQhc/+etMWaze+S/taCb1+Ios6sYBgyYNJWsg=='),
(13, 'Personal', 'personal', 'f6c9c3458a05a143e7d29208d04d2db1e49571da1607019e3a23ada33a605bb9', 'AbWsJSeIs+ALgtTJ51l0GuXnTX3bWJMjv9iQRUye6bLQL8wzQ0Fs4lo02kDbUL4BC8IubrzHgEmMQnLNNGZ5zDkK0BXdp7vR6PKktsSkloZT0c0saBgH0kdr7PdpCwO4odxPmrDwAHAMHvPlBA4kpkQ/hFWUTN6IhENVF5GCpMjIWPhL9Rp74UewdtugJG80K19jQgFUJ8EMr6g4YmN4ucix7dJ2B2zr+MWlOpgojh8Q7fUC7nfNQr05OnTBRWLxW0AWPKHgByMtCu1Sre6vMmOSJIlHV5mQAuehNrTvzd8WdS2L9B/8o6nUrtfJNlfp2uA4yPAwDK7DCNYGbMUe1Q=='),
(14, 'ResolucionTarifa', 'resoluciontarifa', '0e62873c366264167a995502de4b3e45a00bf50506fdf9faee81e77217d1f636', 'gkKZk9Xlxw9wyvmo8xwGhyLV7PNS9UFkb9cGHqAANMpeyzn/U1Ltc8PxSSrHzxvodHGKQip2jpFLWwaaiaNglJrCm6Q2XvcR+q9oh7ktgazdIFp1R/YLzxdVOa6sjrzjpdxB1CuSLHMSt2WoDpaLYUB/FA4C74wEHwlmrgonobSm8M4xBj096KQ/E/gwIGl761sn/fjaoUGzpt9eR//zYq5lyxdPW6h4kKazEt85qXxC4Ncjxgs8IwDsYk4t3NG8wu24d1d/LkvHUyMXKCs9fVKr1TMsPOYTbarB6nnZyBKOgBgAGPBK5aMLpvefroDcx/D3TinXGT/DsxF4HIt/Bg=='),
(15, 'TipoRubro', 'tiporubro', '5c7e45e3fc89c890fadae8126b0648da500d31d849d11c07daa52c06946a95c8', 'NR/NYvJ6aikmOAKNIitOuk1Q2y/sdY74ewWJ3ntPreOEwT7vYQVi/xGXcrt24T0B1DvJ7TubX7wiUdzdcf6TI399slVD7A+CGvxoSO6q+DH2i99T5RSKJHhzWPbPTwCZTyY9dkVekisnFacBKRvl7ISzk+xZjVJWB7KUJC9ZhdINFHT7DlJTbJqlAct9se3d6LOGRow7hHT2LvX8GlF07hSWNkXpu6JKN5oyZFDTMNpPDDRbZDfcsktS6Rw6+HIapVi3ouhRYL7nyaJUMvtGkOoFqXohY3eTS4HPf4yBgIcDY0UL6Bg3nRhyjU0CIK+ubjQsfigHdhXNKbiphJhZgA=='),
(16, 'FormaPago', 'formapago', '9709feed352a6a923ce5d0d7e12cee86e1d98b2dbedc296b05398e991a776ad4', 'XXeJWyzFM/MQDGThHYQ5RZEGqjo/XU0nR8KNouk+r9SZLZMfxqBeXwdRBqbkSJn++wnA2puVlaS0Wi87PtcDdBTzrzb4AZ//D8rmjf8RxYuYIFgWDnoFSadgfv8iDf0wgLhUVr38TNxrvUkQdy31EeYv3IuW6E8nya9waccOphJrpUT2ubOlI4mgKeBpfWz9RY2RhfNg0eq0tOujYlYP1p6KFlk5ZKhZ6c3PFEhkRs+/q17RM8fIHxD5AxMhH4hIpTD313wBgE7SnpXcMdxhvQuJTWX0IJFlHm6REOaIRGe5w6daRYNtsO4RGKMIh1rD7cmn+AJWcTba0J0b7aW5cg=='),
(17, 'TipoIdentificacion', 'tipoidentificacion', '4a805b33820aea44632db73b829b52cf25ddd1632cc69be93504eb975dcaed34', 'R1lob0NORt6JLWsQtgLx1ppEgzboFpL0aopu1F57/PdY4za+3rnIVu75ZblC/HCJqFkS70ZG2J7CVfvMFtOXEF+G4ZlRRhwvWI6d5WG16IdCq4zg1QPUPMyrCwGJ48A4WsZAcyKWvKomUzK/2a9oK/hYAsJJtda8i6fmdJQ/ygVVAACjom30TC2gvLLueC2qj7pwGzZMkNNai/VxV9z48MbcVPVLwvlwd0atBceOBLuEVIiAI1YHMR+sxhJmLjiUbQK21SLOI4VR9J/6XJdRZE9Rsq3chRN2gwTH9iCLzm9cgcrVX7o7sjOldmwNLjhNtZHV5mdnIy4wzA7wL7Ij2g=='),
(18, 'EstadoCivil', 'estadocivil', '975efda5a28956335124989c077b44ea69c3fa91d48d526fad54bca4b2e85fb7', 'YHjywo8obqvN8K4Tf3UQrEq8YC8+6C8grsacgmzvSyb+qQ5uglhoQ00SUDgO6TgnrkdGWBBrIWKTJCFR3Oxe2E6B1bUahKbRCaE0NSJS0rv+0fViYS+5Tf8gjdV9O9vVKO2YSjBcDva+TN8fwIXaCmFjwkIOP1bBFQ1Kj0MnuFVEFzsezxfCWUAK5F4gpBYa7yBN+92PUlJHyNip1P9nRvv8zYU/2jKWSE1y76aSDen/7UxcC1yd8d5t0P/Y5tgWxiW9yQYVzSMp7riDD25aiVbkNYRoIxK3+HV6t+78YDs2uk+NeTUy2q/3qr7vbdaW9iFQQH6K982paILarrGXag=='),
(19, 'TipoOtorgante', 'tipootorgante', 'a062bf8c7ceef4d509e65bbd654bc40784a9ea8ed8e6d8a52acf1e80464defa5', 's8YuVqFFLHwOqCPc4xLte1+KsudRGrKJr98aYZBRNrJTkwGqpOiwamuVqV5gxq4m+mRQd17Zp3DK4vDap1g9MKIpAUHZl0aaVYAb3G+xQee67+7ygFe0c5swV1V7owV3EuC9GuiGr8awbyljdEyZLiRfx9I5Cj0Gwu4bKRxaAFQ6Rk1msx+hrmt7T2yy4F1R20spTVwxy9r9+2zIRk8ytyf+w0hB+t79QJMZqzxYuHB3/XGPtg3BtPX37Fr5exmJdrncmSnm/5q+QqzFBlTL6XsmCR7opVF+HS7b46QKkKrTZM2zJFsbAeNSJKT3QBAIJ1maC8bR7zF1ysfM3efqSg=='),
(20, 'TipoMinuta', 'tipominuta', '18804e4fe4a86a25aa4e3df163e45ae152a7df50bb950c8b901f37e8149f8e45', 'IYe17dLFJ3erst44V6q9Cpcntd9J8VcCXpl9TaJydvfT189h955fbmPvgv180DUdtUg+9huSfc92nAzl5Y+syb004EL+ZLe/59TPYvcSgZXOnGjB2jSKMUdoL4n5pO5CDLIEkeTEfwXeu10sv87soyWGu1J446UHKfNeey6535SUuaOSEiIuiff4uc0i3hnlSfRjzYp/B04eTYypM2W3u+tney2vK5Hgy/znw2T5DfryQ0ABxvX0xo9YxVk/uWoYK4bnT7eYnuzO63rUE1KCqV65UACNKfgRmx5rOFJzMprJayBlPsTuhBdapvtBgOF22zEOeIgd/vRSHVt5ADJ1cQ=='),
(21, 'Prioridad', 'prioridad', '5e382e27f00081a9fa098f79b124348bf0155c6d6093be472ae400cfe4d971a0', 'bnkuPlCJ7erdFoEoi07ORlIt4H6quQOsvrzwchoBbaYfZ0uEZeAP4zUyAlzhX0eotC3IW6MvjH5kQmvKAa5oZppzK90JVPXdVie9Nk1le1vcXx6KDysK6DOWRXtnye12RXV6WKNHgn9A4s7/j3iSC9EV463lqC9cuUQFkSCRyylGMjejx/V217phtvMP4/io+ZC/20T7ntAiPWlYymaJCYnPQ+PM81Pu7aLxRwq2N1iX3ZbS0WmANIe/KyMh6bkbuysUkyeXmWzXMChYk/HsiSEYJC9FAiVd/40qcf7Bs+WKeIJ6umHtrJB+/AseQfpMlTFPBvykbIviNwBFBojtLg=='),
(22, 'EstadoRadicado', 'estadoradicado', 'c47378468e902b3a96ce5d3089dd349e628cf7ca33517d8243a4a4eef0b7bbd4', 'rIraVXJ+5hf95dxdOA1eDZqrVD4vz1ErCOCq3W1YZ2cLa1nFyBYiAv77JPca4hnNm1y+0qBCAMkkZ6o+dqjL0KkBggBV1fzja0eO0EfOA0jutnc9GvDd0tMRz3St6KWfKbb5jLauBt6ffRY95A1qIyt+OaRk4K2ebC6vdf7X9sS3A6LzvAEgNYbIwhCJyfpghXjbPcdpWDQkXBGnvbvY58NidYlUxQk9vWqtI1VXxGVZgbjvWxJ8RsTYJd16oT1T5kS6amaQBGJemWuDINW2l3sBDmY/oYtWS29H4S6PG20WKKk0pA56rZVP4LAR4lYwl/9LSmZTEtjdIlOPF9O9rw=='),
(23, 'PasoFlujoRadicado', 'pasoflujoradicado', 'cf82fe8ee3c370e923544d4a6be09a6e90f9cce4bb292d1058c6b32fde1b39ca', 'FGKWglm88k/InshsEG62eRV5UyP0vnRueVs4sUrf2pF0SeKBp3IbX6AXd1Y4YZXOQG+ED2YSLiSpuXQZtMomVBWqRIXDY2Ckx69tIGD+ZlJPrE1FeuPHS1oEcvHaVPAgblyOZokWhB7CtVOni34wBP5U4o07cUwiTI3PeCOxhcsPjQP/AbqutkGI5YNReNQET4XALJv33DtFMFMgA7MxbCqYDF8dge2ckHFoyC8F4psvvapUQTT7pjau0HwU5tukVcDOV5L0Ke+Jwn6Eq0elwH4fZQ8VYxmPQiC5JvRLtQG7zkQYUDNmqjCtar7OoAW09lj79ZfjVjgqEbHdvOJ+fg=='),
(24, 'MarcaAutomotor', 'marcaautomotor', 'f72c7422967d9ae25c3df04878a14d2a08cacec0fa7bf0f8adfde2a10d05b09b', 'IGkQru2nTlvfXg8uZjzGuBhVr3REdIc0tAIjnolOU/1LNuQEV3woevRfjHCRRwWgroSNGeoqgGHsuqxd6Vqydx2OdrypabsleTyAd4xScCOg5UaAMjsq79BKlejYl/0cgIyuglhNYaKLTVK2/uHZkc2qJFU4HDmP2CBG2UurQIKmz65h8e1K83jrDiuNdeY5Pp0N4R6m9IylRVPRit9EKhhJu0Cert3QrhkZOlc02eOYMRFl0k+Voji1V5Pglwr8mZryW23WzHNyJFQk3pIYU6P5PVEj6SuxU86OpI4MfGQEdELCYPg4YvGcQVNj6jsgM//sz94qRoBAVQYC5XUQNg=='),
(25, 'Pais', 'pais', '587975c026095f1f2d110a72d6b8e60b2a5e607063ee5e0a0c24875cb9f232db', 'p4CYFcENqImEMExa5QQ+6CBt07LhwHNfgNCqEO3MQJzqfzCJ0EQVmyaJTyHGZp7AWqOxO67+iURPbQF/iUOxoe8a8wcf95UhTVkSRFE/KyOD7aaO5UsX47Sm7IKtCW1x3kvovCPyFMAkMi6nE/tftNT4iBlowFpMZHSeTe1G3TGtLAY7ubPsoFkvh+BFf+fGFouGNEiFyy44HkqPgyPkaGVKJOndtrKH6mVyi+6B+nGCB15fPkpbL6DV2RlFiFzyvCq1FgDi4Eoftystf89dE2HNuUxn1xSbvKUS5p6CmJPiA8B3nhh3lZwq/GiLjzPZqTkDvT76MSYPd3C9aDTOiw=='),
(26, 'Departamento', 'departamento', '14f7166659d5e7e7a2bbf4e162481400edede1cbfa8d97e8791d7454c24b49da', 'tH8ov0r3LNiSlzyMhK57IqOlsNMIQR2rVB8WaxwpbvAgJKsj9/2cs+/rv15LVaIjhbOR5dAl7WBSFg06Ot23hpdXJXIH98mVwojA8ItTBSmC6X/ByZnyUdGny0DQ02enDwhCN0KRc6PGXydbYSn5uqYKKFhMXaLDD3GYyg22va+v57+IA75j0Y7s1NH0iao4X9ACweYd1f8VGQZboRPeH4vvxgghT1c4N+gHOasvn0VYPw/Lstkmh7db4jRSjZfnmpMevo0JD/wyIBjXzPZHXxlWz3XNwkiPXgBqxgiA9AMmmOi9IAdVqfZlVCfYzWQNsIbsSR4iJY9SUEBoZsjg0A=='),
(27, 'Municipio', 'municipio', 'da8bb5a766124ef8bdcb2185334ceef700da000954912aae0b37aa59d3d62b1c', 'NFnL7rT8qjR4j+BtNzRkTRTwt3Mwr5DB0tDhnJPblLLJ8fNrLvOtGWAiY9ilDyU+n9zmdidNYjaEsgzBVgkuY9esU0QkOULlZHmba0GxRfpYy6jcEDb+EA2MXO2UR8KXgivwFskoY/LkqjiBpSg0j+1GgjrWl7fx2JdZv5me3Vz1UHbFWDNsC794nT0XSTW8vDhiaDA1w21V/sQ4O3vziVwpEGlDj6fgS821CRpebhsszAHdcWqh8y69QGhpPl+QDgcYgp5UjzHbzmz0ITjMKjTdQ6+G6kBM2qaEMlQ+ShBIfR2zSheJ+U3zEK9Y0mBxXkxm2bewPCil/TuZQlHI/w=='),
(28, 'TipoAutomotor', 'tipoautomotor', '4ca6c33a8ef7e42d1389d5485345ea6db29911e820a65519faad32e9126d26c8', 'XgbtOAymMNEl5oR93Lv/9A8/+Vf2jtFDH0hKyA0Bg2VItVOXQkTo0WkS6ntZpDz7BoDMYmMBxCMz1b7Zo/0kP87wQ3nP/G0YKGPLSCnXSvvzHXaKjp2ICFh0VKldmnury8yNwrcaJBqTkR0tIEizhR9BahJ7j05lhu2+/Y0i/zDGvukSqcbMAKDks9k/VIlXslE08AGyvtXdMsHj/DTQbwIBAWycJaYyrZHm4Ufzu73kwQprifh0rWVtIbSDwQmjQKPEuD20j1Vd8nx7lHcWpzi2AtkBv3omHKGtd48Z98QJdykVUr8RR6TfhZK+uhk88IoMjlZL5wS5wCAcx9bLhw=='),
(29, 'AccionAuditable', 'accionauditable', '2025026d3cac76938cbbfc1c5b73157298a23c1b313d478aa316210b074c64e7', 'Yf/N8rmmWQk4wrXfylJjWdGFmOsYT8ikcILIWKI4LD2VO02Q8xrQTWsbXoi+AEnhQNYBQtix878Sq60CTU76+xybGWHyAx6FIEvwutUVSI67l6vykuce+B3zPAlTl9caRuhQL0LQuKb6AIAEaLjdi9uAwDuXvZ1mqXeusp5R8aksaDTGxH0D8tQHHem5qMD4ksIOojsnfa0EqhkaJfR604PoklVu52dLzMELr8supgZwP6hjzPZ02V16CWTjOMXlsh4hcUUIhLYeGbYoRITI2YFuVn/L+o/xKmer98IdiZcYBb8TI4TrII9ThNlKT1V/HQBOrrdp7zTEjwBBivwjwg=='),
(30, 'Acto', 'acto', 'b242b855c6c382298983b7faf1aa26eb0b831e6c747f7c5e1dbde800d8805e0a', 'ubqYRcrx347BaYaz1kj7byNvvwrag5zydHAL1klsZg3XHljyG9Db6mBECxFvhsNh2XeSEg+GBnRYHHk8MFG0woCV9RjQ6jSKjh4v60ck92jdzJktiV+QeDxQsDTX/IsDY7le70JsXYSPXYMbYrhRrlky2uyS0jJ6s1BFkYIUms8CrvtDWWQYeBK59RmEiDw5YAmnCuVZBgI94FOBDTtFR6bzLIwKvk7qauW8lNvZ7GkiLr1W9MJ5A8q9zH1DeYfRuBwJ1L3L4NJuhhZcGAITr8zNK73rSMYjv1ZBni/U8mPGeJ6AWFCSLCRNhVszAkN8/fYe6Gjv3hs02mE79VxotA=='),
(31, 'ActoRadicado', 'actoradicado', 'edc4e4ca2af5a4aa25cc91b1a2d51d397437ee57ffef7819fc0327fb84c44f43', 'Q6glNQ8b/jLeKHtEU5pD/c28HxZfy9qPh4sD6QM9qVeG1+CbiLjKfduz/T4gpIJ9w2GQ9HPovU8pVYePDAINWB8CcN1WTnrwNHk2/0Wqmgzos9G8lfIR7qRvhpqGjpZAJ4uQYpxdxcNbMj4XiCB+80oghom+cB71CydxroldysX2wAOvW8jgNjWzfiLlEqLZwIFmHXr3gqdMKC2Ul2toq/egX3qyA498vVvlMikRi/y+C8A0y4yYsCGP+bSCR2CqKvKNATGN/OdOufN89KzN6wEQfHRU4V2EseDTqvHNGKBjanbu6xhA63gwPWmTId7U498qYcAfLGJobZ7ka0SYYQ=='),
(32, 'Auditoria', 'auditoria', '0ca9e19e4fb0894200a6ba0b5670867a938b9aa8173cf1bc2410265df769e283', 'buQVgP+kX6TLTonF6VNmDszqaP72sf+ynmqMZkQG7NVCu3uxhDqOAeppsktq2xxhvRj4rbzlW9aqWiemBqMR2EOEHv7ByQbZjCrjgdMfAGSqGFe2mw/HBxEyG/djOkkFKw3kwhahB5YFDeGdBOzlP9tb8tEGfa7WL79Ue81Pff5dWRf8JJ4zENaz4+DFrF3zJYWjzDBdNKI0I4Gioyvgptp6/xKFv1kCCeoxUeHqmCQltImKSjvdG0CAqsARD4AQrCwIskIHXDICgc/zQfjo5yjWjR0tQ91JYp0zTunhts29nD/swBRLN+oBM8rG9IRUIlMEBdvVeZUFedXK+z4rkQ=='),
(33, 'Automotor', 'automotor', '4ec453d6282f7d3f5440d251815baeed9a047f496cce65c8fe077de958143c00', 'hGInKlo0jUP1mzjF0v1BfkgiNKMpJQtD58NPJ7MPFHSs7FRVbtT79VVXv+Lsb4GeNc5uSglFRGlffG4+/DZOW32u8smzBxEAKpOAbJ5KsDS32Yzm45I6lbuJ9g4zjgnZOTj71lgTJ02xNkZRrAvdnOr2pOJQu7ArJIyMFUUTkRuBEA78ivMQjlw/zRLbUjcuRDv609gK2GjHl6JdqhmKFyWpApVDBaIhDM5jABcflhChVMKNaBW1RUEnspOG+KJ6D5WqNQa8ZG6rLocSPOMwe7TkNZUy7jDIDGV6NySl2IDpP6Sx2JzCr68Ln24ZiL79mSeVESNbhhSylZxna6TMzg=='),
(34, 'Bien', 'bien', '6565b1c2de42e004062c391a688ca78c5229a24fab926f43b56066a93b5b248d', 'LA1U3b/xknGG3YjmpTHBnu/g4Za00xKZZxqcnCeHj/U366cNS4t76M9kyPu8AKDEsw9sRD+pJundoGh9vxqHWvfOEM6iC8AeLoGgDxyJk0jZa5c+Zka34LCRbLN+UuIRwK2JW6BEl2WfOf4vGMev0hXR+5k5MlFMsksC2cQ/66jTWyHisH+dKRc0hmmnO6ohqeuWYRRzeBkr98o7NsW7p+epKe4xglKbAfy+ytEuYu0kYCjoaEvsHet/Inf74fLsPQkbxmo+Tx9sZXwu5BboNkU5F20MzXAzMmdMeWoeCIseR6YXUskluc5exQRMCiO9raXXDS2LpjQ2dT9I3YrYZQ=='),
(35, 'BienInmueble', 'bieninmueble', '092a30b208af68057feaf0fa687b8c895dc37082dea962f5b96dad2ddb483e67', 'FXsPakV57hXGX3xCQf3M0feKBY7F2QSI7PyXurrZhvZRz0iu4wJ7vLrtw7L8f1J0YGXl+0Ll0ymnFHejCqyi7upZon0xIvYTi51WpEdILlevdMxwL//P68Zp5kQtvRZNVn/s/6Pjtalue0l2WWMJqqHbG325SQbJDZlgR6dbtflMubTgIAoTxDT63lG5kf2vxoBFFMGrRL4AKHoV+VEUic7AV4bsubyFrO+21Plw8NTi9BosIFw1IU8CME3CIqR7otxdBFXpuZiPOhqKvxnm6Yz3vhIjZi0o8ll2e98EKaRL6atBdp2uzFVr+YM5jJqem8vNqmicpEkqy18hQBBlSw=='),
(36, 'BienRadicado', 'bienradicado', 'f731d8532e2479be97cbd57d7ce9cd49a7774edf47f52def747c75f9fea3072f', 'EzZLpM/CIwrcF83zBQNHBu1lCQP23r5J4V4gC62dIZdc7F6DeICOmsM7ON9oF8E40t0q9ge9welSlW+iP/+svZXPfW6iUyn4T6iTp4X02IPMSzL9OYxCou7vz2HHYF0VZHI5XJ4KN4XRL1bW3sOgWYC4QTrHzdMBOYJBJAQSMG1HmLyuq4Ohv/qQi5Nq0YHPtVvfKoT1w8lLy9prneKv7qW6GPju2vNrypZPeq8eFGRp2y0Wz603WqaCB4VXEx5y+nqggRI/SgysDVKEqLHQO5YGKxG0+8mLEZ6quvHCo1sx8xWzjvrX+eUOeOCdASlW4KIIGcftj/a2Viy9/swdyg=='),
(37, 'Biometria', 'biometria', 'c0a7c872c6ebb0fbfaa6c5a29fdddc4a524cb894cd54cb94be7d00e7dafc22c2', 'YTVemfIvdzFHBBbmA5nd4obNCzBnUAKsPBRtv1t1Azc/n6JGgYf3lfrktP71jpp9tZqMxtbFatw9AoaITMG1YidZysGz6Wu30ZmHijgQ9xLB9DHu+c5Z4gt2qLjpVt95hR4rpRGqaImyrrhxPTYiHJQuARForHGT+ncrXPc8IyqR/VL4Fn2RfOzIn8RD40W775raBAJLJgUX6Pdh+QXhmlKVTb2xVAy+xHj+E+H+3XOOTr/ihtxnMJisc6SRNZMKgoVtkaMV6daAq45RaouUuHbkij4UvDLYU8TGMbHYVyi0UJwyEAJsce/UtLXixOcj3cyF/YHKDKZCHfYkX0mt5w=='),
(38, 'Caja', 'caja', '01c3c1c0efeb7e155ef17a08b7a03a172e02aec4d57fe15e4d050aea02869d92', 'KRIAJkvxMHZs73KThsw7JG0+imZkdBSCiZgQ+tOYzoeZh/YmGRC7SSw10mCE3To8Z1KGiH25SZivfQrrrOcyFIrpdfvh+mwwoeNo0gZGciyO88tY4hWfhIyRfzzWKkFgbVIrX6UuooLIpUY0igsCTVChYDO98PxEhKzwzfEG4DqQJ1J0bysMToQqY4c1I1KdKk26SOmX2lkWrcnvYcD6HtZQGC+XbN7rZebRdPR1SMbJtIUP/vIcDJz44t2IHSHR3wlGcEJQjjJD/cvwaW7T4hMafxjQBJUe9Af4C5BUpnEcTMYdk1MEEFzalBxbfpUDtLlwpAnn8dWsoHCHZZ/8xQ=='),
(39, 'Cargo', 'cargo', 'd685f4c4fb31b9a82e4ad157e7ed41c60a2af6c680b2c03496acd413ecbd3f1f', 'mlT76nz1vHDlnA41GWefVgCTSTmK3jE3MAtEtXzAmhH4FZAMcH2ku7ke6i4ZBqLXyHwYl53SVX5IdbRzm6oVYQTrz+uAE0KFVSsHIztX3diHrwgeHgXqnYJKAK5l6I6F+UNZIONyXzXz+Vh/6wxAyCzJwZrUZGm9hjaYOcRAYjcvwVwPEBgtrfHMComWOqif3LSqbk00sXFqlEY+fPP5Vr0kGa4YmNrmB9v3zdUXKd5BwMLCdJXFciG5QzLh+Dj1TaYC9nkyVITEeIKMyhD3Ys1Lx47L1Wp9ZHqk8bc6ndBessQFPF+/Qu1YxQD19MbjKow9zK5zvZ04N+tMkRgp0Q=='),
(40, 'CategoriaNotaria', 'categorianotaria', '0092c2151911057841a3a6ec6f3f9cacaec743aaeb6e9a3c29061cca65814d17', 'uOHZv21zPy2tOArQipOA1ySlBka9HIphyU2MtmaaRAuMRln7YbNmn2DMdHbl/nc2ctzA4ojLBVfLXr/xnle7FUpKWP1tLPy5wvLdOKKLsKH4QzlnLBYAImsTFT/651/+YW6rq7uAT7BSLWK/2n+6GlNEPVDCNItmomfimbXZjWSYSZEC62j5o7EWmG8nikC82sb/YC8T175tyGpCS/zsSR0piAYmjqylAwnrldZ5rGgZyEEyCnGjFRtGmwqvkru+H8O0jOiWpKhAK7KAErJa/HFO4Ss9G8LPAjqtXibEtxpyLOjJxwRTBzU8yOIzKzaUP0OLytoRt4qEwqSXyoaSYg=='),
(41, 'Clase', 'clase', 'd481c94df43092586ecaec40b4409aa8c6d5b29bccf17dd2e097ed542c18cbda', 'kZETOORqqY8IjBIbWHkEQcBITv/+KTJ4ZANQ3l+poJPPdj5YSP7hsTbFp5URVHE2mCaQY9jz4BDW3D4jrV66FPHj9dEM7PXKC+oBFAoPG4QJzaK8/7nc2a/0/GVoWpQZOvbZi8JfxTaaEB8Nee4uyavp9guYAvw1Zxf+nO+VSi36KCYfBUCneK8/SyyL/bX0TqMjgLOafajQCK+VcIRC5tr5VFxehmKL6g04h/Iw8KB+W8xlj0MdZALyXbxcXI9kw/mhzcA7r3JiUiAXKEivHWw+N5R1wlx0uyXCtbQ8CLvLpJOlVjjfqs/kU1ly7PrZxuGy/x00z9ye9UtYw8u5iQ=='),
(42, 'ComandoImpresion', 'comandoimpresion', 'e15471cfc15963da4c5218261960b1ab39e9aef305a7e420048d97966d97d892', 'A0vpb4iXHr9ObIw7pg7Z5zH6h4awJElP5DpD/UyUnsmGAQPakSvQzg11WaK089qlxdiSabapR2g1uhoMBGE9/VRFsFJ0YFQdJB6QdkptEXXZZ2AEL2VNh6bIIX1aij7dFL3f0GshNwPc9ZlZ4MxGCXP+bSBNKP1SCBsOhAenaVdMCFVTQXHDfWGG6ZDItNXDLEA2eOrhpmTLhrHOBOikHVx4RynXlyrUPaeREf/FedmnXG4ffny6BGnvOd9KsuGa8rbRGBeLyOZsOugUAPe7KaqP4j4uESh0Gh794jQsvb0wCAPaRr2MS5g9fG8qr9Yy0aAj+3Dh0I97NZB1Nng9Fg=='),
(43, 'CuantiaRadicado', 'cuantiaradicado', '753908bc50149f83c2a0aab4ccda65aa829e90fb7703fc91d595764472c58d1a', 'to91ev1Y1V52woTDznFvTUZlgL8NPm2XAxBwnutvkgCOlyQTmVSjFEJRocRpu+ZJdbmTsaDFL9UBy+DbQFS/IRj7l+Stt6bzI2GTuKj4xu4kgFKTv+kQtBZg5KB7+dUv/v6mXhX22SXYC3QQ141Eb8/P1ytKlGSTAC1VUJP9J3KiTFQJqbRTY7LuXBYeVHbYbEyidRRaqF2nbM+ezXZoNRJhBUR8dI42/Dq/os3ttmAQaVTDKK1rMayZBCtPkBszkuo7+UWcrNHTGYmL5LPLkplX44q78940ONNMtC3U6T7xiZy5+q6zzH6Qwq+0HINzxXpyi6ZLJzr1ycm7eSsKBw=='),
(44, 'CuentaCredito', 'cuentacredito', 'c7aaf141cfac0cf32c8474bbf6c293bbe3c9fa116b14dd56b41f21a3ad00801d', 'oVSK80FF1wTmPn100YuwmgIkKcc4IaO/1XC3nOIpEG/6sYh30fq/lMZvZIdO0aDQDtqq/U4W7nd/noBoX+hrwgP7QwH/MGY9TmrTC5naqB5qpmjFZmmtY9HKQKycnrNLl+kYYT1aC7dgceOmyfP+ouzmI6MVzdd7FfQYtip6lChngN7hoDXh3r/mEAD2HzKQxyHb83z8HqK9yEVGuGhevsiU+Q0UohGQBAtRIT92zqLvCXkY2C1Kfqh2+HqLgouj7UAsF3Bh94veauSIjaZilWfpu9Vr0QM4xv084xzoZiqzDfR0jKoTbk3k28GgTSxkYUCCsI/ZdvEUhR92kkeApQ=='),
(45, 'Dedo', 'dedo', 'b67718787f70605aea16e6c4203794d90633e0bf78e649d906e3c5571e002995', 'Iz+3Br860vlkM7E85FfL7IpmeJwn6igISroTE4yx46wagY3PNXIb1/X8ZgzWz9Wj4159pP51NB3UipruSBa5nlnKtGKO5d+clHxMILT+cQk/gpHi/+2eA3sx1E+x1Y1Zg6Lrmf/9ZOVUQpl1phL6rMGE+BhIXx42UhURS9WU9xq0MPEVfAeIF2dfSqfrwWv4iXoQ5Kuh1rukFzjc9KMS9fCjQNwwsR0wfWw/lWrhulfi/T3JCi2p6qcjqpflbZYz9SpPpLotcZtBd6nqtwYGjgPmu+L58K4nFeWT1MM5SIW55pSbWFuM8R6jFFLSHk2KkUXsUjDW0VgU1I8FzQ7YvQ=='),
(46, 'DescuentoLiquidacion', 'descuentoliquidacion', 'cdd8ffed57699b3f6266f2bab2e1891d6dbe508bbcf756d5b6be426f874ede29', 'tVdK1YFu/zB/wRPCr/0d6/SMLheuxANjc0N9Ec124ksEZE0DUwGpFa/SvwPglaR9eEb4gJHHsaCzDWSKBZqEg3fOJUzrARGF9lTaG7G+dK2kUbrx7AdKgdeTvPi9K9DIO8uaWjaFMuEi7j//47cN4FTJVbVJNcif/8hGYQ2Fa4CNUCGMtE9whCoqPBzqVWJlUFEEXLeGlLDWfsd2ouvBKKXDUR989yqY0IRWT3UQGXE7e3+2d10O/kbb8mC8tnzT3VDeds8EY14V+jRerUr25f8l6VkzQxmg0xNCjiG33ZG/A3Xfg/hephCNatGYPNE3w82btS2BhAd4Fn0miZwI2Q=='),
(47, 'Digitador', 'digitador', '4229afbc53610a33da7b401cbff7cdd48b6f4343e608b29216a85308eaef68dd', 'BKc5KDNQI/PROMV1R7FSSGyZaR1zL2NbLT7fKUk38s4VrQu0Ly+hWUZx5Jye/mP6HKk+ILMS1UrMSgWagHoATgD12KgjY1CdrzkMH2G48RUOG8SLf6XJDBIZuPbu6UwhMflsruhbmlpg29a2k2inhRvzdC/jKMxxZ3bSgUZXPocQOfPLn75s+6L+o3/Ow0Yl3nPigZ+cA5XbzuGc8drBGPsxYIZ9xtNQa9jgOfdxMtHfrrewiopXWg9IGYB21kvmx1w+HDk2zrWSqkeZOIEIC+vjoPgtskbxac4HN0vqxxGPFEu3HQxeYP3k98lpHGXKzDk4g8zVkJxV5pgS3AepSA=='),
(48, 'DocumentoImprimible', 'documentoimprimible', '3ba02e748840e2cddf15e6d8ee6c186255cec6188f438046855e0b7e170e7559', 'MHvexTf65J4Nn+6ZggLodSclcDWqiZxqInqpbeRkxtgQpnJVe9EytEPNyqoji+5Jlozog/BZV8YcUytO9jGlwB9zo4zx0DM/hNhJj5gSEgw6afGcgvv1hL1AJjGShP8mMLl1J7+hnI93Bua4F5Run0hrMlXN1j+ZxNX4jIYoIG/WhJCbQulYFdz38VlSCbMquJirpz5jnYZWdZSLQ1f8X6HZE9cDGALQ3pb3BW6GxGvG9QS8Z5JxYeRjJ1XXDsfLSijpDPL31gWDtdxBuxH0Mjdndg39Ki6u1ORB9mGl/J8X2RO6Slwe/PBkC/pZVdVU9z54gjVY6w8303crRREOMQ=='),
(49, 'escritura', 'escritura', 'c21da17b17c32ad8fe253f006b77f8a6587345fedf8fb8fc8b11ca0c8e3917c7', 'DLWtNdHVD6gD4I1sfsrMaH+A3EpCN78yl8h1edaPr1ISAf2bZ8i+LMPU1uidlvhNdTgC+8lhK8cwEw0YyiIYzwkWgB7YRVZe/LIza/+F19SLZznkSYdLAO4CjAgHxDiMREjrow5NW3RwZRLb+jM0c7i+WMRS6faX/EbKdZHjbDzZ7C00VbBkMoGkspata3a5lWlJPKJnj+rAv4YwgxLe5sHW+4fKPOBX5CgUe9YPMrb+l5oPENVKYozby15AMifz61TvxM9ahJ5TgWAhkMEabeueU5LJE+h3EKUvhD3viIqOhXwFMspe5t3oqh0wjWiw5sIHUqH6pEz1BXHmPh6pvg=='),
(50, 'EstadoImpresion', 'estadoimpresion', '8ef14d3bac1d5040b131308b4657be3506ff2a3057a80cec60efc83aa68c3855', 'QQs2Ff+rWVvs1A0p4XZCf/fi1MxW1rYe4KXZ72r6mi8qgR5TeCS8buRgffKGw0SqDt38bVZJELcbSAbDGswqMIYR3q7sB85fwpS4R7tzqZzl7N/6PNyDND7omsmc3mQG69m9QxOhwjE/ZBad4frp1/kdxUO8O3iwSBwOxV68zww8VdNM7b9s58TLmdXUZgjDxMvGYEPcU5/qbYGqA1R0mOjlaSuRR+ugb3fEViiLCZdyu5snN3t1foNMVaFr8lR6NzOkW8L1yslvDVBgVhm8YFhhLfKb7UbllsUo7PRpx5bFntHLCz2euMgM+VVmxhf4o8/wXUzVaoq6sNfidUVthQ=='),
(51, 'Extremidad', 'extremidad', 'a051eace4cca8e0fa246e383a875ea76da16590183d089486bce16d70a60b07e', 'VNsRLOyTX4M2s4p2BxThFNLZ3tVxVx12hLGEX9hAfLdZzmx6dASRi2C5KEsFUQ9T+7GrnCQpIWbURuBhYW30N+XfmYinFfvSqGOWVCTaNEgS3imS+stZq4W+D+W1PMdGShMy0iZhJsz3bmDwLxRj3dcMzpAWydjlrhXn9I29VpNiYia3XknJYu784QitY/C4mEa0QJiYOX3lutqpe+lDzXVXnazlxYQ+KBgqlHUU/IcnzQsTUHjiOqm6KU9BdgW3BX2e6OC0zj7VIHiR+HGbLmpj25DCswiFehTq7dfYj63c5pMV1VRYXVOWezq21wu17tWFQSXguY/6o8CFLhZ3zQ=='),
(52, 'Factura', 'factura', 'd4f001cfa281bc6df48b095b94f9a9793661919281f4b99c8988e7924e39d794', 'mk/myRklXZmXaoRWp1dPxtI5dDUiQsPWy/cC3It3ksy6o1cvFz2ukIN/J7dS/h68JsSF2FHdzc7JZXoIRS9lJM4zahqwUh3dvMnTqWIjKQadXnsQVbXcT4s1kbmIVHWHvxg2OCpq/s9EOVgd1PQPuPnBYwH/+PergufbEbPqf9nKRCwIHvSOqKqX4a6MB+nppQneUFd5EpUa8Cl28CnYIBlZBeIfNp+w8GOorVqeIDpI4jANIQfTtml6agtVuaMvjRMlLT1aL/SpcYoDSb9tZ+/L3DUfEYLup4hN+/NMciWqr6gBoRIxvgSLPKpkKudHi/w5/08lu5aiixQtj8Q9zg=='),
(53, 'FacturaConciliacion', 'facturaconciliacion', 'b89b9f29732e21d070b1557557184667df31abdc8edb3f0f56ae9c0133e268f6', 'uMiXmmB3cef4jd/cZ8GMDQHqKLdFQypDbh6042FjKxKE6lfZ6lH8vEwepLwoVPJVpPZ2dASZ5VoghIVM1cqL/AyXaG6AuVrHm0pw20LbvJPJN9kAF4zCdnCd1Iro/3Y3LXPJl429oXuI3i86PH1vl/RPwEiuW/8on4o9RXj7iuKg9QvJKsQ1y7PxESaLHJAZUs5onWS8rio3K1CSDecTddVG0yU9Nl/0nsNyxq1cQcbddE64keYbd6Z1r9R3oiWB3wR844soTr8ZibuCxZCO6f3NdVA4iy6LbFkvdVYVY8CNiN4EeKNsfsi/RnCGPz6oldVfS74dHLy7THCyFuQbIQ=='),
(54, 'FacturaDeclaracion', 'facturadeclaracion', 'd80dec2184d4f732c875117f336d05cf67863f976c6891b456644eadc75af0e4', 'OdWo2/AhA86g4tyGRkYHuCSwpMOoGM1gwRWslw+bFiSuVytlktuS/dISelMCWFLBhKMUWrwxMHnbICYnfoF8GJrgbb25SFC0IzHqNYOExgxDxyQHmVUo+X/ykzZHNbx6l0qu3bLbmhaoiS7Kggksb/QoipWQJEKlhTp8IBCrbNnKvWNNDgyTCvOm968Ehwevin3i8AIGPuQ5BM6kX1zv9byw3CqqZ1prEjrgx7hjfkDhGzs6VMwsVdr1bZkv5PtC5nmMG43hfP2Ngjvc/jDjFR/KLZkoOElnUBfLx+bsNrf8vUDK3+BDwGzfLBvRS3x6awmnLqfEp8Pj1HCXy/k8Pw=='),
(55, 'FacturaEscritura', 'facturaescritura', '5218d7136bb09e853f84bdacdce1b9780ef33e4bb47c26840200f326995fc053', 'l/CDkF8/WtUyLZ89ljHVdfywXLkpdSI8QGH7Uaq3f0BK1uI6odtGkQjZEuApTfvBepxPzM9dYkhw+wHOl77Ryh1KnoEyDuUgPmHSTq/GY6qKo7vSrTKbD/CSHGWTW/BrpVKCPmcXVaoSXtHi9WkpEIXPXMwiRAwka7lgqSM7uQvUhhWAm9hKp9ZEQykqEk44+tMbvwaKlyyFy7tHgc5HsW9cprH0EVEvXULTArtL84TeC14XwdT+O4SeY+mxnhZdwqeREtaBl88xuSgVMAxEGenexfzScv8OiNeqHjXMk5vJU513exR/tF5dwyAjNS29x/RHXPPtpCNYiu3g+GlJ9A=='),
(56, 'FacturaRemate', 'facturaremate', 'ef7944ce911f86503c8ddb24c18423585de224be61a849adc5bc8562678bd796', 'i9hD5DNJjayXpSSkd4IMEzx1a6zpnpGi0wlRIwX+TuZgm1YLBHwGO3xBu7rv1qh3SBvyUDP0cSmhiwXjxKwjSc4r1c8fylu4LxqZdgUU7M5lTSbXrdROdFGv3rtVsFoV73Pp/vKLFDJA5vSK6LOGz2ZsScWJbP0wu1OzBqNUn0aelU8+893SGiHz+raagt7+aTFK27EKceNgcSyg7ejPn53KNDV1vptG7JM1L5eEGbz6sEfIV11B2qBhJTGh7a2mFQRY18OplhnSwuob4BHgvg9pGc522M9+3g72y9yZeMT7nm1ATRBVIQgRdyoAdhoYYGet+CiZrWnf74nzynltrg=='),
(57, 'FacturaVarios', 'facturavarios', '8024feefc1197323ba26b1031f21483b0370cbe2be916c15e4fb915d9c582c86', 'FI18w63WLLYuyxUbgVYmVBci23XW1FoioGwT1zosC+b3An78KLlR0Y1kW1OvRVxXml1bsW5hxsXtsyx/shsDQCA+4Ro8gad4hMqU283FTKRs9l4nbzZeIY9w2yhoLIGXXoRq1B/3YcgJhw0fNwW/i4/VvJzIL2t6Wk9hOzK9Xe556eNuxOEMnPgS3JWy6Kk7JKEorIUSKd2P3ZWhZgwOk18v+of5bMYuTGKJEIEy4kEvA9IRQfWX2HIvAZKtV0Kq0FpuLbyJAN7DJMu2zeKGawWR6u53FPlSuYbLOZDv0MIjm5t2dTrawpmT2RhqNX35oudKmkeNyJ3vIJhafoxS9A=='),
(58, 'FlujoRadicado', 'flujoradicado', '5c7f7c268f6120b32967982c5ba89ca550408d80d49ce14713bad570dcf5ae24', 'hH6ZG6Z+IXRlguQzlXEtZXnQ7NgZoztzRYTrtEtan/botcG5Do9CZBtZuiOASxAdnrOahn3vWa+qQZCEt9ypFOhjEJneJAJ6Qo/Dj/M7QErRbR+Yc75V/b+kolf67Xwhm25KDReXwZ5kjUN3WQHq/YCwalL38x/88I/DJrYkRXLINFYDu+1Mp2gGe8G/3zfdAGj04wUmV+XRQWIRoKNmVzAsHV4KhghDjLEmatGmu2QOMtIu3MF0C25USh+Wvy3hKNasikBGkyxObir4vIsBiznfaoPZAMeTb/JXfBLXbkGyW5eXQPEHEoJJSYK6fPKaaDIVqk43gY7BPF7ssRVBew=='),
(59, 'FormaPagoRecibo', 'formapagorecibo', '060c74fda6ec20936a4818f280ea7e73963b250b6c1797f6f6d6ed0b85f43d49', 'D3EOiNtOeUmTXOxq0PksLaZakwcXaZDFZi4a9dGW3Zfii025GiDlo1wgOpO88PNh0ZekgEOJlBLtIZdhBxNK7Fbh1NcsN7G5eaIbNdwnfYnTatEa2mnVgtlKYUZWuOl9ukkDJgqy798XOWieqq3k4+M1RA80jkmiEh0FnjmE+YOt2X1rv/Wa89XvC2aYx89ZhK7GCwM0aFhiH+IvSCMb6bbCsFhksVjOOEuS9gcySU4l3pqYEGGYDvpw+aHVVgoOr5fDc3mYarLg+A4m12P4OSCVcA2K88+oeAEWrDhtTNPN/x74Gb5NdMNZ9xGHOW3fPNie5uy3PfASg/iwY2pgog=='),
(60, 'LectorBiometrico', 'lectorbiometrico', 'd372eac96121e16437b65593e9ca3ec6b93d49fe76138473bd4ba47d52083f85', 'BbCREL62ZinyTqT3oaZgdmhPZcMNUwEhA+IfFBx08i/SyEwQBQ+ar1mi5btoLs6d+/iZrhhi2Ay5BEpLa2ygurLiLav6fZGmIPvPDvfGApyLbaUV1IZpaDOWjcYygxJW3x9Ardr2E853r7QmY+ErJo19S3tGN69O0QAK+teU4q0JmCWXBi2rdOOJOpqP+oYztpRPpwD4gx+uGyW0G1vTS1SNqOvL9S7drzgb0lpxAvP3/iT/wUIfjuLdIb/YpUcss9YPaZnzCJwzST0E9AaHq/6PUWr7UUtgIMaUl5B6/AmW9vlDnl3u2RA9vFYfSOwMRPM9r5gA8j0xQih1PapnsA=='),
(61, 'LenguajeImpresion', 'lenguajeimpresion', 'd4dc5d9512f9e7e1cf9800fcabb9f5394272682c038dafe25c965154ec090e4c', 'N0G628QsbQ+WK0ebpnsIczd2NKypu3byVsq8mJxdKqSwzm107MpzdXT70qSNQ5DeoRIGN5OfkyLorYMV2W+wegP3KNUzMqDsat2mju0rgshNLO0yBju46c/USwQ5rEbYWRxLxf0L3DnyXVjJGbqBSzUUf2ohvfgfJLUK7s70jO+trVn37fur8Grn33bOe3kILjOtQ/XABgW5qp109Dtbm455oQHVQTBRz1SCm3f46d4qIJGoTaOTlshfV/1rOPJPJorhbHzGHpqA7x+bTGJaG/T2yyrBQuwTlCQZGvySQye90p9/XilEZeFx40iEeH63V34gHmcrezmS/4gahG+tVA=='),
(62, 'Liquidacion', 'liquidacion', '1067a50c8c12957c7cf4e96ddc6d30b1735b6573772d11e865dcea2bb6f55ad0', 'b2nPguRGSNPge7XNbfjE5nQt5SuzWXElHi8gtomtyT1GyFOyzu4E6UMoiXgpU5x77Q+htES4UdCw110zqEvtRVPLa2lFE7aIxtTu0bR+Q/0j7cjxcH3WR0e7mojGLv5qQSDDS+2CJ9otbrCIuGbAO9fcsakUvRh208eQ5A4QUSwhYhJTdlegF986+pR9/EGBSYURSP/DI3Alke+btEN7MsvdaIkNWtLkib1G6JgAajT2+IQNa7YAUrtmXgSS+CCU4jDTM/EO7S+IEG8O0EsPDPrxPp+ouVNEEkEG1+g/CBrEJtfaI99KBmZoY5GLF10nNL5JipV1Aw92olrDWmzdGg=='),
(63, 'LiquidacionEscritura', 'liquidacionescritura', '988972f403771023c450ea917f0bf511b003acdd0cdbe3f8d5666140d95e4e44', 'dpLfG/1oi9HrmNkxv5LS6Q0/+R26ca8u91WuZphBMdmIelrAM9M33s2/P4zIq6EovqbqmGLVFpDLaJCxD34cJiEfye07oZhnils1k/A4b9qcmv2gdT9f4FomNgFix803MWCiCWnsUiqPFo/SeGNv255xIUJiVLy6lRgBpO6f4NmDFbqq+MPYI/Q6JczxVPvGoVVRe8RoeosIGN2C9e9nORMT4YTCDjKCf7bYuGFZfvqq35/4IxR2DvcxygRRb6/3GTvft25HYH6kog+weqcYQCYSCMZq16q+VHak6KATwr+Fw5BFs8LZkyHectL/xKN4oqZvFS+1ny5Y6T0Ic8Twcw=='),
(64, 'Modificacion', 'modificacion', '2637391c03a6547c143ab77c1485346641e979b9f80d40be58c2d0c68b4aa606', 'VcC8Rd33T/tOgB4v9pCLueuikqFudjnkv+U9dxBrb2B9/+8I+D55C8NgOoFCUZ35ksGy59ZGeytQqeuhoEMVZgFISmRd4JsYMqe/jJZEY7ggDgHojq/W7PGZmsbslQj2/5cJTgH+45Dfk/lUZQ7C/JI+hY4OXtHsGPvREQcfquVVUGe/4vM3JEUsR3vCIxZSk47e0B13b75DnIyg6ndX9j4YpOUZvSLaNz5hAI13ACBbJGLGSnKREKaoyf3GTsBFepwNfntzMJ4ULNsPx5C3BX8IMo5j6+7pyYNLrErO8UPfqJFqDv6M9avj1Jn7n0hZzQ0R2Joay/xyPR+4yadiSQ=='),
(65, 'MovimientoCredito', 'movimientocredito', '352fe20be5da2971d5050fa2082aabdd4931683ff837cddcb5580b96ddec56ac', 'Jr2hdxE7QFhexnwRa6XOtmKh6qB9PiqiEpErYnpW7oh5x25t3jWh01S8gUYgG31CsKRpGwrNPBE2iIJxn4cFvaAe+nKk0RIJ90B9qfzhbjlyRNtk1telYkZ6EyNNK8IN9vgEVoey98iPCEivo48+eWw9joqcbxFyT0j0Dxpk0AD0s2UmA9pC/T/M6hf9HkA4QoZjrstH7cuTDzovbDDSi9/UigQo/QCIbpu3qzg4ltflSpXZq9DdEZsVu3ZVU3CiSAaJgbcohaxohmN8Z1npchOykfYV3YwVEL9DvpSu1mh0eqPjet6YuRjwOoNvJmi2KGI6NLST+0lAcA6NtfYEFg=='),
(66, 'Otorgante', 'otorgante', '73e41b446c0dc4aa0fadb2a5edbb6092a45d091ad81c32c7323ab33e909bcd8f', 'hF8tc70qyaTrvIac+BVP85GM0faxccLEqU6JFOJUfLjYDck4039p8p7fboHiU5yfNCLPMUoZt/SC9HjkZjErhdOLRrrk3PHLqT6EWRR3vJ5oTKnU28Z7zA1jAJ/A1DFBZU5J243TOY+FvpcWV80kYwuCgkBKUIPZhBmznY1NY9pwenb8BeBXWrxHQ62gyA+Uh3fY8kxUmpHeBeN7xfgWsJ/36X64eHmrsUa0TkwqdsmQSmTWv6s9Dk7eaegUI+LXXQsQ5Ih9G9Oxgd++/J74e1rexd2t2GHwhfrsBDZl3JwDtL9rvOW4llhtvAeELiBRXVQmmFw0PReiuSZGZlrsdA=='),
(67, 'OtroBien', 'otrobien', 'db9a70487fd5ae2de2b09e9d34a70bac75b46e005fc0b355e4c0ab5c0faaf18d', 'Fj2jQTKGUpCbgsdqVJomVl1vZG21CJUC5ws66UdXXddHb00eV6jUUPdkINYLFgirWAMtObl9/Aa+qQX5oIsEMaAcou+2A49eZuurTlUeiqP6f+ejvHa+7yF3QWE/DlTtj3ORTR9NkkqC0kfwJpm6WC5bcJu5zrP7zJUkuIXYHelkIryZSZ5I8ggVhUuyoaPbNLTNAG+V1u/8I93BzOfGjiVTsBMjcmT0D0Jh9nV0VdRE2DUrkI0hwHnrw6CvdyFCCeOlZ3CWvOZLSxdsuZUI7lMIn1PdLoniU6HXQVu5tR6798mJ03DJnWuZMhYP77ajz4xKwsuCKPi2Awn85pr1lw=='),
(68, 'PersonaRecibo', 'personarecibo', '32637c7c796802b6ad29e0a2ae289324a889731e1e593bf9ad1f16dd27769745', 'VqhjncB0osGbFERgN9mAVc+CYllqObz6yUsBuyEgnMfN9XyHXEwwjhNjNL718DynYd6Q674ErgajinWLD5mnI4EVbCf2J8UTpDoMEWz8Hm60kqbLBGHwiStgSJiDh+fumyc5DpCmzxzXuh9E/sHgJvmExMg0BcFL/rvoG6j0kh1cPmuPLXcEpjG0zFiq4xGMNXU5YRjoD0M8al2NXsjLM4/JATsS/qLdcF4HapvQlajVV01sFDZvww1SUnl/BK1bcoVUxUpTi79JmviMIXZUGChvDfWuind0ZyW4kKmAkgU8HwCLrEV/bKl+0iwsb88P+xiHj5crq9rFbX6htbNgqA=='),
(69, 'Recibo', 'recibo', 'e01ba3b9a6ab65902dfcfa6cb54b1b1c2cd5baef76bb2f1606307ced908adf4c', 'JFkqsTQG9zuaXcas4Nz3PTuFuiLpwVSQCMmMh4THUm9RXNx0NhL/2AhPKkxOUiIbjxpMJS5akPIvbfncac38i493bByI+KHLH2scr+HNaBO6jbOFUldT1+aAh0ilDyXLjsLZzu2OQHKYDqrwZea88P3Dx+qEgLI6RF80l7zh/yjK07S1Z8W9F7qexQvpicVNUT7mbJzZgRa1caALYT/t5W3HYa1Hk0q7ke1HqVoEhUxTcth5LJHzn0pGfeechBq0ZjmisvSAqVVj9/Trr7hegW8qGNxm0+OzMN1e6u/pb8W8oookKiOtYRdOR0hrYHC1Ihq4FpCB/NJ20fRF3bkoHg=='),
(70, 'ReciboFactura', 'recibofactura', 'f46e1a1080a970e010fcac6ae60300c19efae3fc0e420f805d5b2540f2d4a7f0', 'BzDXbgWAib+zb/NM0L9ysWSUnyUzIF67vNyVsq7RTUnc0KQ0drexEjsH4Nyw8Gq+zQFebT1o4+1mGyhMi3qDkk97attJvWBknzQbIQY8Kg9hFeKkoQ+9xeMM4UCVfQSuFNpT3Gg1o5aLp9c24rQOpKAnndQFn1ki+ZjpFuSRtnJkPWUj0CQXY10fGi+4hglvXyQ0bJhy7aNGvbqF5pRmL0XW7jk0u4nFjF4g6Xsfvkc4DlPWyrMXnoGU1EwvCCeyHrKtPf3AqJFbqUVghrSok0Tj3DJ5m+E6T15gk0/D501HxWMq5rAhP6YechMlOh+s543rSyjtuV0q3gDyjsih1Q=='),
(71, 'RetencionFactura', 'retencionfactura', '48ab8091bc7eab8b4ce0fb8d9b4300f47ba5a9dcf4f942edd7ce107522566a1e', 'oOaUgAw3QBMZugfGEG/LpzkaTyyye1L+Q8XvcSnmodWkG5RdgokpB+niJoneEsGmt7D4m7KkUiZFPiE1Ap0y5H9OdVvUqPELeYkCq+j3W+/awtZ2jMVgUG63GN8+LqS1oqudc2SFE5nL63GeRppmyxHCAUAMhe90ixgTt7fZKj0ZsBL1S1pkQC28M4in4Kxb8cgkMDI7Mmrch9bCK6VPxcLzn17fVFUJNF9c2PeQpdRh+XMHAeNYvYCH+ZlgxHDJOcBsz/1AxS3KcK2Bl5789mzUz20jYtXwbt/U9vh52m3YffhkF+SIOQNI9YZCY9mGcgJDCP5HcDKYl44QO52hXg=='),
(72, 'RetencionMovimientoCredito', 'retencionmovimientocredito', 'c21436d7059c839e6c6920bda75100dbce7635e2bc4e81e8eb730ceaa7519aec', 'OEWeDCCndxdAExPe5TxSM7fXi9FZGX+EgxDsNUJ18pSDc2EQPtKOAXvJde1fiIwMB0P1hM5LThlt6zQvD/yqxM0WwlmRxMVS+GdN/sZ81YMwLRh7HSFrW4LRKIvmVk6u5IVRkOnOHT6Sh+NYZsQeJixqjw90lDhLzzkKbPDaZ2+f8MVEn/oPmnWHgUkirrXeLiuGCwfcTGYs7BQw08zffKFJkyPLZFXUKQXebWRAPPOuAlSpn7fWaPCSc6yMC2ztciMSymJiD/ccYCNIDeaqb4ZAsj0fxRy6VRE7+xVPKKNinzqtT6PoE7Ahd6nea0DpbyhdRI1q7gVy8DQmMKe6cw=='),
(73, 'Revisor', 'revisor', 'e2f5b80bb786241b1faf298819e1060c653275ae588b95b2c5b4838212571ce8', 'OgfL+YDP1hMqGkB31XS/JkX2pkF0rOHXZX1F1UP/aqlMgfuJKTQ1C3Smxk9zSvfpBet3efViHe9KcQiwbLK9SXqkTqpoOUfEiE8X77PA9WWo2iVBAnY68vKmBZgj2N0mof+PXI0UYJmsO5T1APVu8YRLtslabdw3JE8yBNwzt/iyeIM8uYFLds6tBvuAzeEE9QGcoqxSQ69H5LYce2tSBrlB2BFTNWUwK+S5h99dppyX+4YCWCOtt8LF59RXA+WQ1kOujEgbc41KBfzXJ/TU2ho76Ay2BDUfuvkRMi51J5ONzQKvb2o85xS248HyoXvpgahdSAB/J6BzDNEPw84OWg=='),
(74, 'Rubro', 'rubro', '26acd431995475bec09ea0ef31b2e9531223aa4ef046cf6bb831ab2ae83fe510', 'ZzC/15ghUbwnXNWFRgHtOYKvvGeHQwjIyUxHkwbN/jKgdXQf+PhLTjO7qHFEfLzE281xLM6IcxKGv178dch9EuDm6WxEMSQx8v2sga5VMs5gjKDz2oOvPn+N3zthi2+EaeUinK/HwOpVxfn+9kJ8ODgKHo+cPjXZunJQutYNWcNVDW2f20S4i+a9zanVUGhZwIEFTkmJ4AYvWhH4BhmgBZ+pfZt61GSYO6XCoDbFlLjLTcWPulXLDUYDYvPYx+xSSnugO02lYWdqQI2KqPIn8AzoNgkxhw9xG59/8sXNmJ4QiWM9gAhdabRlpmj3gSMI1K4HMjL02xcMLUOro7JnJw=='),
(75, 'RubroActo', 'rubroacto', '1e9ba674c146e10fff0c5ce59a3f316a30c2495fa8f48faba720e03683fd1059', 'oqsxTi3ircKvM8tzA1l7sT8eeVpVTawvQ3OrFSR1u0cvv87QX04xbA8sVrY5ixGKc4Atw3t6YCoGV47QbDxUEz1wrASkhgWWogRS8bR4JHF5YaXBgbW0/NTxdebhsfz8a5jcZX9Nx0hziu6kVth7rblfQqWMXR/NXyI4tS74iotIhDMyn8YeEn/OeYJ5vW0IKDoGXd9ID9XhmeScuFRiYImzg1EuH8pvlbV9Ae26AIaI2i441TPw57kUQxJO0MI2PEzNO0UMhjr1WSBsihw4wTztnh5K60VR529vGV19yEtC+CxbbHpzWZ8Z9MEUGf1Wjl5HOPUbhqzWaZO4Ccdfpw=='),
(76, 'RubroLiquidacion', 'rubroliquidacion', '553b29e722774047eaea8bf7a9f8a5bca41f7b277fd742a835522fc5b457a258', 'pTuxP+ierDM5pYib66+3RGpqpxj8KM4SHQo16u6WgH6xDfuQ4ZrBGd6RmldDyNv12d/npjIix72vlqkppvVq7jlhfbdlIeB7UaIH7o+RYA1u365OD23mXy54t9yqFxowv/RlzGsLbkRf5y8ZWl/Q6dbXp9etE7W7xLaQ1qEFcozUt796QjX0SjisAxvmRZ3UkozQJ0/+BRMjMbYlZgB6Ov5vbBEtqiJufQM+6hKYRQuLELNv17RaiiSDd+Hnhn2kgEpS3ZCiRysQATLxziGNMggftbsZdKQHZ36Fof7Uf4a3kj+mT2EK9t2QA3bZQTQp76WiMMwQS1+iYjQQjy8HLQ=='),
(77, 'RubroRecibo', 'rubrorecibo', '91b8e653232394bab760c39de1783eeaaf373482810584702e5380e20f72850f', 'ILNN7wd6QLD2M1Sh0y7U0UjHdoCBjvnnq90BKWfR62oCoT63pj0juGYhEF61pxubiC4s7kn7s9AAXp5S7SapJ5iZY4ifkL1BRc88PXmEe2PRawvm1InfWUx8nxlJOymD3BWi3DmZXeSkwfAekFGdxBZzCBo1IdWV7azuEjh52ULwuvb0XPvnyPvq4RelRRGnihmhQF/43IVQ8is9Io2KVp1g8TABxVMNqrMick/7rvGhB/1YNm5rAJ0Ip+zzIxJIFeDLH0a3wvP7u4MXIgYqOLq71Wn0gF/KtHtG+nTYEMWKLSfFZdCJKcMPW02Nkb51FsSiyDCXXSqsZwwx53Ea5g=='),
(78, 'SecuenciaImpresion', 'secuenciaimpresion', '0193bda40d43df88afa37068ab8c0cac607d7419d834fcb96fe48dc956270266', 'ieM+2CGY8MaxGcNWhNBf2BQwsXdGPa8sRugwKzq8PYaKl5Yr0RfIVfEKFcAfIAk6L+Pdi++Ov7BnXQ73YuMEIksvwq0j/pj210LCuJsQdLIhVNg3eIVbwP28YUDQ7+ga3lI3or8VZ8KwfIKFqL4hKnW23elXPUQ1sACxH/SLME/XIZxoLvjf2R7Od2UbO5xItmLSfV791S640FwkxIoUB4rA7lbErpzLHFWwHm8kbpSxJTzARrPB0aTzJs8pTLc+G4wFgRni4zKTG2wLjCbQ6hzOlQnlXH2RGJ+8AU25JDk2bUsww7ki+ArOVTBnnc88xpQcATQxCq3JBnsUtKvFzw=='),
(79, 'TipoDescuento', 'tipodescuento', 'cb6f56c328c1cbc7875d4da77f72b493520a334dd70002e35d80a6786e5c5999', 'hDvngxoAAtpTseTaAa9IbIqLNH7TPcxcqg5lPtA6Ix4R+ie0bw5H/c4dI2TSkZRjERV1oLy+HlOcsPHu0J0qEj+cf583M5S4BmXCUZZ152s6vqUIawdL3Qw+lkFrMHQArnCcDKmC2wZfWjEvZyTqfxN6eZ7ootVk1x6a3eOS2OLRISAnCsVsjAjvUmAzt/gP0GKeU9GmmKXypTiwCvoi7I/YFJzP5RITpk5Y0OpsnYLEzyTnWkwPTAdcXnhquvH2H0uZN7sAaAR7G06KUwwulx0JAdQ4TVNhYq45RMoSRPC36rqvgyFJMqT0YzTg2Sxq1aw/izkppkwT6dDINyR2TA=='),
(80, 'TipoFactura', 'tipofactura', 'eccc444a9f1054e89844624827c3cb49beaa7c3cd8674f82c3ef38e9c5ae7b13', 'fZfUAeUIkc5iNKkX/rzhyCZPGhuA+eb9WocBIJv5P/2QKhLHGTWIF6JzByfvOBMea/HkpO09qPe1m/A177XUbmKKEa1NOjyqsmbMtBMGXDvYG7REG3zdRJa6EYKOrzupVCX+iTII/n7FnQ+4z/b1fFHfirs9WXa9EWOh9IGW+AcBFCWdBVmrAIF+4LJbGksIt+17l8nSGNr8YDSAD39lLBb68R6/DXkeRwQxwOceooNBBFPY3whifJQnj1VgWhrauZU111mlr2GhnX2IOQVh1dRBecr7gnC2wTZtYEHi9PZZ9dehmj65ZdEe9feWy2M1kwypYUlqM8t7F+SIuC7BAg=='),
(81, 'TipoImpresion', 'tipoimpresion', '8e332c88980c6ea9551f447129ffde98f2689830c1c267362a1d9fb814ed64e5', 'XkIiJEhaHlzI8ZSwOTF/aLPPRbQ3B5RuCFYZpZY6JU1NrUIiBY5wqk+kt8qr6Odbxzd7slaEXUh4nPnqC5Tn/HughTg/kAAHhok855TW1s5VolMULn2W3FnTZdU/Kj3NBqzsIl6FWBhiXe0lqWXbU+RdfHjubJoTRiySDN6o4Eh/abdT9F9aFEJ5wn2TBxvzCZPVaLUOebmwpH/oGRARb/K6NEVD8CdrqIIXqaJu0twgLzmONFIPukLKoz9xT6ZeIwZxXVHSDzfVngOf5w+yXzGqeR6cypTDL00+/9Ug/SggcBxsZHFnXk/5S96JTl8S3p/vTPsjJLncLjHcTiu6bg=='),
(82, 'TipoImpresora', 'tipoimpresora', '2c5d879f19678ce60efd17777bfbe29718193eee4734092139ef75a35c5a82f4', 'pWh+adNTvaWuqDJij4BPSxxGvyQAtbLz8zWfYDp8h225kWJ0Md3L1ue5B4ZKBFlML5r0ll+vHCtSs+Gn+2WTlHsRwDsW1ACKKFBrWqDyTBJHqtsqbsPL8GiJWqo/KCiCZwW3FDm0lIx0ystICMWPn6ie4Iu2rC0dWkh6PjznN5FG4bDyRp8im8VPY0B+b+COctLi8tKXPwfYw33ER/uQfGxBLpn49I/q5Y4tpbs21Vp5FrFfRUo6yOvZoGPnsb7lZsfHnpWqGh/ZC4rxPiAEfgJwRmai1iugGlk/OoV6OZ8AFz3D07RjFyXz/nOLfYB5pBmy1UpiTHvMXRL9o5Bi7w=='),
(83, 'TipoMovimiento', 'tipomovimiento', '73bc376f39f002373238259af0870d8bb64c3a816a9aee71aa66c060e0d77f60', 'HtFK9FqYOaMLU7pbQ9iVJ0Yb3z575Jk1Mv/srqGgOw+u8v5DtwQgKpqkAQrVEofHBxS/hEIU7oFwzDigGH3DYAczYxilNaP1R1KMoa95JQ89WK4Nr2lLXpRLTB9JAAcuGGk7I81GTbi3qC+wdm9nTbX56vNFLXbLc7O8GDNKCJOPR+vvejYOTuoMXdlLx0I/wish1W5UBm/bUxxhNxl6F9zsx0iIbBCERBqp/iyPyLAMlq8IZO7zQatYXOIJTKG6Ir/79IGDKoRqrs9RdhDCdJaYsALFTA3siNkS5XZHawggUXsTdsgKIgtjKnnTeo14MwIPrCM/XYRAt9Il/a72pg=='),
(84, 'TipoRecibo', 'tiporecibo', '7eb9c54fb314e5036c9efaa8e1e51b8b4043e73baed50182f9fecca06e651dac', 'WFH59TiEcZ98kNC79FLEeFtm7bxJdgdXJDOifQRK4klgxnr8t09eVGTnoiD1FioXZ68Jh7+nE4gbgWcphWf/Qvo5bP3VyQZpEci8715N1pnviWpdhAJfvMTrj3o+5RJwwK3Qitm3szU1VUx+Wush6hq4MVb2s2SXJEhc+XW3NCTaLwrsx3x4ZcyXWg48RhFXgisdE+Z//vLL4y/t/shLAmdXs4m6N3jN9mAOdUOidqS5k/RsqndszPVPjswIqGndtzdQhXaYGtya/Lpys/XvCIPLbC+3C9vxZbk0m2GcW9ZDMRoYXVYyiBs6IjTWQZBtGan8oA+mwLhq76qBT10S/w=='),
(85, 'TipoRetencion', 'tiporetencion', 'a7e2777aa47064d485f86dbe2be666c81d34ebd2655e43f7b67c3c979723dcca', 'aJlZvRo49i3DJrWEe9CvHCipw4ahhs1N85/B+PRxVXjHTRvGNgNfpLoNyfUnWM0kl3Pjo4j3r1m9DOiCxbs/OC6Pk3fodK3zVqVx4m67MNhqUzHcn2g1WqLiJNmyOFg9PDWvBclwJYL4fhKKVAvvdZ/DopWT4dhp83eWxnq8xUo3QAEue8jch+mV34C6/+VRls50xi5pRgwzmldzwz5Nevg1vd2GQUV0zbNeq2pP4X/eM/es2RrAW6j3HNvYR1OE4Zz9Z1foToMq9LPq1NklTze1o6lZffau2hZc4guVp9+yAb1Fo8AdoxxoN7aqDqvsl7BGuNEL76z/NBAfBbbFoA=='),
(86, 'TipoRetiro', 'tiporetiro', '14bfc2083c0d78508d6b36f07219d2609c5da190ae32a760d41127cbaf9495d2', 'tdY8VpihYtQkJ8aFPtnYkx1nReamM5HSoX571z3Paq9hPJJfx+65WlENDMCrxmzlaVi7fyrFYBtsdz0Txk53P8Alvu67Tm5op8JTH0IH0F2r9RvQR/TBdSh25GLpvwcBojkhuXF2QXt8dTkQI1WNAhI+tEqTfS7sQEgYdhZXejDsP0VAhoAFD+S8gCCMuHiWpCCU6PxyozwgzyXwK8x/X4K9Pu+WLnvvNkt3s3aIQd+MTfQ89ni2djFCBYU2nZMF4qtuZnoSNhrtws96smYFPvTT7NQP7ZOd14g2mc1Bd+0WBf9Jj4fZNZ09Iywr4Z6pDk5fHBRdtVHrJeJbgI22Tg=='),
(87, 'VerificacionBiometrica', 'verificacionbiometrica', '25d34a06e86d15b138a5d9c834645b4153badbb3d6c5708f900672f6ad4fc51f', 'M9rKNCAUN6RcTYUlRpVyLS/jyYQQrfitAWseNN252U1Mf+FCrgY7a5EgrkkWdcD0m5iRDJ2uNjltYEB3JCev4pV5sD4eo7eCyTJj4xmys/O/cIlqffEbAKQRnb4S/ZGQUPVZV86CTzjL3SJIu8bk9gCfAyp6IzJqo81r9llXnztbaMGNT7Rf6+IB7ksG6TRbj9AEJnlxKS6D1xUxJX6u8dHbGTkJquRkUlo1I5l+KgUL4Kg3GwuQbsR6Eg/rXEO8yt2g1W2XfC/zuLDcAEJT2osrBW19ZA/CxkbzmdY7Dwpl9se1LLnxsIHhAvU8gP1PbVoMo347C59klh+5PPiZ0Q=='),
(88, 'Empleado', 'empleado', '037c0e832178d55e29792d72253fa5ccbef0b57bb57ccd88ab4a04036f0b688e', 'Ad5VXisHhEdhVxjZA7seeQNX4r4OZqH1USH+iRebVjRHFfKponvigc5tyRrE6jLsfrCnAksI2HO7I2FzSo9/jpekQtH/1h9NwFSj6dAe4JeRxBMdVMqBoIwBXubmBMRK8zBkbdjKMljzS2sFSwZa1e4EFN5FQsDUGK9GLJ8EGdI+zJiLfhKrU+fpLv5IMt/78qmon3ZtBDmElJBfZEVMc8zlV3srtyTBSAFY2DrqfI9IGuBs5NfqnUueqrJyEyhPTgC6mugW6BfNK1rDfXK5a+PHvRYzs3eTZ0BF8qoUXCAo+pBERPuITmULWOy04YtWPBffj9VLYqUKB1x1LOcBaQ=='),
(89, 'Combo', 'combo', 'ed567f68312c2daedc9140762e7cb35563c6179b3ab4ab20e1a9f7df633ee356', 'TikFau9IPpbdsqZ3M0E66IbF6dfOGfrAAV58lDyIKKNKKj6wJUbKycmW2PdauHOUvk6CyRp1A94TPMJf9VzJeEVMuSiqfBpvVQBdnVvdmsUWAXhQ4/aq6qCLa5ckiPL0/Lr05CZlrXq9M7uCoUQZCJjGm9uc4Jq74OzS/EsDCqYFIR41hMUXtSiJhvmU95skLVla5MybqBv+pRHkQh4Pg4I6m2hMz7xHunN4K9jNQNofpFOLklozhe7m0Hv2JJDGzUo9SJ/hkYUlKxIp3opRULoVoRaqMf0WVNCAc7OHkC80c0xUxlIqTj6QC2Kx99Af28NsLEgln52ypmji2TbM+Q=='),
(90, 'EstadoServicio', 'estadoservicio', '70f2abdc630b1c1854eb7aff7b978fbe47867fe8d2a0f0f32ccf8d5b0615efcb', 'Thf8lzGtRvpdAXnwsVKDlHXlHfvnmL/4qq/t1uSLl7Ad2FvcWQhRosr0KoKsPuUQ/lj8QbD8BDWkcNyrdyWX89FnGEMTmu0c4AtJOFdmQsUf6JPA2H+OD6ODgBCU4yS9BAMNazD0Zu1uEOuQbm8HHP9XRlVvlDga0pKW7DFGBUXs6a/+UBnwbff0Uny6MLdJrNEewYjdjYDP9nicpae5mTnLGR85TJsPF0Q45ZgFkcNbrs1bRQDpCrwTYlbeDEbuegPaDKYFwGoi/KMc02YmdhHpmKhb4CIAKuHvEfZ88tXcVvFQwCYmy/10SuS/dRd+jpsMCHgTjgglZUylmh5Dyw=='),
(91, 'Lavador', 'lavador', 'd779398fceee6419afb7f66b2b341146d5a9eec423c5106b6e4d3110bb131b60', 'f/cAoQPYYpfxf+6njlfKcMkp74bFTqnOpYEBOofSXSNjB12Gh8WvgCmoSrpb8UjiMXKkugiFvALMqSOc0Iqq1BULqi9w6XvcHQuLOyeus67lnWpyYtvOm1jF+kA+Pkm3Mj0Nf8kj+LoQJ8H2e1OaBo5wSS/5wYWRG56iJgaA2+zUfyzt4MdOZpgiMk9dyEL+aPMIcyc8fuN5RHZiOc9RGcsz5L+QxQ4Zi/nD7riEA5CMJqY1+N7cC4HTozxn9KZDVjC/2AV6dXi/FolwVEB0wKiPJaiC3ZWioZP95jxiYtpCPeNnTR6d7EQdyD0ZkcOONxpbbc5w8mmuyu8auBRDVg=='),
(92, 'RubroCombo', 'rubrocombo', '34cc3747d32b246da687b73edb8ca19ba7ec0b82e03c83426e9eb3c750a50f46', 'VLeKyZ+JubXyl+rdyr6+obgzHxiICmcOS86e4WZd5CjdUsF1Vd4PYgymnM3FKs1yWDTuxTBUD1ovE/QeMONfDwqUvlDPiOGy9fuW/IAPvI8zPRJ2PJ/z6V0MFwaSJEoIfriwh9f8U3bjWdglP+gheyXBtWt/+vszpDoto9xcv6L+k3QP9MKNBrumUtBeZY02Tv4mbGs+xG7665PNqDn0FoJFMBrZ2cr/RgGWifPTl9wBBXfcBMsc8JS5hPxiFdvYaLUMsSvcSWdOiTOLhd71SIoeuBYPd+S39ras2SiNWkXUKhCnOS9feVNdPoeXSYDAh/JaOOxUrRIF4GTcHvgC+w=='),
(93, 'RubroFactura', 'rubrofactura', 'ebfb42a7a6dcca6ecdb25266f8f0ba8e4c9573c94362d53cf91ac9bc5ed64c8f', 'DAIX/LD1PCixBtOhnCnNKfnnMoWgUYkluK3lAeG2TA0jD3HEw/IREQ3KrtJxVG5u78FXR9JvHg9DMFW+sbIKqcHmwnI6eugsd3SUNaqBJGeKhUB4GrP+TS/hYcH8AFop9FE5vh0A9g0pheK16rhSWxxoj84LaxxPPUTqh3TkrAvNR2B2Ik5fvhsooCmW/vXcmDBUkQRbeNnSGlq2356Hv/qcHM0v1Vc39cdVOVOWnXTeTu5u6E6OUO8HtV7/Evgz8npE++wF1kKSXQ3+NOTt7cOhPbERSv/MtXUTAJRs8iA+3p+KDjLR4fXqkFHaZIMaF/Y56+c7GSC5tEcUPFaLvw=='),
(94, 'RubroServicio', 'rubroservicio', '383738debbf4dc3b1cd93a4d37df883c709debf9a93e4db42e27dd0e6014cad9', 'Kt3e6p+n+RaHZQOEqO9lhHn4bOG4FLjxbjDGzBeG4WAkavlOuOdk5SPBTRreTsBG5eCyscwdD3+AzkyIpiNPqRC8JZEQfSwawUAZHvK5PgmCWPCut9TEZuqhF7wPA9a5P0gcF9gLiHpE9GS+gko/52ryC3JujQB2vq1QBGVY261xq2ZpIfj1gFvjfyPYoQGEKKPyD4lgKoXixJEKE0J/e6/H1b6rUiJP95zRBiXKBb664+Go8YwmNNB3YABkTnaO7ugF7IjUK+TWaFe1bBz5QBqRvlEkYKGxEX7j4VIOARk5bpbT7pgKU9wvVDLh6GLP2yGuOZEvltoaCgoKEZ89zQ=='),
(95, 'Servicio', 'servicio', '6a9a93bef2afc36d26b8b0d1ba84bd84c683d2fd6ae504b7ba058d417f927504', 'JAnOckxS/lQreWBkZJ9mKjz2ORYqKWUbDQNp+01dM+HRsJ37vpW2H1e9iLwH4mKmQD6TR803OxS6yRfBIXQXDLWbQuMN5Ss0hVnU5sefxQyY1UJOIhxBed/9jOAMgA/g5vZ4h50/SMxoIDjQ4pQ3ju57K1/skv6JEKhW8bLauZot2/eoyEgV6i6OoxAdKUYJeQD4SFMbpf/MOBLRnKQGZBEXtaLuLKBvLv5CQBD2TIY9bfz560RFGY1KSB0vSCtejSYWYnWS0Vi7KiXgikL0wX8WWdrSDTZ3ImbaWvQEy9jMvXuhMm8MhQ0/CxRYrvdHewW9IzLlNWs9piM4bE6jfw=='),
(96, 'TipoMovimientoCredito', 'tipomovimientocredito', NULL, NULL),
(97, 'TipoCausalContable', 'tipocausalcontable', NULL, NULL),
(98, 'TipoGasto', 'tipogasto', NULL, NULL);

-- --------------------------------------------------------

--
-- Table structure for table `comandoimpresion`
--

CREATE TABLE IF NOT EXISTS `comandoimpresion` (
  `idcomandoimpresion` int(11) NOT NULL AUTO_INCREMENT,
  `abreviatura` varchar(32) NOT NULL,
  `descripcion` varchar(256) DEFAULT NULL,
  `hash` varchar(256) DEFAULT NULL,
  `firma` varchar(1024) DEFAULT NULL,
  PRIMARY KEY (`idcomandoimpresion`)
) ENGINE=InnoDB  DEFAULT CHARSET=latin1 AUTO_INCREMENT=21 ;

--
-- Dumping data for table `comandoimpresion`
--

INSERT INTO `comandoimpresion` (`idcomandoimpresion`, `abreviatura`, `descripcion`, `hash`, `firma`) VALUES
(1, 'RESET', 'Envia una orden de reinicio a la impresora', 'c870cf9f410f1656fbcea8a34c7a95f072eba8e22c71e1b684810c67289be751', 'SWwhOQnjNG5Reih4xOdOqDggIAIBsdxl/fXKEeF69Ff20/da0LbgW4Wv01cIL69/Nop4BUfnQn0RWGdYy4mMcsqELKRsLBhGvSyjMsnTR3IfNWwx3yjAV0qf28j3J6qpUzUJII20PQYzbnTlFY6KvVNrECxy2dHhfE/imPb6sFp0kWXBvjHFp2Lu47WVNMoskjIymWuvgJ37ViMqY3nApxSqLXLueYpd4k4QmWHvBY/1207JKPmij4jLTl90Zk4tD1cNzzCYfUya4RXis2YzV8URNlo04GzEyX0ZyV3hcKAZA+JHxJzteY8pKr6qLOMNir4SU9l37BKECZjKjpyZmA=='),
(2, 'INTERLINEADO_NORMAL', 'Selecciona un espaciado entre lineas de 1/6 de pulgada permitiendo que quepan maximo en una hoja de tama.o carta  60 lineas y en hoja oficio 72 lineas', '3df41938a9de39d9d42c8b605235aaefff55fdade4abc2de83cdd274e2bed968', 'YLh/+S5Cfa9IKCHjHqz6aUXiCIdhtDh+buz5lXOSiwc1yLspnJKFPWZ/YMMkxlcQhelybm/GdY14G2AhX9f7ByKfQAS7zn76GCAsHIPRsznrE641WR30e3sfCKx46WRo9wvIgpiQUiH+hhf9rNJqWJ0ruytKyjyKPuQqfLCWb2Sd7LkcO4A2wht9lrwzbLr4R6lfl0rb+ymBTpTSqReZB4L7CAfmOfTfrntNeOAmVD8zLPWIkBX3JaQZdhJEkD2+jWXyT1sXIri4Pzb6HvHOtKhk+6mCSSWOaiPIfG848Oof8c0VQnYYALpSN41T3vqsKXJLIpp81cn2PQnGMaMAVA=='),
(3, 'INTERLINEADO_CORTO', 'Selecciona un espaciado entre lineas de 1/8 de pulgada permitiendo que quepan maximo en una hoja de tama.o carta  80 lineas y en hoja oficio 96 lineas', '59a6b5211c4a8ccf6c1c4262f43c0e9e059ec23762cd76b84d147d3a50f42f6b', 'uaKfVuHPl6+i0AbNe9fQ5ZAmT2NWVqrAxNzdc5s/SQSnlpi/Ks+oYpKsoso+ZUcvbA4YJC6lZgPsfxUvcjVKR+4V48oPtRaq/bdOHeu784agpp2WICPthuhBpFdrCM3d5KGsdW1X37+9ux+572ugSNw+y6c+nqiq9T/3COJkKl7xVLmw5CnwrCso4cCWXfCGZGzARAn1N0Pd57PVs1k+edZwAK9WBzd7rnMs0bj40nxkRq8ZFjyiAcHQtZ/97eB8krhBb4PqLS6on5lXem8AiFddOzPnwQBbQ4t8NVahEMqP60MO9KmV3ywVnR+SVGEbrQ+sATxD3JfW8kYlJx0jxw=='),
(4, 'CARTA', 'Selecciona impresion en hoja tama.o carta', 'f9d093ec1cad7ceba820f2281a0cf06671fff3349cba82dced25f903bbec194c', 'rQbg1B9sXQqP8Y71sVMnqgIVuhKfQs7CPj7cH8oS9w1ogOX+99IoQnwdrnsVAwS884aBAlgQmQnkhvX6buTfq+FPDy6UQPsNI/BK2Xzx2aGUhjAyxwGn/p88rYJE+//vpNGzFCm0Td/CCbAiXRv+PT6E2L9ga2f5DAtTQFm5uRq2wHMc0Ycb/Fx1D0MRnvmUOAAGXuZ2ijFwEwjSQwTIB9MS3j7A1zOQwXptKEYZDVOKxfy4qvnDf1OHeRtqmGcJ9zMnCkdgJbcs64Fzav5crLw9CrBOXQz8yT8ZUVWxDNXtJg/VkxMQ78gq9qWGX0sxVTygdZR6jgpe3KVyO+H8vw=='),
(5, 'OFICIO', 'Selecciona impresion en hoja tama.o carta', '50753d8f63214fcb1210ce2e546d43e2274eab992eac5fa2f4e9f34290ed7d66', 'OoL7JZhL9CJCkf4S1ZndKXoD5aEkjWTEw/QtzUBS5vW/22B+RvJ9Ir/pYSI/RCKajpRaJwYsAsNwX+ZN+LVFwdSuhnO2ZpikoneCob4jJvX4e43FB11ziTtMymRs1UUxYdtlNxzDjSXFCOhZvRDYBh2ApUJyBsJXvCeVleKsh9K6uOql4QYNPtg9QYiqHszJyHrUpW+GlP3E9AwUZ0ztcevDhvbWhlonw9HuRIfIE1ysvM5kULSrD0oFe9rYmXcitKZPIGWEqwsoPM1XFVh9d1JQn/s+/MBYlWqGwyb2sa5gAMgyinxsHUw1vkj+DUqK02vyHy9sgGGNfw+i20ViDw=='),
(6, 'NEGRITA_ON', 'Activa negrilla', '7a572b30a5efb23a4048539f919d961906edb7af9c5cea938300b0b68a8d9252', 'X3vzWO+gIiaPAJtW6tBkVNO45MvTP+1++UocgxHAewdwE2dBv5/Zmou3pFbhP7s4oDP0Nxp5qAFFt1OUpN7t6dfXZ6HuOjJVYDXQ7/aigvTiTyeedZWiwpY6cJi4EKAgCKXp/uXusi/hb/O5c1W9wMM2pl9a0KytrMvY7ySFbYeiiVbP+Mizn6GDNGOeu59NX7SfkN/Juq7EjAMLfChBEv5riWeKR2Bu0qMZ80fnz2ikyYFBQBYmnPFNuW3NkUM06r4FAEa6VLUHK0irXPOTDONk6/Tg48qO7vS7S0MgHrZ7YKBtZzZMReMfJZjd/jBejSqEwgRENnhp8Qo2UVozLQ=='),
(7, 'NEGRITA_OFF', 'In Activa negrilla', '4062ab64ff4e592c62e139ccff25f3766723e7b36d19f3a209b6db77a2c34edd', 'jf7vpEgvi8bXNYv7FYOjMP0uDFmI03EfcqqBWpx8joFk04QFY0dQqpQ1UO2LOALE740pEqMakQBEpBs6kadArWcFoVaXg9/k6tXRb6Mq7uGxXKMi+ydJJRDp2XBnhCHGCg2TMjpsMBidgw1qltVpfufHncX+FxA97DDwL/TpKbxic3H9Wtr0PVm+GYkUvUU+Jc1gOU7pmnWOV9xwFz+HIRRr0FjRFR1kvfnDazr61La1Pb0jl5LLvSSWDBj+vENmmkgoJliRNKtEJQXNyz3C9YWCcaJHd5FdnshXpI1MZGe2+cDkEu/A+dptHmAt9P7rCiO5ZtWGVlV5SZD9hzE/zA=='),
(8, 'CURSIVA_ON', 'Activa cursiva', 'e56ccfd38a6f2810e5032a95ff218c6912248dfdb23f72639ce24dbb167f6178', 'eRBQrYBMnH937t3VR+IdPqjnLFWxsomzU9M69e10RfYPG8CQDuaPjGuXvd3fPUmZXKZULX2Lo6lsc5zYAxR5YA1Z0SWEFmb+lYc4ghyqdwxHoIXLjpmsFY62MnkGRaMDAaxl3f5ZEKIjw7A6kM7oFXS06rz+3C7oGVBhrxoE4EU4DJ5qpp6I0JaAnFZ+mcAM4AV35turREfm8TdrmAg5S5urarg+lZFEvq4orqCWmDSOLsRmj4kkzBFePEO5a3Hu6FPJXVfM9Lb0d9Pyb8fILIdf7Ei3uBnSRkW3hlc5bncAkEDKraTgYsUCZr+jui5ymO0TmC873xT4Hyx4qjZogg=='),
(9, 'CURSIVA_OFF', 'In Activa cursiva', '8f2261fc6a9563445268a5d8778c1356b4e27badbcf233bde887011480e73b92', 'gmWhPzvZR1+w7e7TY64Q/aubrYkO/P8PBQjtGsfpewivIHydoMKeHU7rXD75pYvE7b+y0Dgnu4v+cCs6MVX170GOwNxGeFmI/YEPZergn+JwQhgnmnMybwdlqkv2qw6RLm2P0lY7BxbmvlVctEpWVLkKBzhH6GoVmaEbRTF3iZXGgWKTZNIOeHqN4XcNipSLbnz8uZIjR8hK6DbdNt6vT5zsBo0Xyt+Rdr3mN7oHO/+KbG6Y03BOF70GNN64IzYdOwY0OI8sZ8E/qOo4aCKktsm0EIfbYi4w1xm49ryD3YAYahqaz9CvuGZubwjsBc13Jjqc4WWenzjRbONsUzxwAQ=='),
(10, 'SUBRAYADO_ON', 'Activa cursiva', '8478e9ffa15bb691900beead15113fa6f51732101ca44eb6a0d199680bf309f2', 'S4czVaoeU2rHpECKOzTVRaHjEe1+fTjmTGLBMTOWO82ODU0ny1sLl6A1/T1kOS6KTLw3DTIoG1qz25tozRmiBAG7Enj4a7qCzt6lOS47BHfwokiLa0O7WaLyn40BkRdkY7x0+Uah5HHEDk/tkVyccwvASlXy2AV/cUbVX8LNaG+goi/+1EHuU48qDOi1DDSvgwa8gYZR3ByBl2Oaw/P22X7/b9dFIAKJujVM02XcWWkbe/MoB5T8Z/bmcpl6QhXwnSt2WZnz1Ta/GWsACShpPCYZNA/YkRUo0xBwbz0oJgVFIJ5mTUL1Lx+d7h4YSscZC5gfutmx4qP84VOGTw4ykw=='),
(11, 'SUBRAYADO_OFF', 'In Activa cursiva', '7f6e484e303fb883a3f74e39afc62c0bfd36e51e5424ea3c6b65e21980ab793c', 'FITSpE1kaKFQZJukRKfo3EgRxZYYVidNfcpUKZI9dBortEsvzCUq9c3WPAAi4hrW2BwjETFwWKPBpxu3OLC3hTM/1hAfXb7hjgEZJ9nQwM22iRDLFbNBW97rKV732JTDW9H3JD2TCWvngPb2ix93sjrLGF7gO+6ntdksmho8gcG1fPKa85aauFb6rBfcRsrTysrYI6ddL8u+JO0aH7TUhmky4MUVTrYcByap/adMonSAV3sxO9f2Lk/q2TXdmQkcUwVZgf/HuyJ3l78aVBdis9M5D4m3h6tre25FpePQhKZLlaejwo3Zi9/nks/judwlO4G2lhlA3HDCHuTyCZ5XjQ=='),
(12, 'CPI_10', '10 caracteres por pulgada, 80 por linea', 'fe9a236b0073f2593fe8d96d3fd3a8810d83b67329c70ecb94e6a99bc29188d6', 'Cr83P4IM5YFDMrbg2yJxMVpSCElLQZ6TdYi7GJmkdjheSioWzRYO2U56QYb9o/vEsUnxvco773h/SgnROjAveuYzaAD+wzM+3j/VMC+Al/8KrUZ9WRhZGWFFr/zv8Qz/RAy6pqBswBbnaEcGGst8MuRCb4/GViWZx7oM4m4R0GsOotLvo+j3u8piPWbuhAJicMfeLj9O0KdsGkqgkc9MyqtuHXCuhWIJL7e/qGY+Xxy6HPfIQyisaZno5lYWCNkKG3TgtTWZN4lPO6gKjhYevU4q6hD178QHyRvsKzdCJoQGKAvYsy1+IXwT02jrGcuybVq1FzkpkIAbbgaSouqkrw=='),
(13, 'CPI_12', '12 caracteres por pulgada, 96 por linea', '2247da769eada2efb3306e0ee3a9b3a6230ea44fec93505c7b9176371e0ffba6', 'pZsTbzz2PumRnrIUnTBEzo/VBJ9BV/QWnORpgUR7qZ+pC5USZ8vctmFHwGEtvqLLIdVsVWhsleun34UGeD78FzM3u2lmQgLYftZxCAz4fHGhtuf9dYyl+GsBlzUkWtJ/MrdxiumT0e7DgxF7J+iEnLG0UpJg8gN4xNU38ADWY3ubhB3IcVUxGBBt8EanpM4bhycrdVe0GnLKb6RYdvNPXJC6CI9ZRDUhpuF6LGuSK2XgzdmUHvCD24G/9ZCsqXIiWgMRklgXWA6BAH+KdhuzJqush3i0exSOfaWIr+8Akln19MPd6EuWScpEZOR9zXI6iCWnsta9dcsgZ1Oe+7ixUw=='),
(14, 'CPI_17', '17 caracteres por pulgada, 137 por linea', 'a34a7f07900e041e56a116b493d06b9c84b5381491f3ed347cd90cb6f8f26530', 'WGuPXMKYp95w+1dLsb11nAK0Rzq7Ir95mm+qRjqVcqrjoxYKJqt49Vcn/gZJPkGDQ5xoHZiN+ML/3wGdpVDQyiZRLFgHRQJWvjmchOy8EICp5j7jr1wUgHaTznfDw2C4yaHN0+pKfioDy5ooBc9tEVaBTrPa8XRjX4ViAsgo51py5+p3+/jMzrr25LWJILq/Z265zJxHSYXPubOpNEviJWSybC+4LgM0XBiaCxYxtThGKO4Yp1JlLPrfp5KpzTGivFaHC+3kbBbT5AQBrMM3QsyrJX1cyTYQ/0zMxnEMG/B9FgAFp+Iod4MUsOzvHHA83sskUfAL9q8vk1KjLcvSGw=='),
(15, 'CPI_20', '20 caracteres por pulgada, 160 por linea', '519a2461c7a991c876824629e12a6669a0ec534ebd04682dcc75e1a56af037f8', 'oDXKqw54k0+EUGSuZx1TY/BJEFTBNgt8cwxPDXtaOFHPyCx+fLLIjeMm3MWLnuFqP0nTY8TwGfw8XnZBF4ni7XEbohN6IQfV0eNZu0t5cuhxIaphYlG1xGS8d8DdPUVZ1hCpmj74yzwPuE7kDi22GlSnFRiFT7Z/l5VKQu1VHANe4B1kuDHMNvOijYjUupX1iGzaL07Qo4XNPp+/DZoPcZLXfXAixxyIAffFSBsX//TCfeN+eDDeetK7y1xUvrMbe61wbxpUXGrqClFhkuUC0IA+97mLtpgV/OUrlNCn0QBmFPbxtGASJuypMeK0vrfldVEGctSTaghATa45Dzunkg=='),
(16, 'CPI_5', '5 caracteres por pulgada, 40 por linea', '49e734ea2ac9134045ef24d1dfd7d398b4cff295dfdec1ccfd255050f08f4b3a', 'bZWnvBab4En7++vxKFSyS01ekz5q6nmN0hqNylvLRAbogv+iensFg0MNVP0psWrmUTX0ReJCbsv4Yljy+GeGhnW6IIghdRkhZ6X5kGkLH3gLmpB2mvx2pGR+3SZK1k+g9IB5IWhZ4S/G+EAUA8EHvPtG+QuW+ZmLKf66ldZ5TFAKB7l+EXCPTr05/W3UDP7L0ZdZb5I9XKvdJoZ4373ewZ2RMqwqhBisHPHgbXKdX2/QC+aoLROk+4WLD60GW8LzraJjEW/6SOafZiJWSo83mzAaEqQcMv9yJ3x46XU0/ipn1Kkuex2besbHJ+jp3GiKRZrQSJfea6XXNSI9fflVxg=='),
(17, 'CR_LF_FF_MODE', 'Establece comportamiento de las ordenes CR, LF y FF', 'f14a5893b761aaaa85eaacaec7715d3acebd8b91fd6e432e259d6c9340dacdaa', 'ZGgKhTwPmJoCOdyxpldVRO5I/bkFWlABTL6pkCeTGs9CVZuTH4Y972NCye2pASO0SAKIC/s4B1QAjJP+0Qnlf1ex3JO/O1MS0P1quATN6ln9AwICLv7qY5oWHRlp60S5i6u+ST9h8iY9xV50m+IRn+sFk2gMoE/Siy6QKz6UnmXbE7S3d3lNCulGFnsKBGWLILHm1nvq4+GYG0eINRtKXfkTn19oyfFZHBZjx2X3C0y4HIFMdaiBezRGffIjL1390vF81KZ1wNVtZzGIJeiHOQvl6H2CzZaCAhwD5Iy0J4EYD9nPKlrl7EtSx61Ckocozg6zTmrt0mJwT2/QFAlj/Q=='),
(18, 'LF', 'Nueva linea y retorno de carro, el comportamiento depende de como este configurada la impresora', '1592b23f29887b99fa8c2cd5bf3dd38b1863b2436085f0bc2f065556e439ffa1', 'thYn0CxR/XKfIZv2Wjc71sKMjrhiG/MjLE4+yI7YI7OOoQrzv3JUmW2IjuZ4BJ/asPbSIXHOcRs6Cbj633F2pcNAw2JNtQc51FyKfLHettj6dprb1abcpB+O4ttpNKEpk0tp7OJLiUK56+aA4sLSDpRz764H76i2nkz7PQyI4M6byJ27lK1Z4z0uQK3mUAY3qeRML6JPLvHEOZdissMbpnKMQ5+vJWd1j4MWly/8U71dflbi7qNTSb0WxTMPA92du39DVq9ggNXufiTdn4GNlpozFEdB/lxUIjaFLbnOtH6YK6j8e0yrEXfWzkxhq4NNZFoykEPtKvus+1gnDugGJA=='),
(19, 'FF', 'Nueva hoja, el comprotaminto depende de la configuracion de la impresora, se pretende que antes de sacar la hoja se de una ordend e retorno de carro', '5b8077588e7c967d26c7439dbf95d12cc9ca3e9a731b4d7360e902dc0d9a483a', 'oGV10LGYNDAGv69sBShFpyTDhBSVysCGzyVg3r4ROqGH7d2146jfZwcGwUxH3bLJE/NQk7z8CTR7E4gQBwd5aaweBV4SkjaPLG+HYcEL5m1rdNxwFif8Beu2amt4p7wQAib1+kXUj7om832r7yIxy96e2UHY+UEVMXQJGnoRPxcShEMpg3au3EvAEmVTwcri1J2BZGcakhh8E3WMLEnYGGANxAljKC9jq/kMPdyRlz93wNacsUvxVtumC5j81fdJVsS4xG5MuFCheA432lhJjYQ3Cp60E3WJXfeJGkQfhQJWWPHH2bq4t8JylFeF0EN/avaWuasq14xO6FbZonv13A=='),
(20, 'PAPEL_AGOTADO_OFF ', 'Deshabilita la opcion de deteccion de papel agotado', 'f5d5d5f20769562a2a5f279c1912a9605ebe3a2cc9266000d3cd71b5d6f28751', 'V8lF9rXD0MahBPAK8apYXNyjv/pSiBj+3U73ny/EwhBZw47SaT4kHyb2AYP/EjfHsuH2GY0/v3c8wqQvqeiIAuTmnPygHy1pmWN3qNJCVoFiKuxaiwDzER8a3SKKzzrRFDlVDfAHQBpz1tdf2LTaCEEyKLpGM1EtPxTBLfSy6RF7h6Ea9omBfr2X2xMsOGr3yG+vWnDCvtwtsd3Vz3aXRNapTs/mB0lhbbmJU0aLSkTVdB5syOHjMFVPoiXSz214t4INc+OEUcKgtb0wgEjg50mVTXURHpMadaAwAuQHVoHEDjmkwP48ePq1SjBif07KFNhtWVT8gLjTdUA3+BSXGw==');

-- --------------------------------------------------------

--
-- Table structure for table `combo`
--

CREATE TABLE IF NOT EXISTS `combo` (
  `idcombo` int(11) NOT NULL AUTO_INCREMENT,
  `idtipoautomotor` int(11) NOT NULL,
  `descripcion` varchar(256) DEFAULT NULL,
  `estado` tinyint(1) DEFAULT '1',
  `hash` varchar(256) DEFAULT NULL,
  `firma` varchar(1024) DEFAULT NULL,
  PRIMARY KEY (`idcombo`),
  KEY `fk_combo_tipoautomotor1_idx` (`idtipoautomotor`)
) ENGINE=InnoDB  DEFAULT CHARSET=latin1 AUTO_INCREMENT=16 ;

--
-- Dumping data for table `combo`
--

INSERT INTO `combo` (`idcombo`, `idtipoautomotor`, `descripcion`, `estado`, `hash`, `firma`) VALUES
(1, 3, 'Combo 1', 1, 'e33be4a3e6af036c2438f234668581e603c690c04426e9cd43de3e0496de86bf', 'A45GCL3SkmTLKj9QnemIWWLn+ZRMCjJZzvOllukEwoTYB9dWvK+HnipJeyYwTZSCGdtmjFhMo9ceNqVphrcE8U/Ktqk00D+PNLphVfLde43niDm1l86nq05RF/Rds7gxk9rn9A+o87DQNZDN8Ru8dJlSu/6DvA3tlEmqERFmgaxCiungPi7ZHmpk3S6R+fbHrLa1V0NzMCqxHvf/wxJBj1d+ldpY0pPV5mDIv3vSejpsa/HRkfNaekwTZpGKaikXeIBBuVG7/zjzNdJn9VerQ+uB6DHctgLBHeyqk7iR6fENLTy47QEYD1UZfDh72pzsHSxxeNIss+MkwQvB/smzjQ=='),
(2, 3, 'Combo 2', 1, 'f248429f3011d3805f15455c3f4a71e6e78b4c733309e69d3029a357659e81dd', 'EnpWsjelhwd/fvnYQN56iCYIR1pJ7SaBITreXpo19TICgOF7K1FErQBQzs3F4v60PkRw4VSNCMp/UuL9LQwVk5revUcOpLdZBtwS1Tbqx1DfpMudiG9sB847eVuaumkorfGmmuQd0ztG3b/Y5YI17WVMkoDSZWLOoS7EIlEuNM/8aZxTtUiMz+yFTlIp8vwKeTnS4vjqR7YnYrDLCoxbcFkzjj5jIfXJolOkTVM8+2TywxVrO9GbxRvCLyu/neTnatf/5kDZbMnyVJlhbJq2Bl1y51t0ZVlBoY46NmzGaoXdzRHixCFJLBWCrW0EEI5x32a91ofgU9XiJctlzEmubA=='),
(3, 5, 'Combo 1 C', 1, '3979d3b9fcbf57f8b1bb9ea1105e16b2982545afc67f7a120d5116bb1e0defce', 'incwYusWwsRB8s/CAfSy5hRRRxNrLXtZ9cFrV2I+JAjbRc5ZIGI/LHJlBaW88YS21JkCfxsfqw7ai04Q5U5Pk1syeL+iOraJqvq57KAt+JVCvDfpeJ+eAgoNIionGz5JsUV4veisA/WYWBGV3zDfv9Xzz6nokY8snY2YQUP5u84D0F9lfES/TfHZN1AwbhBr6MEU8kapkMjgW/VGmrZSl8T1cjrpBTLKLJ+R211LsXPUk6AzAqTUP3gx2o2if6l7cketZE83svaonP7NTR8idECByeEqS5L8fJjpoYUbEtaaK45VwTVeCEGKkf+FfYpyStV7LcML5avAhkAAbOMh4A=='),
(5, 5, 'Combo 2 C', 1, '4f8c0d676d98b28d7e3e8d394e8fbf6bfe41fab5e9b19f9ac0d48abb7ebc83af', 'hwjbOzia8r5W1uCWCcfptYJkiCDlh6lPJLo7eM2dt1P5Yzby69YHvBRnPU30btQtlUvfevIDkLG44e/Hx64/QDgxgbLcezNeyupPM3pPq+B4braC2aOQIBHWX5XMUYwl7xaJuDFJjrW5l2wgXbtrtrUTKbFw+RpJqh025e35tzx/ae0k63Lf2P+pYbllYzkyn83zK+C0K97Lfj9w/5aF77/7p0EH+DUaAk+uic4uiqn5ufR/or8C5SqlZEzN2Egg+XwQvPoN4yepgLODRxnVzK96nWCOU17iB7T0MAPDU/kWTiI20wSyhj19IaJ/2L8GJcqhO+yBMpgv/lfFw39MXg=='),
(6, 5, 'Combo 3 C', 1, 'aad0d884748ce67d4804e8fb0d516fc7630f5a5bf98878ced28aeed4b2969ef1', 'gu5m8gHzlzvK4A6GY68fHl5O2noJK+RVxethJDrcCenw3UjRnNWTGA/iiKSUWvGbN1Wj7//3HeNItbW1Pv7Z6g679F2vxLbyIz6bFRE+3iuJtVkvYB1dimd+QSSgfp79xqDruq3AK7Yd3B/QB5i/unVOqcDzzzBd3MTa+kbJUpOiP18rto2lxCCKYEsugBs764VhPUF9BB7vnt6ipPJmnC9m4bmt5DehJ3+1Q66JeQe3L+7KnNZ7NZ0H/MS8FauZ/UqVG1Xtf7v//Q5smtmMhA1turF0U5WzsSc1VZMJ62yVcIRbaEENNLIY3tY1kKx35MEijjxZX/Ye+CWuyVvW3g=='),
(7, 4, 'Combo 1 A', 1, 'e15a249d84cef7a33980bca25d614b252e317c18386e54dbe8cb08ad648cada8', 'BleOaBou4AaZXaIYSDEhsloWo8Ssm9E1sep+8SZRh8EAh63C+NXQBBIDTq/HBORsDNqyuB0D7zgNfg49cPptDew1A7Evqr9QduTeUh+JPcvKr2Y3T9WFfxpkaHChWlA2nKndhTo75gyNPpqV36qOu041UlkQQjLuk/oLLhrmhtt7VYB9jUWLyHdgxu0FJEGAXw4CMMHsi6k3VCUJqch41rmR1Z0hxE14LFJGINbmtmjoZBMGeUj5xZMjdAtvyW9ZR+09MYf1K5HNCA+w29RHd8bThNUl7rtt8H3q7tf23HSI57HdgJas+eliwzT4R4VifRhCR9YkOMfN7Zp1YlxMeQ=='),
(8, 4, 'Combo 2 A', 1, 'b4dcb820a8b72f75befb7be17cc3a32e1f97fad1adfae5c8fc68e08d15b33f7c', 'iDwhyyUX6kdek1f/eObZbMy/Z9q+8z/crPz0GUia9MGH6fYXG0U/trCa/qDLJrXzwHcck7hqE7zygGJBzAEX4QAQ9ORsQw/9Acua6OZg5I48deY4DOM3SUI6Qg80KCnDB5hONAIizrqK43Yf4CXEIQx5ve7Ke+pVb45LmfJDfteTn68S3w4iuIXFeCSZTtC9KDHCBBiSQtphV/Rci+Kl/bcC/7sQJbUalquJ4m9Mk3oecGyXcHY94tvQsepR+w4+NdxDHaZP8JpMvrAJ2TjL4NC6kHMzt8qJg14VWHs0L8wsG48q4zE6Jq2Fk7J7W6z+o50JrCGA0kyeqfSE/JrreQ=='),
(10, 4, 'Combo 3 A', 1, 'fab96c9cbce7a6bf36c940ea8866c538de78d6e83a75bc430183ab27cf199e52', 'LGonKXQABGekUWk9lJLKs3Sfxrhid0UiLdy5dJAZFcQdo2Qhup6530Sc/7lE4aR/mYPn6/NgQOTdOps6hfZFmnTKAlA4KAgzehI4IM++8NzKl9AVTSCFoiJ8ooscXx5o5d0Ie7AFbv9vJfgXVXjshW23wxMs7RfuGIokiVxIg2NaF+533c2QDNsijS3NAbwdV4CydLR/sERW+eZYkxx/SnftI8wEb/hI4QOuXkOyxsOf83SJZB2aBuiRextzBCK1T2xvuomA+O2ZjEaw1uck7EK1ioTBfEFZ86TqNvpi1lpL2O0+D8n7pS5LX1cYr3N7FaibOT6d+ECHbxjvN5sZHQ=='),
(11, 4, 'nuevo', 1, 'cfe75618957305a506b45ec6b1c86e3523c26e1c3dabe9bf3e6ce57dba58ec6f', 'LFQsv8El4lmYLsR02YDRIHi0sZs0IM2CZdXPF6UQcwjolBSqiG3gokjP5t/yxYy3yBABPeDt8meDra3YOxlMO7Uh9CIAo1mhUdCSO0m8I5alPYLtLRjY6Ox4zsLJxUpnfO+MEa2z0fCS6YZ8YPIa90Qt5wz3z4QOG/850Hdux3M+idVnVoZCKaov3sPGYdBBeDYeog1Scw0mmgotk7dLPbH2+Z9KoNxY6oFppVJJUeoXLs/afGuck1bM/MgmgsVOYZKXfP4fUnJCOiH3CriTvX1SXu1HtSl/kRYCfDr/8Q34LHUoaaveIscXVa2t2ss61Kszkq8gxFIMRisSulFtzA=='),
(12, 5, 'combo 4', 1, 'e94d896eefb5f5c21359fcbefcea3b43d85b258af1827ad8d8dbb9cf95e0d3a6', 'RKQcgZrONUGTqb44xa2T4YxnR5Fsbhz54S1vXtvs2nBEsCSH19taFZr8Tcs3i/SmW2B52r82axT7SO9LrNnu5b7xdA84mRzTT6QL079SZQtI81cJQAXIRHF4rbYZS9F4I8aDvZLKzeAyrDB3dArDmvEp6MA6XCvyVlmJpAcfl6HYoHrvmDCaOJCAejKa8+ukK9lxW2DBZfycIeV9IDg8mGDMeXXV1ZlmYzLFH8QToTZhOaEOMXqYW30fuYlJ04x7H7zSFgomYyv4kLKNEKliZDR4XL/+ruevF1DiS/K/TDwifpQ8nnbFRDPUH6zEwoiOusbWZLUAwMgFGVSd3g1gdA=='),
(13, 4, 'combo 5', 1, '963740bcf67f9c7d04787f4a4499057e9485b1c8a22f8e883045ab6ef5cf3601', 'HU+/AYavJDNwrXn+JdSyM3WlnFX71OW+3b2vwkufBBXvTD1GpezCfSbYvYfqBNQT+9kW41HcK0CIAwBiICjAnjCkbfFQgNvJ0rvfTPguvTO12M5tlzQP+X1kax7nkduGdZhIYCQGZ3oySgsxG7LH55XshZlRT4LTnMlXAeUQck8ECK8zf6xkL68zm6j2zUPmJxDgHIei403GMkrINBF6EZ3BK01ol2DZIFyKtHUZg/ejBa8+hIvwOdRO9dQUjCNo/zxTx6Oe19th+awMA4rKS5j5vgO3o49+BCX7G18XgWRadeBfARPQ+V/g6RxdjErFneXmlmvG6rzUJuLVltGYoA=='),
(14, 5, 'combo 7', 1, '4799b7c1d6c43a09a02a9dea4319afb12f25c6a91ecabb019642bce23b98fd63', 'hM5mjOmg8FWD2BzzGj1Qs13SQLEZcR8tg4YpKB2PC4NEtmwzu168pkJ/DfN5adpWn5cbd1c+XMIErQXJdobWTRFh7m7cpAgjsfBawSvQFvOGECywTOGlr3H35Lpo038lt34Dmc5EHwiVztxfsLboi4tbGH7tVUxhKJ60FxzrOO7GEmxskmo5ZjVcrnmwkCrDL9rBHzwdGQ9+qud5b6OLIPp1EboKlcqRB1QWYqGyGA4qepw7J9LKWm1QyYn4SKS0+D5z/fTIrCd5RFWP5d4uRp9t+vx0j44PDZU29N/2zWvU4Ct2vLlFZACNLUOs0izUbbnRFq3jM6GLzyM2ffAcaw=='),
(15, 4, 'combo8', 1, '5580453e7f0d340c3b9f44f69cfc955870573ca95f32fbd66fa179bf90a871c9', 'IoBdCUTv667luSwi6hr3seU2W5CPmrv6n/mkO37qgg3mmJtD9uN6eJpL36a/NGlK0IsBEzgk4GPsv2ECNVxo+qNsg07/S2Eqvhs/LwXaZioP9v9R8mPEb22k5oLfKAFXmJA2mqxurKCRZpEzkZWS7pJI4GJK/7Du675MvFV/7WxLf4FokvK/dTZcDDUPA8rjqeJnR8Be0qIM8Qr9n9ywA1T8gUvNQEA+hJvhD8hBdPjZHwscDYEbXPUubmx+wtf0W0aJBDpZvyeff9M04Pjjfp8t74PWrklWpm1y9xZAxtMUDYlPvjXJJhAcF1btFBYsZghARV9aoOPJR3sh5ullhQ==');

-- --------------------------------------------------------

--
-- Table structure for table `departamento`
--

CREATE TABLE IF NOT EXISTS `departamento` (
  `iddepartamento` int(11) NOT NULL AUTO_INCREMENT,
  `idpais` int(11) NOT NULL,
  `nombre` varchar(256) NOT NULL,
  `gentilicio` varchar(256) DEFAULT NULL,
  `hash` varchar(256) DEFAULT NULL,
  `firma` varchar(1024) DEFAULT NULL,
  PRIMARY KEY (`iddepartamento`),
  KEY `fk_departamento_pais1_idx` (`idpais`)
) ENGINE=InnoDB  DEFAULT CHARSET=latin1 AUTO_INCREMENT=23 ;

--
-- Dumping data for table `departamento`
--

INSERT INTO `departamento` (`iddepartamento`, `idpais`, `nombre`, `gentilicio`, `hash`, `firma`) VALUES
(1, 1, 'Cundinamarca', '', 'e4bea5ac5c2da9d812af9c56a14c209297d579585dca0fc7473fc594729017c2', 'oPWqFc3SHePTOLopbsRI6ChmGs5gwAXFkEYAUTgLes/E0iPcD88887jEnd9iKOYe5DqCbq746pPjO5573L94q45WmeN3lz7Y48AXM4X+AOGCT5pw44BYiroPOthdwP6zKpfEsTnj7FzjyrQKMpZbGguGkXtPUmMvvzu1rjcIcPEf2psEjucizlyveeBsM4nDwAwBpSITZ1nygfUfhdoAGALxtM3g7otiqg6ufRMA8xmRAFa4L8NfIDr8mdMQlhHOhL4sLMJlSHq4m6BC43wvyTHNxC3zdmw0jYfOLj0hgnUa6LidbgaMEXd428RYBcyuT7uiDsEjXNKNIVlE979DkQ=='),
(2, 1, 'Santander', 'Santandereano', 'b7cc64e155ceb5897ae66b2dd1cd4b1ab8dd5b0e85831ff1bb3a073338e8990f', 'hJ/PGT5SsAegcg5YI5LTFRtYWQubGpXxdybbNf9SJi0CaP+Jr+yNwHUWZR/tTr44rDUeqAC7kmjCUHtiSPThFA32hDdAz6pUOa78aigippDkk3UsC+qIGVMK5q5iCz+/3Oahm1uWOSPYTvqnvM1sExOBg6XTZTMrNg8a0oMNYkgO6ZjRJsBPOUFE6JA7nlAkye697o/B1HhMYzhUubT4LS6vW0brzihDwduQkK0L5OBhzCKhULNmsOZiZhoW+tSePRv6fPUV7zKO0VoGbFdSUGfjrX1ag5LjRFgyUmHTddyBElE9H+8d/vSDenra6yXwcPbkGmfAduXEK6z2/Vmthw=='),
(3, 2, 'Bolivia', '', '5dc5dce2c32edf84a3fb9dce1e06c334b700e3e1bc0bfa5467c090d8b76d19aa', 'rS/X3lKH+lJ/K8DgVdLmlNmgeppXHS1QnbaNFuovkgfoLhO/3JN0fvu67lxewU4t/ndrosXCpUf0YsWx9qrGLoqJ5XjL3IU7kQHEgvPtPV8fDAcYawQTTISw5V09uctZye8TaTp5FMGiIAECzjgbGij8O/CZze5ouAmCdPa09HKdSw11UwWxUld0uMxeyjZRriDlbtAAtbm36cwhSX9jVxZACNDWRxKv5pBuLJKH9aHfkvYgzPHRiLLlFkNcz1pIcXbKWKbyy2rsc3xGFWayG4SEZ1SYdAg70YbwE0sVx3qvXHKTyVUl3FTS5XsPpbAvgQ5BEZbw3KkaftohvaIpqg=='),
(4, 3, 'Venezuela', '', '7f6ad19d4f85bd65b84c07970f6d528dde643d85844e953d20c2d26fb3451953', 'NRyrb9lHh9k8opONzoCkrlNxyLJIct8ANnNJ50lCRIKZq/vnjD56ZOSHOYP2hvmhD0+UM8nolo7bWZ1+uX7DyAuGW7x7KwGro13KvF0/SpAdMrPv8fzNj++6epqhDQgZIBsymHter+HJA54VcvN0LScEZbpiwhUKnSGQWIFh/NLcXQIwTI7CFPpnwvsGRDFyTGQ0GZ67a1X5qvXp0bKEECntKrpskr4zoCMPfW0AFYilqhucFwbpJ/PHdpO0WfjfzQqxPv/sa6wvMkztMDNod/vb93P1mEKTBxPY/KrCYyFgAgKI6oZkJf3x+TUv3sdHo0JK5YRqFwFgnDBAOxWejQ=='),
(5, 4, 'Ecuador', '', '7e8754e818145947004f3bf2f17d4e1098009313a338c0069c037d1f8fd16bd7', 'Jb8FIqTxBdctzi4U2TM4CfACuXnjPOwR3ZmyO983HA98xz8Aqiwzn4CvY+U37PFg/fz/AMFPdDq9lY8TTtweU/N0d4JL4r/AMennZyhZICMRL8jwPBFQRwIix+c2tP4c23wiio+meNCWBMclSJqcuWxlkc75iIKDOdULM0btpk47nSr1Dh1byoE1HkDIB7x+f0e48f4X9tunRpmysca8dlh26Anw2RarbCPWMlHSyN4zZkx30xmLDYFqt1UAMDah8DbywKSFzt+DfFJY7g4FkAHWiaK13x7nr6JIyHb6PmbMxrUU82POr2Y72L4xtIgkb3jn1P1euhWgXeEljrCz6w=='),
(6, 5, 'E.E.U.U', '', 'e8b491abeaa98a54e98f30fef16ec2d6f43e65ea10ee65444454deab52c63d4d', 'W3FiuY9bigApQHr35lj0LmHHzMdJIC0GICjklhaf+dMglaZQNjhRAQL5LcI3l9a9d4lu476sDEdACNeX/QMQ6YFxRVYU7rYwkqpbDO6JAJKm/h6RqTtvkd3iY067JQExlJqjpSDRyYprhWZjsFTW0pMMb7dmzZ1lS62OoV+h0kT9yhG/ZCF44zcYqZHwTq1WS+0Rn/R4bV7SkATUXRkLwBSamqZqto4r508CCc6DmdDWFQ1A6MrsniZ0UnCih28DmeF6+Rm4+iUWmefHzkPlFgn1+VRHG8M+67TBRtS4VnpKdLdkrta+8Ru+crwWqHeuvjkiku8eBqSdWCFH/AyTOw=='),
(8, 1, 'Boyaca', '', '3648aa16f83f6ed707ccb9f09ed8af818962464f2cd10302b5c7ca904c36e032', 'EFOYzMbuvRhzsczCv/xv6RXfPrwYden7H0vfEerxNUdSwrC5ilgPUne95bxjKHklhca1VbrS8tp0iUFw7p+DRQ2z6Z9DLfFDDdOsWS2r7pU7m0LLRM4SuWY9Yt4YcUVRjHDJWiewttzTTs7G0pnfCsQ4/XgWqQ/kxxmicZHXub+Jbr+OO0BVeJxRZP0Y0xD73uX37gXvacUc/RLsTYM24NZDdoV4UAjcFFcILDOGPnLF3AGV0GdbyWm4YyNoV8LRm7s9n59JiQCjUibI/+m16O8x/NC3gI0w0EYMFylpMRBVsT3SEqithnHiAHFi+CNhTHaJmoDnU61rjLR9oH9YvA=='),
(9, 1, 'Nuevo otro', '', 'fae110f04acd603a3dfa6502488b2343448836306252b824e34b67c03ebbed89', 'LzaaKwelqc7W9DcFTXeHGbhTR8jtfd/7TOy/WI3Br40+b2HEA+04JmskUdy4l32VjWrCyPz7GBqIzgtY1WrbKwzaaJyVuTGrOLvz6+skPv0m2bSzxS2agN7V25DOMqIOOOh78RUPEk6I+jiA55E2/WjA7wsnQI5+uor0w1SP8mvHT+DlIR06hW7AQE+eZVw4oAsoDsjFtxOZ0u1nXAs66IQnZE1xht5djDXlgfrBWq5uSJxB1YMymvp8ik8AIRiX6kRVBrhzXhYhY4zZSKoEBn6tXyJBPnSbBZotl57r9LE8syg17SmEjXGsjK4SqleWG+1nKL2Qr2i8UcPO/R6t9g=='),
(10, 8, 'Nuevo pais', 'nacio', '84158c01e0c1b2724b3ed04ab4eb8f807e83189633bb6f1fe17d378768f3b4f2', 'op+EFUVN0iqXiLxmbpCtxPKP90Rv2ZgNH1dzVG8vL/f2YECSQBOwe1vUVh3K2QfvreIfSjSqh0mmw0sXcphex29Q9cQiYt7HwLb8PInfFaPOFA4zRoUH5KeWjSVIhZhYn6GpI7uRcU2c9Vcm9Dbx/jZx4OpjfdnvXxKAvrkya5+4LA2hEm//cxw2sPmkrVis9N2yzk0dJyejkxCniIuDPY7OMcgrmgF1q/V82fkOyMw7uzLIn4dmODJy8ppeDnNVk4k+JioSv69ZMVjLeYAE0CxnnrD5SJ0zbGmu7uQS6WEEyXuuTLEfUYFWSqSdMax9x0E8l0e5NqRdJCfTnLkPDQ=='),
(11, 9, 'nuevo 6', 'nuevo 66', 'd6731ae761d2c99e7c0dac171fc06be35bc8e753b5da1d9f04ecf0cbd5601252', 'ZBFOYdEAwljTw+wHvd1xDNqb/EmxiVurxa8uA4WH3aSm9qqd+nkU9Z/8W3z6DpnBWoNeEhf9h7r8QVSXy73INC+xVPsR13LHmQIj2CL6ovWXGa3poSio2GAElksDKXUq/G9b2Tc+pnMa2eJKC3XYcwDZaNGaulbxYp/SUHDBNYvSC/iSAbNk1gLdi7WfJCiG1txhocVdCpkZaYs5xilEkpuwgrlQIODSNLPexjtz7YMzMK9qf1au//FR1CdMsBEHSr/b7PnbgQtxcCfoYR+Oq9MbIIz4CfrYlVvG65ZjYYLmAq7wGNbY8WgfjDcGpHnkzmyp9kVL9286Y/c3wh4Lwg=='),
(12, 10, 'nuevo 7', 'nuevo 77', '13f96fd78473e150f8432f78b5a4481ea7bc65cf95342682c756777524f8b3da', 'QaOG5as+v1y36RAXQ6FxEx0jozxxgQkxV8LdBfycXsprj7+rsuIwjNUNElIzg8qOOrLdrujQsuBmpPE8jFFARwWI24lMgUD82XdFEGB+G/AM8R5nK8DdbbiGwD92cvS5TF24vEQLQtMJpvCP/sPse6BbYl/4CtDGxi9ag3HcwWZpYGt04NF6ei+q5YcVll8ll7x7b14dqOpQ6Hytqk8yAQ+kKRIXzWHAiDmMS5WncTXo8Dlkc9p/6zukXi1bA4+ZrqES0dx4lAwIdTVK0wV6+LMMehTKsUbmPNU/lJPPNIsTVSj+UXbV7XVg23XPeTttlxUkYeMUbacHtwkYXBqMpg=='),
(13, 11, 'nuevo 8', 'nuevo 88', 'c3af4227c7d05cd323bcae578d6d66cf8b2073ec2c2826e6f9793de1768028ec', 'qkWallHkPTzUi83fDrMjryTSjjLZNrio1LA9u7VR08XX2N+vvby2Evr0KENReUl/0itFPoIm0kR5shk+PM/hx+QPaa9VSwl1CDsNnN9H/phcY8MxTcBHP8lm8qCOsK5j/cHiANqKRFnyLFOompRa+zHPAUURGSxm0Sz1YsS9PXbHoPbroGN6rqtOQwQDClHHguO9PuQyYNfOOLvrLBJh3gLr3BatEH6m5Eaj85d8swTQbYY3Ca3Cmg7GghEl2pFNioLDI4ZGE6NUYvM3pFKGNQQWpuJOxgrB51AoVC7j74idrcRoFXdcpQaRS7uTbrl4MuchJmlvKwxh3Ffs+JOmkg=='),
(15, 13, 'ok 6', 'ggg', 'fb5e79f6b00abedbd8666a17dbf6c4dd20d03c944ad2207281c35986d1c087ea', 'K7WbanEYcFJZMpC5oLOjzI8/dEvPRM5aTZHn6vZHiVJa55HE/FrRHic0KT+xFb5J/rLVeVXCtl00r5JfZVbqX4t1Lod2E1DYMlEW79iZ3pScv1sLZM2CO+aOHRVRvcdEAxX47G0x6vR0AQv2mNaWCNL9dIJrY1zVmMgKFRmorTmNDJBpu8jf34VV4No0rwsT9lRdwGI+c/WJ++G+wwqMSZWjrwnRtWLlFwTEXMJpIUsx5dLCtUOBqPiA6fL6kx24rAM26zkVoGYphYIs6HYf17Wpb5Wu0I5BMqqtWuIy/xIyULSCcUWC7+FYu+SNNz3wr6mAXbYUlbaes9FDOuhZyw=='),
(16, 14, 'hhhhhhhhhh', 'hhhhhhhhh', '08a77fe610aea736dbd9ae887324a3bd835c6f2f31b70fb09464fe219064d37b', 'Wsklwntrvwob3mwQlR8sFAdswjD4Xy69V1nQArl5G6tXNtfoXquUX1E5E2jYne/HRFJdfzA/8ae4QegmzKCw4meOLeDcQymLwJ0hbTraucrKadEbejecQfH5dR/M0OFuwzAPsnb4VXIRyV1LsHANXccmhfJLvoQwpDePOevD370K1fl/dYt1J8PNqtAPgMrDDsGdiKtPTlKpzem6FS1qBOqaYW9QM/ZyLfkx3pWwguQCMkN/B8LlrZ74bkDKqUgScFv1r5x7gLGbYsRLOCVqlj9jhs/5q2mkw7eVlSh0JORSm65aWS+2+VdA7bUxh1zvZ+SoN1CfkrW6pmrhI1H0tA=='),
(21, 18, 'nuevo 18', 'nuevo 18', '12612e987d47e17ce4afb5ccf1eb5f6916f5fb6ba2bfdfaf97d93ee50b8cfc49', 'e2YyFk5t+kgay7nT2HdfE8Aois4x28LY89/lz6jnr195rb+cKd04trqG8ddrlZ1w8gGTgKQ7Cj3OFN5GYOP/NxVHZzP2wWR/DmM+c+9OxSZVVwaR+VfW7dVm+rtgn0ZwaiOtvdbRFsn3QvW4K29o7N3QX2DkejIgElEeb2s1NO2VhhQCgp0zaWxNHXOOC/rQ9Vm+U7+RkaquZBqx0wP5USOMKZnpd1c93eWEMyPgYeNnWQ4GfS7SiyrSYSw9uomnPIjHhRTuehitPflRXe7B38qG8z225ygxVylYfgtEWE/43xWvJnX5sqcZ+YHkXo7xe4bKeCzRUBdSbrmEdI4csg=='),
(22, 18, 'otro mas', 'otro mas', 'ae47b010e9336f5de8d471567b3c3ec21abfc3f87e6da2fd3f2db3b6f0d70828', 'HuFf8mtvK0HW7oaFQ9dII/dzob3/VrQB3yQIbnYou+uwm+dqETPmAujULRymC6snO1ZaoZVRLyOX3kEf1WGZFIBL0Xh5Wwi3irjnDJbCeN9eOhxaWyhIXDEXq1QJC2yUcSz2lMzAOALXMIdxdlrd+G4FtSemciPxyBE9QQ+UUY/PY8ppZfIOgCPHeN0xzKBlA+loDx+QY8+ur3zN5HJSVh2ZxGwD5z6cZArlin3oJwcfQIiAtjWhNS5QGsRgJgm9YOXFPfIQSfbRMsKs8AQ8TlxeIfYKzaCpaFS0VsJdb2crJbmo5JKeMZ/IAVFMyqNIDsr5D0a3d66q2StCzgLLWw==');

-- --------------------------------------------------------

--
-- Table structure for table `documentoimprimible`
--

CREATE TABLE IF NOT EXISTS `documentoimprimible` (
  `iddocumentoimprimible` int(11) NOT NULL AUTO_INCREMENT,
  `nombre` varchar(64) DEFAULT NULL,
  `descripcion` varchar(256) DEFAULT NULL,
  `hash` varchar(256) DEFAULT NULL,
  `firma` varchar(1024) DEFAULT NULL,
  PRIMARY KEY (`iddocumentoimprimible`),
  UNIQUE KEY `nombre` (`nombre`)
) ENGINE=InnoDB  DEFAULT CHARSET=latin1 AUTO_INCREMENT=14 ;

--
-- Dumping data for table `documentoimprimible`
--

INSERT INTO `documentoimprimible` (`iddocumentoimprimible`, `nombre`, `descripcion`, `hash`, `firma`) VALUES
(1, 'Informe de Auditoria Basico', '', '338bdb9da19e05ad193291b7cb36b48a2430a5cb013619217941ecd6509626af', 'SyiUbICPvzHIH22y2BayzTaWlZPty9Bgf5uX1zmGHhBjaKxkEIy+eEDCG/U/Xi+mjU2+AXBGFcD9WWUGR1JCNRbVxNv2yZ8w3eMjeeesCl24UKDWo4S8xlmD7K8zDT1QNYjrl3xMufVW30vU6ljdwyQHuMMbKMDtRWCV0KO2yYjcDc3BYFzNKecUMM4dOz+wi+rRyb4wXhS/iqkrFeuf64PPaLLbZ3Ea+TcO8qbsdoI0RdXM0NZhjsK5BSQsPiBVqqXHpeHTkl2joqu+TnU3C7s/kBn5WXkm1RlE/CJlTtm7NPkWJcI1HHRrTVWc33YpC5pzpP2VYnuvtAqCWE2fxg=='),
(2, 'Informe de Usuarios Basico', '', '8bed3db4169e9fd8e3cf5a87c27beedb89b94d84e2b4efaa9054de57cb559471', 'fG6AtFq1o2+6HhCpzlasrB7XTw/l/CHp2HCCkJeSt9N039Mh/s0BDtn+QnPbydRqUZoQPZCRxu4VhRmngl8XDfRyZdvUd8cGMK9A67NvFHeZx2ctWcF0Ho9KS37ferWLeNjf645i0JnpQ3ExRELJffo6zL4sY65BAZ48UOaQvbVstLKd+0SXXbQQsx7Co51NVen4SIVJwE/aO6b6Bob7dJJFXXMJf2JDqvJKZ7Hofg4bFP48PHvxpd4/h/izNi7ik4k0Cvw3Z5Vf9qjY/6/ViBl/F91Bl6evVIcNlsSAG8Y9sXOqKsW68mKRLu5ahsVANwtnzMyGqgyXTMqFLcTPhQ=='),
(3, 'Informe de Empleados Basico', NULL, NULL, NULL),
(4, 'Informe de Saldos', NULL, NULL, NULL),
(5, 'Informe de Prestamos', NULL, NULL, NULL),
(6, 'Informe de Ahorros', NULL, NULL, NULL),
(7, 'Resumen Diario', 'Resumen Diario', NULL, NULL),
(8, 'Resumen Semanal', 'Resumen Diario', NULL, NULL),
(9, 'Resumen Mensual', 'Resumen Mensual', NULL, NULL),
(10, 'Resumen por Vehiculos', 'Resumen por Vehiculos', NULL, NULL),
(12, 'Resumen Anual', 'Resumen Anual', NULL, NULL),
(13, 'Resumen por Matricula', 'Resumen por Matricula', NULL, NULL);

-- --------------------------------------------------------

--
-- Table structure for table `empleado`
--

CREATE TABLE IF NOT EXISTS `empleado` (
  `idempleado` int(11) NOT NULL AUTO_INCREMENT,
  `idpersona` int(11) NOT NULL,
  `estado` tinyint(1) DEFAULT '1',
  `hash` varchar(256) DEFAULT NULL,
  `firma` varchar(1024) DEFAULT NULL,
  `observaciones` varchar(1024) DEFAULT NULL,
  PRIMARY KEY (`idempleado`),
  KEY `fk_empleado_persona1_idx` (`idpersona`)
) ENGINE=InnoDB  DEFAULT CHARSET=latin1 AUTO_INCREMENT=6 ;

--
-- Dumping data for table `empleado`
--

INSERT INTO `empleado` (`idempleado`, `idpersona`, `estado`, `hash`, `firma`, `observaciones`) VALUES
(2, 1, 1, '00952df6b1683361531f6a3ba1b7c7a546ef7a57e3367446bad3ce2d035a0b86', 'lHDNGkhzq1+NwsZHpoHrEkj9W5bmduYm/RiBicHbCUsBxdN5FvSDwY7aylZ4Fm6EFhNsdD5AMv7awIKrl/yn1ZkBGNU5yHSvY7XxPUOUIzWQfxkzjcjBrjoZMjT0yM3/scuqFJN/1cbrzqI771POoc6DOo2x5cxuFlCdjvPfYexNy4MKNE5OUS9SAacEQ62qQr62BdziB+i2yeoa2KT22VrdZL+xYLpk69fxSWt8PHryUirvTto92w/X8p0lpaeXjmrcwE4Knz626/DR9YxOqN3fGJTPPIwsBhjdsgPro4So3EOWbOK6LHC1MPpJEw3D533ccm0QGzo7jYtLrUIcNg==', 'esta son'),
(3, 15, 1, 'b419e88199aa877561484c50fbb8947a1f255d4e089931af625c7a8c9ff7c1f0', 'iQdSms3MS7oc2D31jzWHWz4iF5KfpwUALlcbImZQZgtjwcU367GMDJ70X99soqS+USsE3OknFhHUKZ5QzAeTeKj1eyGcPF6TQPz/96orcPn1S0OR4XzeD2eYOBp3pu69uGYl4QdcMck8j02TiguX/NdkAcpxqtFtkiHQxStaWCAeZizb3pNBg7FT2IxGy2fZoSVFlN/4MXwqxpY/kowN1kZgHzz/uGAXHYz3txF4D3FOP3tVsHzaLezCyOUohp6m8LRlgS8Abl7U9R2qRCJnhL1F4Lhs4ZT9t4lkyyDu4tMmv6bgmm9QGfFM1fQRaWcJ6V0ubbylW6kXo9NpwB7TBA==', 'Hijos'),
(4, 16, 1, '1ed56230b60586b6d2492849350b5c8ef8d7ef8bb893e026518a858e5c1b57ef', 'fWI74IgbA+y07MmfzHuW9UL60CyB/qNj0OJmhiyOUqXqllL30fVCi+6UzLZyFGX2NdBNthnvGcw//T5+Xp5vyQDBlXe/2bU1/2VyEdupKX7SD/50GBGa+zBTdR6Yp1XjQ0TJQcH1mv6nWSn6VMHR2j8VQain8ryBtIWMpHzQijl8ZpkkddkrW7KXGNLg2hxoPXLePu+UH/T8YzDVm/anbymE12QmCo8GXMdm4tfnC5uvGLDZIcv5+GIsWpWRNNtRRH7kvfmQnq626OdgPk6OBNxhFxRIBjaag4if6sAmgxrByS/Kx6Z8w7BsmWP6sIwcK1lkPbSSM8fWsDGaMzWwLg==', ''),
(5, 24, 1, '163e03bca3407028946d9514b6dda9fb580a319d53eb7f14a0642971191a1e82', 'WRo3EipTLtSxiopPHUmizAQoO2PbMVtLX2LwTe0OTu+M6ZX93wE3DvZ4injWkE8ZEKIcKKGweASeh/6mn5PVuCezr/ed9+40fT3c4rd1DlE5uwIyRUQowyYS0TU+JUblBW4upOqugxEE9woT1pigwSYW/jlBfGM1zVBq5LxlUrH72DeZEyPhLoZs63Xqk16GMKl4u4RFdJYPle2p/b+cwx9Voa1APfPw3H+EscerHf7Com6OqAOmXP57pn90C67PUx7WvdJDlj5uJI25ejUjrRb9erNGRS8MxMTgza+kX3oX4OjMKg6GzJtaYwPUo+rTtvzmQeiFYBiDXwW+G44SkA==', '');

-- --------------------------------------------------------

--
-- Table structure for table `empresa`
--

CREATE TABLE IF NOT EXISTS `empresa` (
  `idempresa` int(11) NOT NULL AUTO_INCREMENT,
  `idpersona` int(11) NOT NULL,
  `idmunicipio` int(11) NOT NULL,
  `nombreabreviado` varchar(256) DEFAULT NULL,
  `hash` varchar(256) DEFAULT NULL,
  `firma` varchar(1024) DEFAULT NULL,
  PRIMARY KEY (`idempresa`),
  KEY `fk_notaria_persona1_idx` (`idpersona`),
  KEY `fk_notaria_municipio1_idx` (`idmunicipio`)
) ENGINE=InnoDB DEFAULT CHARSET=latin1 AUTO_INCREMENT=1 ;

-- --------------------------------------------------------

--
-- Table structure for table `estadoimpresion`
--

CREATE TABLE IF NOT EXISTS `estadoimpresion` (
  `idestadoimpresion` int(11) NOT NULL AUTO_INCREMENT,
  `nombre` varchar(256) DEFAULT NULL,
  `hash` varchar(256) DEFAULT NULL,
  `firma` varchar(1024) DEFAULT NULL,
  PRIMARY KEY (`idestadoimpresion`)
) ENGINE=InnoDB  DEFAULT CHARSET=latin1 AUTO_INCREMENT=4 ;

--
-- Dumping data for table `estadoimpresion`
--

INSERT INTO `estadoimpresion` (`idestadoimpresion`, `nombre`, `hash`, `firma`) VALUES
(1, 'Sin Imprimir', 'd09c79233a5b2b82261d5bb83b7a72046e1946c61b07f27b26a5b0197c857f7d', 'RUj9VtZn0WAH1nJqpK/v6EYnoqOgqNm+eZgdnA/vqXvW9UbrjrqYMY+f1qr8lZqrrxAoXdMnqd+KzQjaZyydNfWHx6SYYfheQoQBOxmSdjnU+wLxT8JCEJRnriFSpkvMP23Ttv+kmQX3Z7IZ6wX3zyrhpVl0BBCud2WYe+s23We+5tggC/OzcJ8DHikTNBd30SEBVDTZfWAQvxIz/zccmfBN4CvW72JA8zjbkZSe1GuN1Q2Fh7fWYXgucArhGifshOikTA8ACamPTX/7dZ67WzN17Nk9Ejjvu7P02QCr9JoGBCYF48eCXIJSwvKxOgCCqvVroAHXn3wpzd8KUSyZ0w=='),
(2, 'Imprimiendo', 'b5ca8bbea1941775e9a3ccab95c9695aae008bf1a7f583a2a1dd34fe3d2e8ec1', 'PKTT57RfHz4vXSBAfUYBwC/Tw9DmrWxBO7Oc1WElLmtE5jX0R/K55hvdt19nTLlRaVQ6iZnHEkfVYHutmzWm9ijCKL+OMLeje0Ao4CY7v1PSWajiZfc3uepAqR8/yo+hOXjtqb7WwlCQUOXaAwDRt4xLuIrXlBZdEwzp2sOaUvNZPTPKMzWnbo3Ogk1oenxVYcsEuYTvYod7iFcCAqv9bP5qa0Vzmv6F3a8RBud0PKFUDyond4Q+357uvNQDVebav9t/sA0CdVwsikmySqgI7ANYhQW9OTUL6Q8uBkd+SZkdmBVBj6yMTi+EhLm33X1swzwB9tbO1ZJK2nNW8Q/Lyw=='),
(3, 'Impreso', '26bcdc54103f6c3898ed7e87c0119cfb46a54d594eb455ed2ac63e19eae02e30', 'kEhwoVcfxp52v2bZbrtaYMSjx8A5AcVPTwz3fvcYK7hCykdBQIevONg5ORVJAR/qZY9n56uInjhkM0UoXhpC1tyX/U8TcUwfbBSEb6zl8v0ZUtUWX84XTjqqr/hUW+AwwUFEqbuEuhTwR4gM2FksBqnGdK8CO6w3CGR/3xPYpHrxYmsyIiPV7z5dOrxO+YSy09iVzI3cnCiitzaWNw/OjWUJnZlMzWfNyw3qMREwAJtarQBE0NHZ8pqSsBfNwLeZ4sWEreOezVnnOG5TJIxisbqj9k0FD/fmePNdSo09lecP3uCRwjn/OHXbB4q30IpCgn0EKfEAi2xlZyjKfE9ZPQ==');

-- --------------------------------------------------------

--
-- Table structure for table `estadoservicio`
--

CREATE TABLE IF NOT EXISTS `estadoservicio` (
  `idestadoservicio` int(11) NOT NULL AUTO_INCREMENT,
  `nombre` varchar(256) DEFAULT NULL,
  `estado` tinyint(1) DEFAULT '1',
  `hash` varchar(256) DEFAULT NULL,
  `firma` varchar(1024) DEFAULT NULL,
  PRIMARY KEY (`idestadoservicio`)
) ENGINE=InnoDB  DEFAULT CHARSET=latin1 AUTO_INCREMENT=4 ;

--
-- Dumping data for table `estadoservicio`
--

INSERT INTO `estadoservicio` (`idestadoservicio`, `nombre`, `estado`, `hash`, `firma`) VALUES
(1, 'Pendiente', 1, NULL, NULL),
(2, 'Terminado', 1, NULL, NULL),
(3, 'Anulado', 1, NULL, NULL);

-- --------------------------------------------------------

--
-- Table structure for table `gastodiario`
--

CREATE TABLE IF NOT EXISTS `gastodiario` (
  `idgastodiario` int(11) NOT NULL AUTO_INCREMENT,
  `idtipogasto` int(11) NOT NULL,
  `fecha` date DEFAULT NULL,
  `valor` float DEFAULT NULL,
  PRIMARY KEY (`idgastodiario`),
  KEY `fk_gastodiario_tipogasto1_idx` (`idtipogasto`)
) ENGINE=InnoDB  DEFAULT CHARSET=latin1 AUTO_INCREMENT=315 ;

--
-- Dumping data for table `gastodiario`
--

INSERT INTO `gastodiario` (`idgastodiario`, `idtipogasto`, `fecha`, `valor`) VALUES
(1, 7, '2013-02-12', 0),
(2, 2, '2013-02-12', 0),
(3, 1, '2013-02-12', 0),
(4, 6, '2013-02-12', 0),
(5, 3, '2013-02-12', 0),
(6, 9, '2013-02-12', 0),
(7, 8, '2013-02-12', 0),
(8, 5, '2013-02-12', 0),
(9, 4, '2013-02-12', 0),
(10, 3, '2013-02-07', 0),
(11, 9, '2013-02-07', 0),
(12, 8, '2013-02-07', 0),
(13, 5, '2013-02-07', 0),
(14, 4, '2013-02-07', 0),
(15, 7, '2013-02-07', 0),
(16, 2, '2013-02-07', 0),
(17, 1, '2013-02-07', 0),
(18, 6, '2013-02-07', 0),
(19, 7, '2013-02-01', 0),
(20, 2, '2013-02-01', 0),
(21, 1, '2013-02-01', 0),
(22, 6, '2013-02-01', 0),
(23, 3, '2013-02-01', 0),
(24, 9, '2013-02-01', 0),
(25, 8, '2013-02-01', 0),
(26, 5, '2013-02-01', 0),
(27, 4, '2013-02-01', 0),
(28, 3, '2013-02-08', 0),
(29, 9, '2013-02-08', 0),
(30, 8, '2013-02-08', 0),
(31, 5, '2013-02-08', 0),
(32, 4, '2013-02-08', 0),
(33, 7, '2013-02-08', 0),
(34, 2, '2013-02-08', 0),
(35, 1, '2013-02-08', 0),
(36, 6, '2013-02-08', 0),
(37, 3, '2013-01-29', 100000),
(38, 9, '2013-01-29', 25000),
(39, 8, '2013-01-29', 0),
(40, 5, '2013-01-29', 25000),
(41, 4, '2013-01-29', 100000),
(42, 7, '2013-01-29', 100000),
(43, 2, '2013-01-29', 0),
(44, 1, '2013-01-29', 446600),
(45, 6, '2013-01-29', 10000),
(46, 3, '2013-01-26', 0),
(47, 9, '2013-01-26', 0),
(48, 8, '2013-01-26', 0),
(49, 5, '2013-01-26', 0),
(50, 4, '2013-01-26', 0),
(51, 7, '2013-01-26', 0),
(52, 2, '2013-01-26', 0),
(53, 1, '2013-01-26', 0),
(54, 6, '2013-01-26', 0),
(55, 3, '2013-01-27', 0),
(56, 9, '2013-01-27', 0),
(57, 8, '2013-01-27', 0),
(58, 5, '2013-01-27', 0),
(59, 4, '2013-01-27', 0),
(60, 7, '2013-01-27', 0),
(61, 2, '2013-01-27', 0),
(62, 1, '2013-01-27', 0),
(63, 6, '2013-01-27', 0),
(64, 3, '2013-01-28', 0),
(65, 9, '2013-01-28', 0),
(66, 8, '2013-01-28', 0),
(67, 5, '2013-01-28', 0),
(68, 4, '2013-01-28', 0),
(69, 7, '2013-01-28', 0),
(70, 2, '2013-01-28', 0),
(71, 1, '2013-01-28', 0),
(72, 6, '2013-01-28', 0),
(73, 3, '2013-02-13', 0),
(74, 9, '2013-02-13', 0),
(75, 8, '2013-02-13', 0),
(76, 5, '2013-02-13', 0),
(77, 4, '2013-02-13', 0),
(78, 7, '2013-02-13', 5000),
(79, 2, '2013-02-13', 0),
(80, 1, '2013-02-13', 0),
(81, 6, '2013-02-13', 9000),
(82, 7, '2013-02-20', 0),
(83, 2, '2013-02-20', 0),
(84, 1, '2013-02-20', 0),
(85, 6, '2013-02-20', 0),
(86, 3, '2013-02-20', 0),
(87, 9, '2013-02-20', 0),
(88, 8, '2013-02-20', 0),
(89, 5, '2013-02-20', 0),
(90, 4, '2013-02-20', 0),
(91, 3, '2013-01-30', 0),
(92, 9, '2013-01-30', 0),
(93, 8, '2013-01-30', 0),
(94, 5, '2013-01-30', 0),
(95, 4, '2013-01-30', 0),
(96, 7, '2013-01-30', 0),
(97, 2, '2013-01-30', 100000),
(98, 1, '2013-01-30', 0),
(99, 6, '2013-01-30', 0),
(100, 3, '2013-02-16', 2000),
(101, 9, '2013-02-16', 0),
(102, 8, '2013-02-16', 0),
(103, 5, '2013-02-16', 1000),
(104, 4, '2013-02-16', 3000),
(105, 7, '2013-02-16', 30000),
(106, 2, '2013-02-16', 0),
(107, 1, '2013-02-16', 491800),
(108, 6, '2013-02-16', 30000),
(109, 3, '2013-03-03', 0),
(110, 9, '2013-03-03', 0),
(111, 8, '2013-03-03', 0),
(112, 5, '2013-03-03', 0),
(113, 4, '2013-03-03', 0),
(114, 7, '2013-03-03', 0),
(115, 2, '2013-03-03', 0),
(116, 1, '2013-03-03', 0),
(117, 6, '2013-03-03', 0),
(118, 3, '2013-03-04', 0),
(119, 9, '2013-03-04', 0),
(120, 8, '2013-03-04', 0),
(121, 5, '2013-03-04', 0),
(122, 4, '2013-03-04', 0),
(123, 7, '2013-03-04', 0),
(124, 2, '2013-03-04', 0),
(125, 1, '2013-03-04', 0),
(126, 6, '2013-03-04', 0),
(127, 3, '2013-03-02', 0),
(128, 9, '2013-03-02', 0),
(129, 8, '2013-03-02', 0),
(130, 5, '2013-03-02', 0),
(131, 4, '2013-03-02', 0),
(132, 7, '2013-03-02', 0),
(133, 2, '2013-03-02', 0),
(134, 1, '2013-03-02', 0),
(135, 6, '2013-03-02', 0),
(136, 3, '2013-03-07', 0),
(137, 9, '2013-03-07', 0),
(138, 8, '2013-03-07', 0),
(139, 5, '2013-03-07', 0),
(140, 4, '2013-03-07', 0),
(141, 7, '2013-03-07', 0),
(142, 2, '2013-03-07', 0),
(143, 1, '2013-03-07', 416400),
(144, 6, '2013-03-07', 0),
(145, 3, '2013-03-06', 0),
(146, 9, '2013-03-06', 0),
(147, 8, '2013-03-06', 0),
(148, 5, '2013-03-06', 0),
(149, 4, '2013-03-06', 0),
(150, 7, '2013-03-06', 0),
(151, 2, '2013-03-06', 0),
(152, 1, '2013-03-06', 0),
(153, 6, '2013-03-06', 0),
(154, 3, '2013-03-12', 0),
(155, 9, '2013-03-12', 0),
(156, 8, '2013-03-12', 0),
(157, 5, '2013-03-12', 0),
(158, 4, '2013-03-12', 0),
(159, 7, '2013-03-12', 0),
(160, 2, '2013-03-12', 0),
(161, 1, '2013-03-12', 0),
(162, 6, '2013-03-12', 0),
(163, 3, '2013-03-17', 0),
(164, 9, '2013-03-17', 0),
(165, 8, '2013-03-17', 0),
(166, 5, '2013-03-17', 0),
(167, 4, '2013-03-17', 0),
(168, 7, '2013-03-17', 0),
(169, 2, '2013-03-17', 0),
(170, 1, '2013-03-17', 0),
(171, 6, '2013-03-17', 0),
(172, 3, '2013-03-18', 0),
(173, 9, '2013-03-18', 60000),
(174, 8, '2013-03-18', 30000),
(175, 5, '2013-03-18', 0),
(176, 4, '2013-03-18', 5656),
(177, 7, '2013-03-18', 50000),
(178, 2, '2013-03-18', 0),
(179, 1, '2013-03-18', 358400),
(180, 6, '2013-03-18', 40000),
(181, 11, '2013-03-18', 0),
(182, 10, '2013-03-18', 0),
(183, 7, '2013-03-19', 0),
(184, 2, '2013-03-19', 0),
(185, 1, '2013-03-19', 351600),
(186, 10, '2013-03-19', 0),
(187, 6, '2013-03-19', 0),
(188, 3, '2013-03-19', 0),
(189, 9, '2013-03-19', 0),
(190, 8, '2013-03-19', 0),
(191, 5, '2013-03-19', 0),
(192, 4, '2013-03-19', 8000),
(193, 11, '2013-03-19', 0),
(194, 12, '2013-03-19', 0),
(195, 14, '2013-03-19', 0),
(196, 12, '2013-03-18', 0),
(197, 14, '2013-03-18', 0),
(198, 3, '2013-03-20', 0),
(199, 9, '2013-03-20', 0),
(200, 8, '2013-03-20', 0),
(201, 5, '2013-03-20', 0),
(202, 12, '2013-03-20', 0),
(203, 4, '2013-03-20', 3000),
(204, 11, '2013-03-20', 0),
(205, 7, '2013-03-20', 0),
(206, 2, '2013-03-20', 0),
(207, 1, '2013-03-20', 108600),
(208, 10, '2013-03-20', 0),
(209, 14, '2013-03-20', 0),
(210, 6, '2013-03-20', 0),
(211, 3, '2013-03-24', 0),
(212, 9, '2013-03-24', 0),
(213, 8, '2013-03-24', 0),
(214, 5, '2013-03-24', 0),
(215, 12, '2013-03-24', 0),
(216, 4, '2013-03-24', 0),
(217, 11, '2013-03-24', 0),
(218, 7, '2013-03-24', 0),
(219, 2, '2013-03-24', 0),
(220, 1, '2013-03-24', 0),
(221, 10, '2013-03-24', 0),
(222, 14, '2013-03-24', 0),
(223, 6, '2013-03-24', 0),
(224, 3, '2013-03-25', 0),
(225, 9, '2013-03-25', 0),
(226, 8, '2013-03-25', 0),
(227, 5, '2013-03-25', 0),
(228, 12, '2013-03-25', 0),
(229, 4, '2013-03-25', 0),
(230, 11, '2013-03-25', 0),
(231, 7, '2013-03-25', 0),
(232, 2, '2013-03-25', 0),
(233, 1, '2013-03-25', 0),
(234, 10, '2013-03-25', 0),
(235, 14, '2013-03-25', 0),
(236, 6, '2013-03-25', 0),
(237, 3, '2013-04-01', 0),
(238, 9, '2013-04-01', 0),
(239, 8, '2013-04-01', 0),
(240, 5, '2013-04-01', 0),
(241, 12, '2013-04-01', 0),
(242, 4, '2013-04-01', 0),
(243, 11, '2013-04-01', 0),
(244, 7, '2013-04-01', 0),
(245, 2, '2013-04-01', 0),
(246, 1, '2013-04-01', 0),
(247, 10, '2013-04-01', 0),
(248, 14, '2013-04-01', 0),
(249, 6, '2013-04-01', 0),
(250, 7, '2013-04-17', 0),
(251, 2, '2013-04-17', 0),
(252, 1, '2013-04-17', 0),
(253, 10, '2013-04-17', 0),
(254, 14, '2013-04-17', 0),
(255, 6, '2013-04-17', 0),
(256, 3, '2013-04-17', 0),
(257, 9, '2013-04-17', 0),
(258, 8, '2013-04-17', 0),
(259, 5, '2013-04-17', 0),
(260, 12, '2013-04-17', 0),
(261, 4, '2013-04-17', 0),
(262, 11, '2013-04-17', 0),
(263, 3, '2014-01-26', 0),
(264, 9, '2014-01-26', 0),
(265, 8, '2014-01-26', 0),
(266, 5, '2014-01-26', 0),
(267, 12, '2014-01-26', 0),
(268, 4, '2014-01-26', 1000),
(269, 11, '2014-01-26', 0),
(270, 7, '2014-01-26', 0),
(271, 2, '2014-01-26', 0),
(272, 1, '2014-01-26', 0),
(273, 10, '2014-01-26', 0),
(274, 14, '2014-01-26', 0),
(275, 6, '2014-01-26', 0),
(276, 7, '2014-04-14', 0),
(277, 2, '2014-04-14', 0),
(278, 1, '2014-04-14', 0),
(279, 10, '2014-04-14', 0),
(280, 14, '2014-04-14', 0),
(281, 6, '2014-04-14', 0),
(282, 3, '2014-04-14', 0),
(283, 9, '2014-04-14', 0),
(284, 8, '2014-04-14', 0),
(285, 5, '2014-04-14', 0),
(286, 12, '2014-04-14', 0),
(287, 4, '2014-04-14', 0),
(288, 11, '2014-04-14', 0),
(289, 3, '2014-04-15', 0),
(290, 9, '2014-04-15', 0),
(291, 8, '2014-04-15', 0),
(292, 5, '2014-04-15', 0),
(293, 12, '2014-04-15', 0),
(294, 4, '2014-04-15', 0),
(295, 11, '2014-04-15', 0),
(296, 7, '2014-04-15', 0),
(297, 2, '2014-04-15', 0),
(298, 1, '2014-04-15', 0),
(299, 10, '2014-04-15', 0),
(300, 14, '2014-04-15', 0),
(301, 6, '2014-04-15', 0),
(302, 3, '2014-04-18', 0),
(303, 9, '2014-04-18', 0),
(304, 8, '2014-04-18', 0),
(305, 5, '2014-04-18', 0),
(306, 12, '2014-04-18', 0),
(307, 4, '2014-04-18', 0),
(308, 11, '2014-04-18', 0),
(309, 7, '2014-04-18', 0),
(310, 2, '2014-04-18', 0),
(311, 1, '2014-04-18', 0),
(312, 10, '2014-04-18', 0),
(313, 14, '2014-04-18', 0),
(314, 6, '2014-04-18', 0);

-- --------------------------------------------------------

--
-- Table structure for table `impresion`
--

CREATE TABLE IF NOT EXISTS `impresion` (
  `idimpresion` int(11) NOT NULL AUTO_INCREMENT,
  `idtipoimpresion` int(11) NOT NULL,
  `idusuario` int(11) NOT NULL,
  `idimpresora` int(11) DEFAULT NULL,
  `iddocumentoimprimible` int(11) NOT NULL,
  `idestadoimpresion` int(11) NOT NULL,
  `fecha` datetime DEFAULT NULL,
  `comentarios` varchar(256) DEFAULT NULL,
  `contenido` longtext,
  `hash` varchar(256) DEFAULT NULL,
  `firma` varchar(1024) DEFAULT NULL,
  PRIMARY KEY (`idimpresion`),
  KEY `fk_impresion_usuario1_idx` (`idusuario`),
  KEY `fk_impresion_impresora1_idx` (`idimpresora`),
  KEY `fk_impresion_documentoimprimible1_idx` (`iddocumentoimprimible`),
  KEY `fk_impresion_estadoimpresion1_idx` (`idestadoimpresion`),
  KEY `fk_impresion_tipoimpresion1_idx` (`idtipoimpresion`)
) ENGINE=InnoDB  DEFAULT CHARSET=latin1 AUTO_INCREMENT=91 ;

--
-- Dumping data for table `impresion`
--

INSERT INTO `impresion` (`idimpresion`, `idtipoimpresion`, `idusuario`, `idimpresora`, `iddocumentoimprimible`, `idestadoimpresion`, `fecha`, `comentarios`, `contenido`, `hash`, `firma`) VALUES
(90, 2, 1, NULL, 7, 1, '2013-03-20 07:22:11', '', 'JVBERi0xLjMKJbe+raoKMSAwIG9iago8PAovVHlwZSAvQ2F0YWxvZwovUGFnZXMgMiAwIFIKPj4KZW5kb2JqCjIgMCBvYmoKPDwKL1R5cGUgL1BhZ2VzCi9LaWRzIFsgNCAwIFIgXQovQ291bnQgMQo+PgplbmRvYmoKMyAwIG9iago8PAovUHJvZHVjZXIgKEhhcnUgRnJlZSBQREYgTGlicmFyeSAyLjIuMSkKPj4KZW5kb2JqCjQgMCBvYmoKPDwKL1R5cGUgL1BhZ2UKL01lZGlhQm94IFsgMCAwIDYxMiA3OTIgXQovQ29udGVudHMgNSAwIFIKL1Jlc291cmNlcyA8PAovUHJvY1NldCBbIC9QREYgL1RleHQgL0ltYWdlQiAvSW1hZ2VDIC9JbWFnZUkgXQovRm9udCA8PAovRjEgNyAwIFIKL0YyIDggMCBSCj4+Cj4+Ci9QYXJlbnQgMiAwIFIKPj4KZW5kb2JqCjUgMCBvYmoKPDwKL0xlbmd0aCA2IDAgUgovRmlsdGVyIFsgL0ZsYXRlRGVjb2RlIF0KPj4Kc3RyZWFtDQp4nJWWT3OiMBiH736KHDjszmiaAAl4ZJW63anSQbqzBy8ZpQ47alzUPeynXwjYEv69NNNDTR9/5HmT8ubhkSIXOyh6GxHsomg7eshmTFJMEEJoPvctGnGGHDP7sBt9Qffh3a4SPYu/YieRf0DhxrLpOck+vI+vKPo98iMVqj+mjKREj6wPf7cXKVqKW5psEynRTKbXjcXoBS1Eus1+Y6Lzu5Wnmw1JEzmYFTPsYz18Ou1fjz5W+AlHyCWk+JmQgd/TVsYxV0ub6Ctxnc+spDJmIk3jVCDTQf7lzy05CTRB1/gQv8mTRNxW4/OxfcVs31zu8GEKYXy5HeMTmiciTSSI928rx5ZdlvN9dfW5cn3MUuubydM2Pl9l2zMykpofaP4ndSTxEs/woko5pEotRXpI/uEfGfWzQplUy1rH6T6R2MPfsVeluJZVjuPxiI8VyiKsQUXyKg7xRT9e9XoMqVpZIdtU8Y/eLHoNvXmAuytUotpOGaReIZBSFdIpgxJ3zAmpVwjMUhUCs3JPq3iz2WRDbNZ54O6qFh2iClJKtUYZtjW27YYqmKVUwaxclRZvOD5Mlba8D5uqIKVUa5TB2ZjyhiqYpVTBrFyVuAp6Cf115C2DdY9niQKeIKU865RhjUnz9IJZyhPMyjzZtGgVQRRqji2ed7TfE6ZyzwEUH5KVe8JU7ukW/WTtPc8DFLz4oRc+Be2ebkvraXqClPKsUYZNWv5F4SzlCWblno5deD6tkL+KQn/hhV37WaKAJ0gpT5jiQ7KUJ0jlnrxoXqVjtqe/1K62efJ6N2z1BCnlqVMd3QXOUp79Wd13D8aKtlQ2bO0pdXc2pLPClHLXKcPi07HZPMtglnLvz+q6e3TUozgv+k1wjLKb61ns8yss7cstMiZZtfjQmP+KnnqvCmVuZHN0cmVhbQplbmRvYmoKNiAwIG9iago2ODIKZW5kb2JqCjcgMCBvYmoKPDwKL1R5cGUgL0ZvbnQKL0Jhc2VGb250IC9Db3VyaWVyLUJvbGQKL1N1YnR5cGUgL1R5cGUxCi9GaXJzdENoYXIgMzIKL0xhc3RDaGFyIDI1NQovV2lkdGhzIFsKNjAwIDYwMCA2MDAgNjAwIDYwMCA2MDAgNjAwIDYwMCA2MDAgNjAwIDYwMCA2MDAgNjAwIDYwMCA2MDAgNjAwIAo2MDAgNjAwIDYwMCA2MDAgNjAwIDYwMCA2MDAgNjAwIDYwMCA2MDAgNjAwIDYwMCA2MDAgNjAwIDYwMCA2MDAgCjYwMCA2MDAgNjAwIDYwMCA2MDAgNjAwIDYwMCA2MDAgNjAwIDYwMCA2MDAgNjAwIDYwMCA2MDAgNjAwIDYwMCAKNjAwIDYwMCA2MDAgNjAwIDYwMCA2MDAgNjAwIDYwMCA2MDAgNjAwIDYwMCA2MDAgNjAwIDYwMCA2MDAgNjAwIAo2MDAgNjAwIDYwMCA2MDAgNjAwIDYwMCA2MDAgNjAwIDYwMCA2MDAgNjAwIDYwMCA2MDAgNjAwIDYwMCA2MDAgCjYwMCA2MDAgNjAwIDYwMCA2MDAgNjAwIDYwMCA2MDAgNjAwIDYwMCA2MDAgNjAwIDYwMCA2MDAgNjAwIDYwMCAKNjAwIDYwMCA2MDAgNjAwIDYwMCA2MDAgNjAwIDYwMCA2MDAgNjAwIDYwMCA2MDAgNjAwIDYwMCA2MDAgNjAwIAo2MDAgNjAwIDYwMCA2MDAgNjAwIDYwMCA2MDAgNjAwIDYwMCA2MDAgNjAwIDYwMCA2MDAgNjAwIDYwMCA2MDAgCjYwMCA2MDAgNjAwIDYwMCA2MDAgNjAwIDYwMCA2MDAgNjAwIDYwMCA2MDAgNjAwIDYwMCA2MDAgNjAwIDYwMCAKNjAwIDYwMCA2MDAgNjAwIDYwMCA2MDAgNjAwIDYwMCA2MDAgNjAwIDYwMCA2MDAgNjAwIDYwMCA2MDAgNjAwIAo2MDAgNjAwIDYwMCA2MDAgNjAwIDYwMCA2MDAgNjAwIDYwMCA2MDAgNjAwIDYwMCA2MDAgNjAwIDYwMCA2MDAgCjYwMCA2MDAgNjAwIDYwMCA2MDAgNjAwIDYwMCA2MDAgNjAwIDYwMCA2MDAgNjAwIDYwMCA2MDAgNjAwIDYwMCAKNjAwIDYwMCA2MDAgNjAwIDYwMCA2MDAgNjAwIDYwMCA2MDAgNjAwIDYwMCA2MDAgNjAwIDYwMCA2MDAgNjAwIAo2MDAgNjAwIDYwMCA2MDAgNjAwIDYwMCA2MDAgNjAwIDYwMCA2MDAgNjAwIDYwMCA2MDAgNjAwIDYwMCA2MDAgCl0KL0VuY29kaW5nIDw8Ci9UeXBlIC9FbmNvZGluZwovQmFzZUVuY29kaW5nIC9XaW5BbnNpRW5jb2RpbmcKL0RpZmZlcmVuY2VzIFsxMjcgLy5ub3RkZWYgMTYwIC9zcGFjZSAxNzMgL2h5cGhlbiAxNzYgL2RlZ3JlZSBdCj4+Cj4+CmVuZG9iago4IDAgb2JqCjw8Ci9UeXBlIC9Gb250Ci9CYXNlRm9udCAvQ291cmllcgovU3VidHlwZSAvVHlwZTEKL0ZpcnN0Q2hhciAzMgovTGFzdENoYXIgMjU1Ci9XaWR0aHMgWwo2MDAgNjAwIDYwMCA2MDAgNjAwIDYwMCA2MDAgNjAwIDYwMCA2MDAgNjAwIDYwMCA2MDAgNjAwIDYwMCA2MDAgCjYwMCA2MDAgNjAwIDYwMCA2MDAgNjAwIDYwMCA2MDAgNjAwIDYwMCA2MDAgNjAwIDYwMCA2MDAgNjAwIDYwMCAKNjAwIDYwMCA2MDAgNjAwIDYwMCA2MDAgNjAwIDYwMCA2MDAgNjAwIDYwMCA2MDAgNjAwIDYwMCA2MDAgNjAwIAo2MDAgNjAwIDYwMCA2MDAgNjAwIDYwMCA2MDAgNjAwIDYwMCA2MDAgNjAwIDYwMCA2MDAgNjAwIDYwMCA2MDAgCjYwMCA2MDAgNjAwIDYwMCA2MDAgNjAwIDYwMCA2MDAgNjAwIDYwMCA2MDAgNjAwIDYwMCA2MDAgNjAwIDYwMCAKNjAwIDYwMCA2MDAgNjAwIDYwMCA2MDAgNjAwIDYwMCA2MDAgNjAwIDYwMCA2MDAgNjAwIDYwMCA2MDAgNjAwIAo2MDAgNjAwIDYwMCA2MDAgNjAwIDYwMCA2MDAgNjAwIDYwMCA2MDAgNjAwIDYwMCA2MDAgNjAwIDYwMCA2MDAgCjYwMCA2MDAgNjAwIDYwMCA2MDAgNjAwIDYwMCA2MDAgNjAwIDYwMCA2MDAgNjAwIDYwMCA2MDAgNjAwIDYwMCAKNjAwIDYwMCA2MDAgNjAwIDYwMCA2MDAgNjAwIDYwMCA2MDAgNjAwIDYwMCA2MDAgNjAwIDYwMCA2MDAgNjAwIAo2MDAgNjAwIDYwMCA2MDAgNjAwIDYwMCA2MDAgNjAwIDYwMCA2MDAgNjAwIDYwMCA2MDAgNjAwIDYwMCA2MDAgCjYwMCA2MDAgNjAwIDYwMCA2MDAgNjAwIDYwMCA2MDAgNjAwIDYwMCA2MDAgNjAwIDYwMCA2MDAgNjAwIDYwMCAKNjAwIDYwMCA2MDAgNjAwIDYwMCA2MDAgNjAwIDYwMCA2MDAgNjAwIDYwMCA2MDAgNjAwIDYwMCA2MDAgNjAwIAo2MDAgNjAwIDYwMCA2MDAgNjAwIDYwMCA2MDAgNjAwIDYwMCA2MDAgNjAwIDYwMCA2MDAgNjAwIDYwMCA2MDAgCjYwMCA2MDAgNjAwIDYwMCA2MDAgNjAwIDYwMCA2MDAgNjAwIDYwMCA2MDAgNjAwIDYwMCA2MDAgNjAwIDYwMCAKXQovRW5jb2RpbmcgPDwKL1R5cGUgL0VuY29kaW5nCi9CYXNlRW5jb2RpbmcgL1dpbkFuc2lFbmNvZGluZwovRGlmZmVyZW5jZXMgWzEyNyAvLm5vdGRlZiAxNjAgL3NwYWNlIDE3MyAvaHlwaGVuIDE3NiAvZGVncmVlIF0KPj4KPj4KZW5kb2JqCnhyZWYKMCA5CjAwMDAwMDAwMDAgNjU1MzUgZg0KMDAwMDAwMDAxNSAwMDAwMCBuDQowMDAwMDAwMDY0IDAwMDAwIG4NCjAwMDAwMDAxMjMgMDAwMDAgbg0KMDAwMDAwMDE4NCAwMDAwMCBuDQowMDAwMDAwMzcwIDAwMDAwIG4NCjAwMDAwMDExMzEgMDAwMDAgbg0KMDAwMDAwMTE1MCAwMDAwMCBuDQowMDAwMDAyMzAwIDAwMDAwIG4NCnRyYWlsZXIKPDwKL1Jvb3QgMSAwIFIKL0luZm8gMyAwIFIKL1NpemUgOQo+PgpzdGFydHhyZWYKMzQ0NQolJUVPRgo=', 'd2fc0b791fba62eebaf4dc884503177b057838b8e257d6b87c4bf6db222a21d1', 'FrcwmMTiOH44EmCXZrFg/UVjB96pWPk1tDv06Dx9XWKbZeeuMJczDGA3qafrF8/DL5Xm4VDZbqmlNhOsA4OedD7HcpQAJcPggxqy8raCYQCyeKV/CQVIWNF6p/1kyEnEWvTlwTbbatAx43d6Cg+muEPBcugcY598GDaYnfUdbWq7JXn1oAbxWAGe1UmMrWBlVcfn7SzZRLs7VpDr1kQi6B4vaQ+k6SFRY7LlnLSNfnYGQb2ZqrtiLoq9+k+UhgJiXiJ2FFzEaw+P3dfMPyzW7sfSbLbhHOeXrOZrvv4thFeoSbKNpykLdLYFR1mKyKBzW8VlB9F3awErM+7LTFIvUg==');

-- --------------------------------------------------------

--
-- Table structure for table `impresora`
--

CREATE TABLE IF NOT EXISTS `impresora` (
  `idimpresora` int(11) NOT NULL AUTO_INCREMENT,
  `idusuario` int(11) NOT NULL,
  `idlenguajeimpresion` int(11) NOT NULL,
  `idtipoimpresora` int(11) NOT NULL,
  `nombre` varchar(256) DEFAULT NULL,
  `descripcion` varchar(256) DEFAULT NULL,
  `offsetx` float DEFAULT '0',
  `offsety` float DEFAULT '0',
  `hash` varchar(256) DEFAULT NULL,
  `firma` varchar(1024) DEFAULT NULL,
  PRIMARY KEY (`idimpresora`),
  KEY `fk_impresora_usuario1_idx` (`idusuario`),
  KEY `fk_impresora_lenguajeimpresion1_idx` (`idlenguajeimpresion`),
  KEY `fk_impresora_tipoimpresora1_idx` (`idtipoimpresora`)
) ENGINE=InnoDB  DEFAULT CHARSET=latin1 AUTO_INCREMENT=21 ;

--
-- Dumping data for table `impresora`
--

INSERT INTO `impresora` (`idimpresora`, `idusuario`, `idlenguajeimpresion`, `idtipoimpresora`, `nombre`, `descripcion`, `offsetx`, `offsety`, `hash`, `firma`) VALUES
(10, 1, 1, 2, 'Microsoft XPS Document Writer', '', 0, 0, '4840b375313d74cb11c29eca9ff4a1b2d1006865e0a68c53462074c9c056c410', 'jzxh21p25FzvCFN0YNm+df3xtnSYEHoC84vI7x7k/kAbwGefdNZc3CppCTnJpMZjArXT+sKv5aGe3ToNHM14D/jqpORUWnU4dXVDdpIlneV3MiwzSKS2TOo/Mv1m109laA1u24Wr6yEPlLt75GroSz67acwTEKmHEH5jx8jCj+0Lp8Ed+09gtAGejZmgpuJ8DRMMqrSta+FbsmV9glL1etuPuclmhh1azkHKIwAWDhFi0nXL32AthaPmPNBSCxIwWbEPF28CYC614fMmpwWRh8Fog4FOXL9otHssYyaDJXzJEYHwD/bRL9b2s+Hf+X02MRn4VfrEPzrReMU2qNmZZw=='),
(11, 1, 1, 3, '\\\\SERVIDORFIRMAS\\GenericLX', '', 0, 0, '11ad8530dcfb25d504175a6d55bfbe76999bf195b810bba72955caa8749d34bb', 'tBAKpsxFu5fxsDDQuXC9J7c8kXok+L0hwNtXTJsXzucjfIXtA1IhJ6LeR7UZZOEVnpiBnAG+2/vepwiiIfIt9GVkdPoZGshz7h9NmnMYAsEQJim6LzEV01LTRqMRy9Hd50tQVLAkOvxUK3lwlq5tC3amjRwo3wdpOucU6TWfKxftioVG7Net2/3JYRNeBUVx83yW5I5uuyER9626kAWaYlPtJzd9YKtQD7jmzzNqAEO4HgXsZ+DPmxVkmcd7vTkbZwGjYfDGdW28E/SO0PTZjb1Xv0siFDDDa28An1SRuk1UwavTzpRZgZWx6NOU3QMx+U/K42o3wvDj1zOsNdKdUg=='),
(20, 1, 1, 1, '\\\\FAMILIAH\\HP Officejet 4500 G510a-f', '', 0, 0, 'cb88064d4a1d121066bc0a6e91c02ea134689ecbce504ebe1a5c9641da31ea0c', 'oQruihl85uHU348oVljP/OHX1yoEebbf/BQ2ATCgud0Z7IKGVT//Zr8y5XslT4e8dVIkXr9kbXifpkTT56xxYlchdEoCKoHyNqysV4/Gcyjj9deBbupvkeiIVrh7EOhghpvTPCTQrfiwW24LGOtSXmCMvMCt6LtgC9mbxLpP69qq9P0SbLnsbNZefs00KsF5+IYjtc60qdkxDmoiJLy/Z18dEllZkP7R9hhlmi6JYrTlFydpGPb+5DldxF1dmtHzZCvFTLhFiq5yiYbVaK+MnmhkxiEnz+BbnfbjNICfw4XLCwIfq9KmLY6jE2kx0LzdBPQPT05v5sYE8vf96AnQFg==');

-- --------------------------------------------------------

--
-- Table structure for table `lenguajeimpresion`
--

CREATE TABLE IF NOT EXISTS `lenguajeimpresion` (
  `idlenguajeimpresion` int(11) NOT NULL AUTO_INCREMENT,
  `nombre` varchar(256) DEFAULT NULL,
  `hash` varchar(256) DEFAULT NULL,
  `firma` varchar(1024) DEFAULT NULL,
  PRIMARY KEY (`idlenguajeimpresion`)
) ENGINE=InnoDB  DEFAULT CHARSET=latin1 AUTO_INCREMENT=4 ;

--
-- Dumping data for table `lenguajeimpresion`
--

INSERT INTO `lenguajeimpresion` (`idlenguajeimpresion`, `nombre`, `hash`, `firma`) VALUES
(1, 'IBP/P 1.0', '434d23e737d61b800bf60a2eb77b5a8faebbbeed4eb06ee385e2fce735833337', 'LU9GnQBsilHfWdkHQ067tkws3NZbxpR+OBmQRSOKUiY5urr/r9KJ+klHDvriyUZ+MBNiL+fnQSLbW1XLnvj6KWAKDUWQ64rHvcgE7fh60oTHFncY588iTy0m1NQx35dw0TZcqbgnjBSAiv42raF0xFKB1xy5T0bxHJcA1qSNsG0N1en3QoKtUNIHtqzoptTxT5Vmib0azkcsFHPzNqRJA8aEz32fpC95vlsvwjp4p6DdSQ2KU/lEeJuTGttwUFR093XfAk+hJc97oRyHNJrvzx24QkfVin/83LmhZ/uUTLioGiv9I8lD/dhuBp/aYqqUc8CwzdVzcMJOhsAh/r/EWA=='),
(2, 'PCL 5 CR=CR+FF', 'dfd2a05ad82a167f93851b9c9a59c6d6ae1d92a2c3a798f340d0cc481b9bf373', 's3c3JV0z6PEMAwJ+UB7Q6ETI3fjkazvcr8rkI0b0vA+fdwbbd+9I0zenND69vSmgvFEFwKptRg3hKZOEFvrR1Dacj/yZ3hszun3luMyFRkS1Of1YmwQ7xut8PeX3qy/+hC2S711ltM32BYT7cKfDNe8lK06HW9IMvBmapDMV+7iAGu3qlbWFw/lJpImSagk7STiPJaqeMZsXFdEAevcP6V7ROTBre0Prawqu/QLWtPCeY3WB2miW05da8TJNjvITPB/m4+TQS3Bqeg7LUY5JEBLEktluNfM1RdhOBeTfPK9pZ6MohQy5hjLwwkKguD81NXIpLiLO7puNI3701meInA=='),
(3, 'PCL 5 CR=CR FF=FF', '6c80290781a3fac193c4a66341ab4f6a2083b9c3efc6ec61f66133f696d55d14', 'aibUieocDzPvKnzJihagpb9uT25s2WOvAo2sgSmjkl+Hn/VgsjuhrD2gwphyLrdPXhFCJ/4Mq0P07CxAwx2+58rYW3hROqgG78fgINUrSjaNWwck3SQ+MuLjw/X8AoPi0cSpSg0viN45kn5p1espfh/h/GrsHMrpXXxnv805rk/saoaVd3pA3LFZKjDVFaCWaR4SXWezrU5rXhj2KjLEj80PuwNwvfH63Tc4BfRAONzxxSW1xhLv7WnEaumLtUu83OoB+Y/6TcFdurHEOjITZDcCJSX/yqe02kK4G1se8XtypUoqmsAx89vOL+GrR4Be+9rlYrBD5uvjW01jy+7PdA==');

-- --------------------------------------------------------

--
-- Table structure for table `modificacion`
--

CREATE TABLE IF NOT EXISTS `modificacion` (
  `idmodificacion` int(11) NOT NULL AUTO_INCREMENT,
  `idauditoria` int(11) NOT NULL,
  `idaccionauditable` int(11) NOT NULL,
  `idclase` int(11) NOT NULL,
  `descripcion` text NOT NULL,
  `fecha` datetime NOT NULL,
  `hash` varchar(256) DEFAULT NULL,
  `firma` varchar(1024) DEFAULT NULL,
  PRIMARY KEY (`idmodificacion`),
  KEY `fk_modificacion_auditoria1_idx` (`idauditoria`),
  KEY `fk_modificacion_clase1_idx` (`idclase`),
  KEY `fk_modificacion_accionauditable1_idx` (`idaccionauditable`)
) ENGINE=InnoDB  DEFAULT CHARSET=latin1 AUTO_INCREMENT=32 ;

--
-- Dumping data for table `modificacion`
--

INSERT INTO `modificacion` (`idmodificacion`, `idauditoria`, `idaccionauditable`, `idclase`, `descripcion`, `fecha`, `hash`, `firma`) VALUES
(1, 1782, 1, 6, '|id=17: |idUsuario: 0>>10|idPerfil: 0>>28', '2013-11-15 19:35:42', '2727f8022daf17f7b4fb306e7c70378e774bd2baa1894ca137d488a0ac606aba', 'nA3qZrJHrWit6VpBeWppZ3c12GjleerBr0i3v0xEUh17BfIugfbhwLrCS5TRQ0G00ujgGrJaUWugM/Fipb2U0zcsqunXTOsWCn9JV5oqD1iz39khukt1sV+u1acIwjHThOiHuz6XhZvv5Hw/EFVERV1O7ihqwfcCrkdT55QZz9n6SFzGWP1W6pz3tfajlDzs6sIA7SnQNo0jB0A0doRnJ28/Tr+RX7bzAnTjmu3Sc6USe7Y/RsWkqoc2TxFpdxbP/xf7vmdwvWtdqIlbD8Stev05TZTVMaOf1Tgm9fbAbUXr7jb0vm/9bKGp56/+GvpUTDcYPBOdm7I1xipqP5kJ1A=='),
(2, 1783, 1, 6, '|id=18: |idUsuario: 0>>10|idPerfil: 0>>27', '2013-11-15 19:35:52', 'e2b901dc33d39a3e9d8bac5f7c6102087417eb5374a367783063771ff2f0bb5f', 'eyzw2V3S2rzkQkmX4x1xx4Mnw1IX8C4nJGamk3FABWzdrW+ZR2G3ZxCPebrw5ldcdv5AC3y8mMe8CyNgUXXLPM23h8/Of+TMS8nPq254dYwVWP9WLZMO9vutiD5FTL+qQyAUSlB7AzFH36EALpJn+6nCjx1gYHUaguDwFl2a4CsvnLNscYsmO5GlEqNlVU4L+ip32OIpuH4/hbKbLm1xiXByHBQ0cjK+amRVHCBVr/R6oGPeeUWGRTXVlKMIQAseatfNb5W5icMhXwvWswbwL92+cie9YebU/ldAd+Kvxjqnld+mJJhJTvQ0rxW7pV1eSj+S5+v6paQgEJb2T4+NLw=='),
(3, 1784, 1, 6, '|id=19: |idUsuario: 0>>10|idPerfil: 0>>1', '2013-11-15 19:35:57', '903392036d0d3ceda20895e48afcb8db89beaea2c05248ade97f1070e3121452', 'PirAXqPNqyLDxQCJad01XeusMHr+u4C7X3bE7dpDnU6Hbr8CAvEAneETc+w7si3mGUk2S8Wu/7kBBrvkwTQjEs9kjlExGq516LJD0cw5QUO8pvI3CIROgMZtO6qPspGYi3YiNB1ZrNdgW7k2rj5xEQLCK2nNpACp90RiJRPCJUn5HzpRFxUh9Ra9SXTHGRC/e/ufVDhpIZbCWiraq1NmtcXA0a2KXAwYamlEZ6MGDgxc5L4SmCa8lJ7BmzFU+TMzjmf1NqZTgVVqu+wvinRpK7tzqFJsyKg+vLZqgzEZUdSyNpMC9DVHzFCoEZJ6boKbD0n6+v4pTwmsWlrNZfr5tw=='),
(4, 1786, 1, 4, '|id=32: |identificacion: ''''>>915666737|nombres: ''''>>''julian|pinto''', '2013-11-20 07:28:17', 'ee7673967c45eaa0903e8f6b4c185c093c5922e9cb72e7bdbdb0bc2e63fc3845', 'Gr5H/JFPePLRAcP0QcmNFPZx6SdE6qL4i2GlN1sGx8EJWn3t2zzRGXDo0CyAtgi1Sr+hhb4b834cYfyfeSWhe55ekzr+s/SbEuexEKQTzGkwVHois508mPVUb7JiGw3HLIdQwLb8644Diizn6q0Emwx/ZW6Ri6pcodGE+0WqU5HG0hA8PrzhM6/WLHzvTmQWswf83UEDo2aOHxW4etX20SSxx67azqG6YQeF31q71oFoo99An2Mf1WXCsaPxWyxaG+NSNiVZKMq76SV5lOnAUzZ4lPkm0w3jgH/dMTARim93qlPMcE84SH8U6Oojy7v6aHLWXV10qMGZClFHGg8b6w=='),
(5, 1793, 1, 33, '|id=105: |matricula: ''''>>''23923892398''', '2014-01-26 20:21:57', '17be802a27a447d5d30872c4959205378fe4cced80910bcabb4e4497adbd6cb1', 'o7vA6W/dEy8tsIV5CW650COyl9WloZnnfaVOgXxnvqb27i5EAU7/4YcDH3/c5zVO952RL+JceM/l+26dwDI2Q6cZX3AK2F/QKTEJX/Bt6xgjthuVNRPBmWBc2w/ok6H7abPXMCTbTDDxZeOhyqqS/QgKGUFGB6CqvHHiodFZ1XfA2gq/dN63NaF8NZLhKouUrznmqgcJSmSJbWlJzRIpOHbg2OKz3hi/iRSXicIEVcs/m7GHT+3Y3XuSoSUTmj4RbeAEVhRuZBXkKPQyN97vKF/T1nUiKlgarWiVo8Cd0SRSMH9wDddC+WSulHuMX7zFkXkph3wn3xLWIE+i617JHg=='),
(6, 1793, 1, 95, '|id=141: |fechaRegistro: ''''>>''2014-01-26 08:21:57''', '2014-01-26 20:21:57', '41858e567c3dcf45ae6156a0406125c87fd51a9c4094e9d65373c902cce87084', 'Dvi47axsnzUq4RTwaqUGaMNbMkSgQcSzdegHZNo+oS90xfsDKytw+OS7gdWDh8A1O6Tj91gzVXFDYmnVd4XqfkLP3H8Ukvax7tSrZ/6oUoOZPWm6XkWZNTKE9o9/yHzBDcRrugkt0Ra6WD2nut4OuETnKifBfCLd1eDtRm9RafiqKGlTtP9CQs+tCmVZsY3C98M7M8XWtAtRVsLtlWddoEEqjdw0/0IN6AKQ15IvNggEw655OwSU41WF2mz07ocjwIL3GNDcV3iMFJelQFMUIHlwaNNiDUzWBRtX5btpe7D2rDhQqcQFB0dNQWMGVvWettlcNx0/KPt1H/WrswWbbw=='),
(7, 1794, 1, 94, '|id=270: ', '2014-01-26 20:22:00', '14ebf77fe855c43f8766f7c4c487bfbdc7b9658b35f144e9059897237fc8222d', 'ucjJGWp3k2VWzYzZZetMb2hSJidd9oMuDVqjP7Q52Wzgt3MwbqkxJGv2NBChtpxASdXyOGPQcHkPC/xvSkD5VFU9j6wUdgWRFf8IMZ/nbYZMuu/bPwYndwxeohMJDwC6/AE29Xrw306h8OEA5JkZr2Ew1KUeLex+N2YVbupBQLMpaPNw510jkQrqRRpPaMhvZatktabw9qKkr/SjOA3X0luppJi6p1H1lwZ8NH44UFjGHp7WIMGWyRqE6TYYl/42eLeBFhA6KK8DyEwDQn8Bho5P/70NkMXW/hpWXkfZu2sBiMLd/O6yODPwfdUnOCggKxMDorZbr57MqFL6MKwF5g=='),
(8, 1797, 1, 33, '|id=106: |matricula: ''''>>''gtre908''', '2014-04-14 21:13:47', 'a6ff61cd9dd461e18a9634f7970ed663656d3bade3b410023462f2166e70b21b', 'jas0s4PwT73SO6Nw0Ii/rKSeOpoLbh/CMy/2iHro3Klkg1eNqvEDJAnhBTLtgFeqjho/LU9bvxW6arAL3NylHWnPqtGNqPf+GsUukKvO2+zfUUUjXAa3S+WoqJkKg1Rx3VfILN6YZiPpXZLr+iPXziXMgEddg5vz6NDOJoht8BPZINsZiJNYNwXF5GPAby0DsT4yh+/jboUuRiHRLAt3Qr/hLbwPv0vVTqsrl2BNerSwvvgswu5afH6PL+Lo22CQ7joC3AO92dpyPpKOya5H0pE7MfZj1Ft8mU1KWbZ8SHBb3ZRuurSlQ7IHfS1arxZnh8h7ykRxvaGNZF5+uvuvQQ=='),
(9, 1797, 1, 95, '|id=142: |fechaRegistro: ''''>>''2014-04-14 09:13:47''', '2014-04-14 21:13:47', '5eb3a1fae95e6b7ef7c6396fe0cc787ec379be7738a9b6d3c6b5ea994fd0dcbe', 'TMOQsHENuuy34h+7vjEyVFdCAOrflxnFufkY7EUBZo+UQoFUHATuJi/HcCPGhhH0nr6xF6JwyjTaBZQIaLe/qPKSpKNu2xZEyKRvBSjwE/OXEi74C3xXqb3uZDmEN1C6CcMkXUUE8Dkg9++ce9H0L3FxD3C5w3nQ69O8a2js0K+hM5VLFl3K3VwqZmlVJvGa9lCuf8SgTKwjZ4xFD1CT0qJDrrodU/MVkp3UVfas81NKfqw5aTG5qdPsYLBSYiwXTm8HYc6FSojI7Zwx41qBuV9WCZ2DH+lZ1BVxpyqy3jxlZQW75u0/gHGaZD1cnUCWciEsw6kaRSfJ7OcY/ik2vQ=='),
(10, 1798, 1, 94, '|id=271: ', '2014-04-14 21:13:47', '2d64f2d1265d3f42f322e5bd763ad22272f5590dacccca6d908a79c8e88d48a3', 'gMs21NBZR14oQwyh6pDoEjffSpm+Mc0eEPM00ZjfdvdBUHQJ+fj/ld8ASgem9YTqoe2Sf2yXGQhrxr3EXj7r4qh2qn/NNXj0uiDGy3fzZgWA2AVuTAF1xcuHTmaGnS3AdKqzoVjgqw9aN3rALGeZHG4n3BUjzPGTj+haxaiaXXhwcMpVX5tZRvYOV9dQBWH7FlIGKzNospQel0rm5Q6Pb3qZHUAJ0Fla3nCOY6iTHcslorXdYOC1DgAWjHL6TR0D3dMSdLhlPHwjn/ggBJWxXkZc+jkpAOgcfhP+cuhKaqVqIoR113Ec8vi9u1b04p1NC/k3SmyS914qKWRZmIxSOQ=='),
(11, 1801, 1, 33, '|id=107: |matricula: ''''>>''uds123''', '2014-04-15 21:07:43', '3e69ab46c5856de991f45ba650345af407ecb6c71b96f2ba97b248175c409f73', 'ruEt4hEAk8Mg5CTPHb5VJI5z0SiN9nLcVuytOI5yGqj8LUUIlc2naSzjxt304UieDh0FL+d8H/Q3tI88SHR14RJcRKUWocwSHiBfX+xOQ9jGQfPmcrwvukqBp9//qauzwFzjh4MQxy6PxnhWmI3WygsyUS61ubuDc7XAmgUd/0yW+Bn3K6lwZrz1hejIA5pxjvRcWY7E29xVdA9g06o6h19Clh++xiMv+zn2yUUeibVOU1QGlZelz+hwvlyoAZ3u1JQ7DyDi25+XL4bbrLLMtCtt1pibrO9H3iwcRnphYpxR1oM5xDlVu5fhDJwwbfLRAw3PgKPR+AEYE9ZFvfxZKg=='),
(12, 1801, 1, 95, '|id=143: |fechaRegistro: ''''>>''2014-04-15 09:07:43''', '2014-04-15 21:07:43', '162ee1170fb24816123f73fb9619b78faf236ee3533a33d37199b995e54a05db', 'YeyzMWbEqLQ4Fe0rsBnRhC8MrrDFjPZ/7gHvo0D6xLhrbi756ZYihkDPdb+AXAwbaUbKVZRgDzxoJpl/kbS8VRr/HxJkG0QhcXrh/HitTT4l5d4Xc3jHp+uXxoe6qexlLV9hDfwxZTUW52tDFFh46zEW01KuKstHx/MVmZzLlh+fYWWszo8F7Pid2IYGoTIq3M67aKZ2okrVyKUFPAq2LPBNHLoGR4r4BLG8tr1xXKoyV0jjIFmr4nxJxfzTH0VQA8SrO2YRdcSNGraa1FFHtrQApCHmIVpdTlmRODMvlHRJZxCiKYRCpXsf0IlV/xIBNIVxx7ogZxvy3/R8WcNnvQ=='),
(13, 1802, 1, 94, '|id=272: ', '2014-04-15 21:07:44', '165445e9956c9173a1aca96f2f5c0f57188dd2127b2623367123ac5c1870ee22', 'S137UmSuTuhb3XzR/+Pirbe/IGiIz8nTFNl7Uuoklu4Lc7kM75mjxk97ujPVStOZQF9dbs5hwLqR6J4uCD6ZUM7lApNr716HyRDcpREmZEI/G0jfPoU8mUAm1HZwidKwXd3KuggkTSiNWJfI4irZabjewPEOvQS8wYVc+AewgT8bqSqJ1CQhaSpHcjxRolJyJ8Ys96RdE+jZUsE35ZVHp33yIN1htIZNvGb3tK+fhOkl7tG9slGDDrzok928D3Djrvte4sqeK23K09SkWpsbIKJPeMhjQ23+p4WEH0cJy5HRlT/1Y5mDwH//mycKfcDVCfet6RbmTRll+HXVSVt1jg=='),
(14, 1802, 1, 94, '|id=273: ', '2014-04-15 21:07:44', 'a3b0a70628ec135974cfe95dd3f86f23b5006327edcf533bd5f8630474d63194', 'WH9tbUpAxLwI/rmVYwnLzLEQXJPDAmKM8jt52O24XFQkjEhr+ns/CQdKROI8rLQg647NYYjf4m38mSkOsT8JzvDUV/pg3cPuAy2P5AMeY4UBWr7cWZdCFg2x56eooFOZ8vYgdb24eytdLjJ53r3/BwMcFKt1fxO8/eEzXSOOed6fHQHFfgx6Xsu1ztgseRq7QZqsCNyV/Q+o/AZD6rijsUsgK7p1v/Df+IPXvhgAQeZGDdrzFkzBuEgXbK+9/5wlT+AFO/9wYdebTFqOpULCiCwqPyzfNn9f5bDs9jkb8o/8d/ebv9Wxm9/+waS45CjFK+N4bhKxySGClcgwv4p1iw=='),
(15, 1803, 1, 4, '|id=33: |identificacion: ''''>>123456|nombres: ''''>>''juan|''', '2014-04-15 21:09:06', 'e304f870357064b3b95661c310d66c023bd26b307f98601a8417505e54909949', 'Hs7CmJwL/KyLheBpk5dDwYRsU9CsC6beoWsbS4q6mMKS8eRdEKioDv9AlLpeoiDulsLgLuM0CewYSFeudLz43wCP+jLKnw2H6rI1PH6QsnJEqbRO7ngSwUJC7hKg6JgLQHDJ1mgXXBPYOl32zdAmf0zGCe9MMMEHzyR5lanc3vV+vPES9ZXKun1V8yHXEIr8nIAaJKMnNCgyPTQ7duEOv71/zjIOashTjlCa/htCuCxodURQ91KvqtuI3DowmXPVf/QSI8PBpabT8B7jzJQQa2+c/vmeYrPcuKBWhcE8AHDwm97AqJB1TVXjHcUddtw/DWdRJrHhtV84yRbZ30buLA=='),
(16, 1803, 2, 95, '|id=143: |idEstadoServicio: 1>>2|idPersona: 0>>33|fechaEntrega: 0>>''2014-04-19 09:09:00''|idEmpleado: 0>>3', '2014-04-15 21:09:06', '35dfceed87e810284e5e91154653ff6616686c58d7e1ffc5bc84ecadde9eff07', 'k7oBm0Jy0GjKdyT280swO3eZ2yFUFweWFL6M8ydUmGTikBTPtvBmL/SxR/7covD+7CKCFyXjpOzcEeK9+7qML7dnVjYi0BlUEBs0lSGFFyNczxjY7iGRHJrBSeXOhIx2OIkpqeoLysW2OjSadjgn/TdWw+Fg6mSSke0rsT/F/2v/yaF+ML13PtEli9mFmL47LgL41WTgsejVUsU79j1zzTYDRP0y12cj+zSotuXiuYTbCUZihdUattD1Cv1nDQ9mVzDkcHyPPV71az2wCbYqujXZYhx7SQ81hwD/LsybUKb6m2AL+QpZeSc88vXp4d5nQEOHZhvNc5I7joJuoxnDYw=='),
(17, 1805, 1, 33, '|id=108: |matricula: ''''>>''123456''', '2014-04-18 10:08:07', '99c301083f56b7a59c3822b62d21bdd5814ff4788ff0c42830f2775d498e7fc5', 'ojdekZaTgy9QYGSyDikZUuaXDccB4s3vCV9eo44/ykGsW78Hu4lgwMEbOO4/vQ74TggJLbAwnTIXAjHqg7aNYPxzLl23tNblPuTbGcJxaq0bp40DyTos9fAuwdled6QZsyk5IxasOsGI/F6HRmCEIuA/SXCFP9uBY+JmuCJHpL5+6sy2Fyqtr3EOGXKvjjJ/2bUVA1sSAQVQTzajzsaTL3FBNwioAF9ONMsCtd0p+Y9M9FaqEc8pJnf+zfPL0ZIFwO1f+13zZs9txkqq6zwJ0g+s8d6V69g5ER/a8oFZcSwRJ4rYvAtvqgeTqXaex9YlJxNzrBb4sWrA4unFNWIDoQ=='),
(18, 1805, 1, 95, '|id=144: |fechaRegistro: ''''>>''2014-04-18 10:08:07''', '2014-04-18 10:08:07', '2a1368d481b07b7900984bfe057c191760fc2526337f5fc10976ada8fbf2c1f3', 'j/jh3+4uG/9UN5i3nsxjNA/TcYUeJQ7ut0qCcuJbetKBF8wj7XdUdLEjAC2zv7PAvgJd12GEseMibBYKUFqNBZI0lHhL0kJvB0z3KRCntllarLzIF4PR1KwbJFE0Wo7wz/EjRi5IOdZnEJWnvYWVCzCZsal8Ubfl2uYcCb3cDyHvgGSTMUEgaPQ8fQeA2ZiAXAXnaDGAB4HwO6MBLheOaAa2oaWEz6duuv/0OiKojeA74Hg+fJShqBjX2o0hcfEFY4dPl1F7EiAj1hRmGG40wrKjq6Xz9EyyKO/JO83rze6TYXoPM1fS7b/FNW/A65RIGbqlRD3Jb5QJIEvPEcmuQQ=='),
(19, 1806, 1, 94, '|id=274: ', '2014-04-18 10:08:07', '7ae9cc232ee1bce64b3683e58cf697770908004164a7c193500785fbfb3e21b5', 'TkbmAGDh93IUQeg2hXegL3KzJKVW+pbT5bSuP3HnK2e7NBZT732o9S5xvjq2+LedxJx5Ttz9nqe7+AO9SmOrgxju4/dhGz1aqj9IFtt5erZXwpiJANqThcsD7aY/pQHPnOvl51sqnyYEupUlq4nNQ/dLj41sAH9IzFps8/q/Lae7FwQp34ixm9IaWLSDhsHLdSs/pZcfYQRJ2Ru6PPxFO/XQZvZQjLbFtzXpuaPObDzQz3f3xSaM3YyPoGIueRy/uHWX37C3XCi/dT56gmiB7giqePSXz0XjXlZm03u0UBCBkUdXOXph5fvmxe5Qq8lTDpm7oP+5YvpwmmrI7EbwGA=='),
(20, 1807, 1, 4, '|id=34: |identificacion: ''''>>123|nombres: ''''>>''anderson|''', '2014-04-18 10:09:34', 'd5874fc5404534635a949907befde662507357f3bd39899ab7f6f5e5cded80f7', 'fHd1+gApLRNAXs0SRAofaTFQYmY/WmlhzpjO53zcncnnMLzL6bHmOG/Fp7hi7XN+/hRmBftdkd1aNTzoEEqIpsr0TCWe7LcmPHwxadmDxUeD1d7QFNCWg//h6LYDr1fK+7ebYorgtqttReu1FPEOTfYjmGW2glQs4duPOzuG2T2LjehqVuQphdURh17uNbamvY6jiEc0v8ViRLByIQK87VYMuDats5piVF96TgWQBCxkVII+8fMyvb6LzGAWbv7JjufTQjz1otMPD/foII8vKg1QIWPebjT0hLyInnd87ZSyq7/VJuvBXxQ//q3wQbBWN6/jV6wruMCGUmqwp2za9g=='),
(21, 1807, 2, 95, '|id=144: |idEstadoServicio: 1>>2|idPersona: 0>>34|fechaEntrega: 0>>''2014-04-18 10:09:00''|idEmpleado: 0>>3', '2014-04-18 10:09:34', '970351b1c2a5b1cc9526f4968ddf55a76833d41d3acb3b041a80d625f55707e5', 'oo6Vb6dWgl1T5DjA6IiAKwTvKueRdgn/Wqf7XbUgi5xrUYXc1yDsrV0LXb+kOx/DHUYrJHevXlYce8T60/r60sHQyvVAjLdD5s9xPXWo15CbW5ebiUPnYAMASZt8fsvCT6WnQXK5b3VM2Qbq0plgrPOIyvnD/DLZxv/z2xoh3iNKrOi0PUAIVB2A4zCUM56ExG8jXyprI9tmhSSiAPrpp2qnWdXQQi1DmSXRpEGC9lw3LsWtFi6O/dhPAdoZOWnpxhSCRQtvHPvS4cifxJrWRq+OYpXnzvHXKVPYJGDjoroAQattIQyvfB9J2G+DzkLY7WhIYWRuMRgWFcjeazpzVw=='),
(22, 1808, 2, 95, '|id=144: |fechaEntrega: 2014>>''2014-04-18 10:09:00''', '2014-04-18 10:09:38', '28ae955e6f5cc1e345eb3a19601a720f4dcdd8961fcde630413b1f7c7c598458', 'HGFaui+paCd8hgvTNggVMnVEitonf8ItmRKmPEdx3Fvj5tLIX7uvZK/T1omyD/JmSPxy84YVICMSfLrdT6jOmZQDzLqd/6O+xam5AUb28H2pP21MTKT5JHpex2TZP60F46D6/9spQidqXNX/52da7qx/yz2t6KxgVEPtPl+2sR1H0sbDQsbscggPApauZ+xjz+DxDyXjWhlhumAok8sqXfykJqO/SRFrfty5d/xz+PiuWyUQpS8MDnswYPN5q6sk9ZCjcdWxM/fSvEGkBw4QT9tyKWoqcI7oTH/zX3m4/RsPzEj7qt58HjXpSnblxwTysTFV+FOGyYZow6a0ITna6A=='),
(23, 1811, 1, 33, '|id=109: |matricula: ''''>>''090909''', '2014-08-22 19:16:19', '1878c7a7bfe5408474be226f0e89ba0387c6f31e4a292a3a29bb71a1bbed6151', 'OQHSSsvvWzEJxacWq5ad99Xrudfd4TbJNY+5SUoJMW1/n/SwzJg3j+WPd/fG+nnz3gGWPA531m2Ii5wR0KedTZlFtivy9jZaNfVhzWicjaV6p65CDYjUhN7HLkZZkR4h8kbLA2ilZqb5NkeMIC4Kt9OBsQLSQvjYVxT9n9ChaThJDZqI3Mk/aW3jkGQ+L38n928JDn204U1X7suMI2pDn1PFNZtusitFv5iWTpONNzUKxxcDcl/pWpo/AVbRqP5yXZy2mh9CgfN8z0SXRo1Xtsv6AAtRsLKqLKvMjjT135Nj57UcWA+KvvtB3sBDCDncspHffUZixilQW3bSAzqp1Q=='),
(24, 1811, 1, 95, '|id=145: |fechaRegistro: ''''>>''2014-08-22 07:16:19''', '2014-08-22 19:16:19', '6b75712f9a7e22e47dd161444e9feab7b3ac66b61dd38386d791c179a21f8a8c', 'P/DCwgb5ieg/zb7y+0uOIM7gJ5h9OGRn+IQd5P2naqsI/oKxAH0H/C5iS9bGd6eWYBcXtxR0PuCjv9WSl1s6JIOx8EchP0inWrjFbCoDJnfsSbxyeRg5HMp+BDD9PcE5twcHRTvrnI8xCPmMYGjGideZ76e5Gc5Ux+UEia//+RflkWY/OqXmJI1jz75ORmMiCF3mCCgfzgpGTn9eQLahhSqgBOGpHjuO541GuSaXyZM31QtgFSYjg09b2MK8hKsaYMj2VJ/a8yPt27UWl3/21U2fR8lFQw2/j/WHNL7sOl7AbpmWW0REaB6oenYg0pSr7dqS8y43j8MvYfyNAErdaw=='),
(25, 1812, 1, 94, '|id=275: ', '2014-08-22 19:16:20', '1dd1ae744a2df334a2acb58bc40e093f27c83e7222027d75649b4ee685ab5465', 'byPE9m+NBn/bOcpB6jWbJNpesyYg9+h8WN1a9ht3VHhGZfz+6UbPS4pCZDw9+EcRAonCXYIGfmORUcj4ZsA21XCPDonDERiaOrECquo4rjgZhw75S9D82guvDPmTvPg/LKZjeHo0qNfUJPB1rpQEmW+//+BPY4YD99YVbH4m4nyeAp4m+vRB5NLewD67wJS79hQQZZzDHQNiy1cxgpz5kg3011JiQeckaRD+jXcKC5id1bHE+FmK8mqQuBIcI2z1tRCCkRy3KO+qjp5jk6RNWVmuEICzaz6Piy4GUCpUiCogyhFq6eYD2DwHLZf8gOuCs6eta84qmajXc1591dOzzw=='),
(26, 1812, 1, 94, '|id=276: ', '2014-08-22 19:16:20', 'e136e7187444d6c7dbc328b9a7a766623a7d47a763c4d578ffff23837bad2c05', 'tIG/kllmxRHOeaBzYD3ktUxC5Lraj+OVrK3ZXMXCFghsXIFFiv8zDOmodtAouC1/wXDhzvU2yeXSigT0FhmVMHxCv5VYRPPhXExLy+0aUPj5baBFZP2MYFAYbzerhTWtAC70jXGYw1C2J3pmbPiEr6UsyepqamYdMdgxhPabFzz0AhLsooogOy4Fo+Wgaw5LD/7LEjyeHR2lXgMYuAtSldoanrNBk4zXUFYdyS6bOmrQwudgmOXsP+U749oyYfQ7AUxKiq1lKWdeNek80NRZod3W7RdKlOdElMB+Ht8K0KjBIwGGj9Y4BTpiQMYg8029ye7ftG0YGdfg+6uRwrl98A=='),
(27, 1812, 1, 94, '|id=277: ', '2014-08-22 19:16:20', '5a06e19c08cee35607c648cf6e635bbbdf4915221ec32883b99dd1c2c885f3c5', 'T2+oIB6Yt1jp4eHw9IRBhs3pamr5mOqtvCsM2zRZukTnFW4A5ymCpPA4LKKQHOpdYrxwWKNcxFd2mBc0CtKY1SFjdWla8GxzBdYY/m1X9DyUz4TY9LLFN7tJKyo2SmiN7iy+U510RmOoCVTcza0wk3K5O6+O9aLDJncPvFSawviACPGNkaj9q0uMdPFH6tA06NVPk4kH/a6X06cqa/bcMLMEZsb1gLNCSp3Q4shjPV72mWP5yAH9fKi5MBh6CKjIY0x7Ysn113PU0UcVEy5qL+nBbPtC3jFPXb9p2HDvARmZUydRcy/qITxPhtRcH2b4OIme9mhxEz/lAchIqvRgMw=='),
(28, 1820, 1, 33, '|id=110: |matricula: ''''>>''bwb-280''', '2015-03-21 21:50:03', 'e2afc19d7440b93722b10580f11ba3198096c37e5c65a350af13bcad25fc72a8', 'IYYnlV2qSwHPBubqVESstQieKt2q5NuKcrK/HF8e8OUkOryyFiSzISdg85tMOnBGD6WnDO5qJivNQyqpQw+4NpwpP0uUvolQ0jDhqyvTVlelWvo1ejoVxczqi9Da6PiuJ/We7rhTzGbqjEbmHol5cIIek1JgLZ4c6LEzaSH2VlRmTkXALexK4Hmsd1J/NfvnEizeuqagbvRDVZx5Nk6peiUWnTYbOwqadxhXaE0b6UcJdZCaDI5fjEJUzFUEFe6UZ4tWk43octEYf+Q2yF4tKVzoeKWwRJ7kqu4AJOoiJq6kDGJjXwbt5oOYnhVMs9W4nrStjM1eXwdZVywcxSJfEQ=='),
(29, 1820, 1, 95, '|id=146: |fechaRegistro: ''''>>''2015-03-21 09:50:03''', '2015-03-21 21:50:03', 'b924c5e88b05bdca0559fa5e237f29ee2599885cc810e9f02a9b731cbcf81bc1', 'dCOkLPDIJgqrWpoGJ5wKeE0Df0vDjkLMp4JE6bvwohlHtictzpWZXGev3x/mWkvSyIBLL2ToSY/gBnOE5EKyAOAXncUcb5QbA5syU4HdPDYQznZjsBBAbRT7YXFdL6QRjCIkUhyyKsqxv5Cw0ujFmB9x3KHN8eQ4k4WCsPYPDxUFniDSIHl+WCyaSQ4lD/pbaQgB9PhfR1rqHQ4hmetmyEe1OUCa6W3QA5RewgOQ49/DORq4dKsW3UOPH7ioaRh9hEJQy5/OrbJ9vBT72w/QYQPxeZ6ByvmunUgVw5SJAMQ/BDNWWa0ReHAqZzZZXTl/XZvcxM+OOCUUtAkbEyGG1Q=='),
(30, 1821, 1, 94, '|id=278: ', '2015-03-21 21:50:04', '0e56d0c62843e011c2f9265d52ebfb9fb825328297056c06b3d4d0c0d7d3bd6b', 'DSK/Jmu2TlepNSesZo8GEYSC/GFnpUDlUU+1VHMOXj4zTfx4soPtAVSxGc++YBOHqLguvGV9ylnG3na8lyn6qCmISdXAn6PipqseltO50uAGIdwb/z7SVyiG6U/aTATyvMwVGZrJhJDXfTqda0Nnvo0E5vqU1rAWCwvd2d7+J8SE436q1HIOISyjsQ7YZ7riogdTzyKGGqLdOOniZP7z7E3g6w8fTpyrphTo90bLC5VAAOmdefx3HLu/F/bdjtcPJfk9HtROl5/cL1/Kw4QgpZjMxTgAA5gijDLvtUT6Uipo60KkSdO5J+BVk/Dhqx+8f27eBbq0AQ0EvoBf8dYv9A=='),
(31, 1821, 1, 94, '|id=279: ', '2015-03-21 21:50:04', 'c579e58291361abe40ca3aae8c79175dc95ccf8fe13afd5524e2a0996fae3d53', 'ZmHyxuFp32Iiki1MD6/J6E84yCe5YZ16igw6Fwz2dE//afEgd+Cr1xzrutUrb54rk1OFXsoIgiAH/bn4OY2daiRewALMZFple0SyPB4sUBK7wRMkovQobgMhhhRs1CbExbW8g7/35uz/1+/VpxVhIKNxSINvRMGcIPvE9ekXtrjJhLm5PqhUxvWYmHImbeJvFgUnvhMPDoW+0GYvOLF0nLw48JAHlG2oVVkqA+u8g/aieaVa7SO/LbMIEhAOY/gJeZB+80ZpzEGhbiM+UOogS1QHE/63TL4mxNMdKjrRE1haxbg2+ft2cCeFA2Dyk6PN9bmZ5JaqnGPGhEVVPe8fag==');

-- --------------------------------------------------------

--
-- Table structure for table `modulo`
--

CREATE TABLE IF NOT EXISTS `modulo` (
  `idmodulo` int(11) NOT NULL AUTO_INCREMENT,
  `nombre` varchar(256) NOT NULL,
  `clase` varchar(256) DEFAULT NULL,
  `idmodulopadre` int(11) NOT NULL,
  `orden` int(11) NOT NULL DEFAULT '0',
  `iconcss` varchar(64) DEFAULT '',
  `hash` varchar(256) DEFAULT NULL,
  `firma` varchar(1024) DEFAULT NULL,
  PRIMARY KEY (`idmodulo`),
  KEY `nombre` (`nombre`(255)),
  KEY `clase` (`clase`(255))
) ENGINE=InnoDB  DEFAULT CHARSET=utf8 AUTO_INCREMENT=114 ;

--
-- Dumping data for table `modulo`
--

INSERT INTO `modulo` (`idmodulo`, `nombre`, `clase`, `idmodulopadre`, `orden`, `iconcss`, `hash`, `firma`) VALUES
(1, 'SIADNO', '', 1, 0, '', '5e518b1dd00c3419acc17354adc99638058a1d4d9e7c2d108eebdc01efa347a1', 'IncLC0au5qYvYrbC+1R1NRlV769GBcx/gXtvJS4cWmjEy8D5EvH3phK9PoKMbkI3Ww731KmVHBsEEPjjzTCSzG8TY5+mrBv5lEL2IE0uGbkQVZMhlQhz/3lZ1Vh/EJoFf/Lfsu9eHhzHrhAlHt3LUL20c0WVt4nvcsP5AExp3tLY5QbaU0lsYjO4vr7vYZkVL4ml5Zu6lJ4/y9y87Glsu61TMcT+0sgytOZL0YFyPTRCTUPNiFtSp/Tlsx0G8IXGqik7Mc5xD30lCGlfWQ273lSsq/WW2dwGXXE8uH0Qo1MB0GMch5YDC7LN4F7ChREJ6VSo1Lljtc9l2LCa106+6Q=='),
(2, 'Sistema', '', 1, 1, '', 'b47f4dcaf4ae86700a21ad2b88afe9063c2a65189c59cc190db74e5f1accd54f', 'Ii8oVjkvPj8Wp/X9Zxrg/XD8vAE/LHFFg1IrspuHvI1Y966qsCiWoCu+D2PB+SmORerZJKcrnOU9YgDqjMs084yBJHH07wFF7w7mdQwzf8Zg5vqfv4eomHFEesYzdw3t4YPHHviQ8ppJd9j+zJ2Sla+eyPnvtODWMQNTI2pB8UG73oN/SuhBjkM+Rh/HcBgYkDm21BNkJGJKoR1X017JIBDEeEPGE1ftnOTQqnFXaBnlrJeQ/exDdJpGU2dCdI8NKmV12c26KIKL3lEiClUu8XxqclBF0Ox3zz/UxQE9MJiICsU5oZpFpZBNrMdmK0aedABhQmv4jpwsh6ruah4qRw=='),
(3, 'Administracin', '', 1, 5, '', '4676ff12d0c43bf5d65d6d72e67eee7b9ed413add7dd23a88dbb222eca878665', 'A6soFY1opiimGMs9LWFFZWtImjOcnow4fUuTZt+VV1ryVNYueCJgSXYsjIX/h7Bo0lXzxqBvdZx7POr9urm9BefiyvaJEyfNWfzF+b7bEujlTWZ05sVcoRNsI2+yVlcTjo64GqiTuS8snkdAtsUpL0/pfa7jv9uOPBvFuASw+STl7Lyql/3eRX1AfYuebJugpskmdm2H/5UxTHHSiWbYBnjumIgzQDdJ4mHiipfoI76fE78mbNRzxHsiWoTg23axg/k7fZNt1WLhovRrUHgcVluzESYQdVIuEoWTeQcxCqMhTHBnqQPw/F2XNkRGCigBUpf1iqRJe3N7X+Zni+XsGA=='),
(4, 'Mi Sistema', '', 2, 2, 'icon-computer', 'ac877ab2d72aed1903ab9cf51ae559b3c2a0128aee724293bd6a73ebcc88410f', 'LvBCpgSDOva5OEQkEwcA+UHYKsacuTVNdJd8e0djUC0nt2HRZ1LgxYGkRhi+j9w8MP/Bst7oe91DaJFExOpcx1mbZPFNrd62dUNQrPcyxB9cdxGCtdVrvrqCWiKMq1ygry7o0ECcdSr7kwoNPyLfhZl6tLBkZaqXCF1u5kCT6DiUhRZcnrJHg+AW866jyWWvAAcqbVaHVhECGqqX9/9t7HzBMx07+QCu0OaH3xK2Pqk1GyOQNhzXyDBc90luspHYlqd6MQcXBvdM261fIJ8MVwn3eMlI2V6IxaFyAuPB542Ue8uOD/iMMYXVmDgw3aLCy9GHWQln6PdE6qD3aUMhXg=='),
(7, 'Salir', 'siadno.view.sistema.cierre', 4, 4, 'icon-door_out', '40e139eb4931a1f9e56c58dd72e9cf60a354a34530d4226876c6daabf868e7fa', 'RIYU5VS43IUtwOTZBf4yyB1U6ohaDH9VdALm3c9H105CJ1CMbf2TGpxOWGNzPPPl/qXE0E1odqP+zRU8v/ZHcQzm/DgetxhOL1OIrO8D+Nnh12NzExnoLq4/NFU9uL9RxX28XBrecQ5G2HBD8DcbkwTqsUx75I8Dpg2UrZa5Z2gCmYCZxmQr6SWBtOHOfYh43HJnDCb3R7tXkFCvTiMZvMvkg0bqDHv4sJFCOvB98XvpvDX4A5vjDy2xcG9pfJPtgG36U3LHe2A76oUCk32S/F9rqV4BiuLrzQn/zQQzkP+g+gQfvnyvEWGFME6DDgcdDouzLYrPIqQznA1c9EBV3w=='),
(8, 'Administracin de Modulos', 'siadno.view.mantenimiento.privado.modulos', 42, 1, 'icon-bricks', '7f409c9467688fdd2612c694ada268bc373aa9b4dc42da89216dcd429233b642', 't4wyvW44hyKnJLE2Ov2ElP3GLueMj0+Z0u9T8SeY7d6Y70eOWw1rk6UQwtpmCio/GPcrVReutwXjftl4dYjsoPXrzn9feuXdQyIULo27gIYQt5rmRcqbh5PTlvC6IlY2kYMgIx3iDOfbGHE8ea09OWHH9PvBs/gWx5omgiVX2Nhtv/AHTLU0KMTRZaxRLw0JYRBRErOZ30M4Rw9qvH0K9ueScQnUxl89vVyfVa1H6uOZ7gAwBlN+P39a1r+xCWnax/y7U1EDwT9YirqhNp2fApnEHwkUdBgJFPjDJio8YjIKbPZBAGIOua9uURebhKBBTEbJMPpMLBSDQcAnGsXSIQ=='),
(12, 'Autenticacion', 'siadno.view.autenticacion', 12, 1, '', '93ab70f83313166a0d2a4d19e0a449816bbef312bb472685060c889a91263661', 'NQRhP84YrmiBqQP/FqaFsQWjIj5nZobZzKYAHv/xDJnbLs6rMBYirMa+dxbVzIsHHLSDZSh6U5JJmcRmnFKqwxZt+cQXdmwwO2PMZrXfGXj04xOeaxp2m1Rny9PVf8hfL5I/66iFlqE/dpoyu2Z6+xkB0BLwRdO7nGRbUaxlsh5g5cMEtTg1DqSFQbgkdVzYdCQNRqpj/KL6cqYwej66LM36lgftNHtuRv8bMvVelmTh6zCgdfbLKM3QUhIDNNSta4AIdrL1koHc9eBQsj7Ui3K47lKtenbt8A889PeFONE8K5vaaVlC3RfAaX7CRQRJN78Cs29fHMdhzwguhH0sEA=='),
(35, 'Configuracin Personal', 'siadno.view.sistema.cierre', 45, 2, 'icon-page_white_wrench', '4c6e2bef120c2cf7ab633c2e4eca872792e6a7f7a8706435f30164bda9835d0d', 'MO9Qn/ScpbOtRbkWB9MPvFxv43r0ntp8WMY4Gj56p4r64u8zCSiyFuAKEFaPLVte7URpAVnXZSwl1E60k6QecXtBIMxqwKP9ykyfzcPYTiBpLSLR13Oj1AT2hvqb0Ub7ZRdPl9cKMzyNi0HeAQjrFLksAGDw2GeTbxU/6iCH/rB1MfRg19a45nBD2G7OGkuNPPWNthY+zjyB4Ir+YjaHsyGL4si/Azlv5Yt/u4bxBP+40jSvGPeel9QJjeBRV+pllrm9yQLjHE8wKl9JmOmbBorlkQdTSwSqjaMqIP3NVg3ZnvEEUOyS5zprsvQB2W7BLj7xgPKp8XgygcfkXy6ncA=='),
(36, 'Mi Cuenta', 'siadno.view.sistema.configuracion.micuenta', 45, 1, 'icon-user', '436f00da292683527a7f80463e219812cf5d2242419ab8f2384265f42c15ebec', 'oqxS3aHH1/4q5AhhyFDdUN7JO56/V/PZZPcAwXAYoI54th+6VxHqxNwBpro+1R0e/NHXfxx7P8ly8zgEwwNVMJTpYk0sGeN1TsvEnCXv7XqmGImk6/lE39oPc9+iQTMLtUqtpuTidQt/qt3StT7VaQ+NioYio2IaQrfx4qm2hUqIRN3KIck/dGBwr1QpAs4GbwN3cI+CQLV0nsCfXDAmO0KqgB1Wdg5qvxm969zZSfNApe56uK+pSpmY8e5OmgHlzzz/xLaIB6a01t1zyYQGx47jawTbOSZhmcUe6EPQ2RE8yfWloHLYizLDaUbYeOl8VlHdemuINSSS1VeXACH2zQ=='),
(37, 'Administracin de Perfiles', 'siadno.view.mantenimiento.local.permisos.perfiles', 42, 2, 'icon-application_osx_cascade', '7eb2bce619dd6b1894f3e778b29560b639343219664b9bcdb646e5ebb9e623b9', 'XmvorICvd/ZR9VWMPf0kPzZKwPFzTmmKwQ5OpS3C+3qB5VMGXs2Drec+pWa4hwsHl+ehHCAlLIMsoz/Sb/3rkDwx0/8Am2z2IKDp0S6ZzDXAtHcTOlqY/OcqFYaFsyufUohTIMVCbgdrMGVwSHx39M3WHu9Nz2q7o5qf/PtxPJEfw2lmBWBfcvq/kzSKggf3/4fRsLZC67HzMWHCM8QPYiZpMod5w3pEio6STsYJ9ZopWXLgJUbuu5lNjr6jbmWGUOymjiQMRfkF2KdI33rXgkJ8sz2V4d8BBdjlCZwAatM+0rNWz04lHWtpOf2adDx6uBGFZ/P8sA20X4H7VvoG4g=='),
(40, 'Administracin de Usuario', 'siadno.view.mantenimiento.local.permisos.usuarios', 42, 3, 'icon-group', '7a4ec4d920db8e69e7f4478d4d4237276709631e2d262eca38fb04de52ce9b40', 'gS8fDBmNUUynwa0KQH7sCefRbuSAeEg8fEIcCAvBnu9gHpJe2SMRkiBL7KcM1UNuP3xO0vN0zxQc6ZkO+zy7RUjImYLjAQCEUSBojABxCWHlCC6lU+cslWX/klaX7mEEsRbCyfxXefe2Rl9kQauOSl3NGTcOGccRWPG4+a70sPtJTqtAlNakDPe7O15Ur9z0UdId9y70GCAzJx6CTtUW90pigwGQZZcCj/1Oxx9rE7Py/0QNS+jiKup0vr+ZHtDArHDxsJYZrAkJxZf5Pap1kAD+2yVgKLP/WA/zKoTF2i/L59ZftRQGsw74IzzeFFwT0nO3Uclcx82/3lD4hmz5+w=='),
(42, 'Usuarios y Permisos', '', 52, 4, 'icon-group_key', 'f8c7739085f25adb23571f4e39f46eeaee9538f44aea773653c0454c2c0af096', 'BVcr7dB5dGH0DjBoPHprhpjUDNhnOl7rFrM++rDdlK/tVBw1f46ouwrLRu25VbVKfAAdiOt3wHYpQ2fHRMSphfALUNgAjKKVEU+ZU/HbMosOcSVy9Ab/Orph3k2h3GZDMUmqH/YxNugZyjgeYlPJjUINqv2Rxsy+mGjflZr3JKl3RiHYyQW+SliYSdQj6nQl4YkOxYfeB20F+m+yZFKzUod523SY+yF7OectjbaguKbEAxp6uXkUgkfeeBrcfqlTW+Snlfmwn8wqOR2XFLbsoSMkig7kLX+LyChbznqI6X3psZK1SixHsdJeayXtZrAyy9gIoEeBxudTjncpMK7UDA=='),
(44, 'Seguridad y Auditoria', '', 52, 9, 'icon-server_key', '5f020e6aa27aee23aac4e2083b67d06aefce1545452855d2bc32c5b02a4e6de1', 'UOpATx8ar/lksXP1SsuiBAQnkpc4UdhgFVhwvuxDmyu1bIHJhVBaMOnZ25wyMdmi1aLPAzzDJQL+RVD7C9XTMYB8nDdTzmmlX5VrRpwo3uV7jGuR9iJB7+adLSvn07y41YItm5VwU25QwE/DnXYvbs0/Jk9LU/iSspjPgNloYd4J8DaqhBSumzD8DkuKgAuBCnkGedetpLL6uKCSlGmnUymtoqZTlokAbKXXMkGUMBHlcRD3h5aRRU+j3xb+WBowXz9RLjHDiIa5mah1kMKN27ypAn2482RPzHto7NTqjqMRyQao9PE5X77smkh/GrlKlha8tovTx7D4F2LFxTYh4w=='),
(45, 'Configuracin', '', 4, 3, 'icon-wrench', '149e72b3ff264f5552c3bf245846c880a83860edd6d4012af8ab553bf1d7fe84', 'laVPBIRLGjUDYU7qMLJ5a0nQksQ2ZVZJGbJ95On21KsD5zs12oMIhg6mcTstMcumikdWoXcShZZlKDgTCWorv73WrNCy4s82JH8/23PtwvXWAxaTr6tDB4kFmpxwIzevyjYRwUWg2ECrP/kChXcrbErnUYxtA0uN6H/2S/JzY2yV2hjAtQ6Ve/OFvn1k79k7e7kNM+U6mOUPCeaNND2i5BITD55H0PuWKM2DrCj3nOcr/eYXw6VH1v8eE96r0PrTxAiTByPUvJj2y1mJDouBBgj6J9ywe0OkLgSRsRXHXJD/8KIlb96LxWhfP03XAN+eXWcBM1T0zeulBA9z8+LfSA=='),
(46, 'Servicios', '', 1, 2, '', 'ca01f4f5d3981b60833c6e20943a59699235baf297be8d10a0520da7c6930c48', 'Ye7f5I9dxETl3UZvQXWDozh3T2wTusxHbcNNgB9+BSMIQ+9Pte3LK3/dc17fXZ01Ke3Iv0NH9PsQPJ+idJcMBpPcnbpbN6De1917Yelzu5UdSGTYXdlXDX+z4pHFBcGbhYwJJKmQ/tQA6K0lkHPWFfgKirIb8ciA9IuIY5uXaUKPeVMmGSAjdvJyd79QYCfu1Uo2ltI8orv++zeOfuNj4cyCCmLpA3/ZNnJgSMoewTv9vaMcEiX/NjCt2sFqCtH2pn5EI4Ygf1PT5F9eIwKFCazUqimrdxxOuk8nCytu7H95ZJM8Rz+9ZHDIwjkA+kqUKJMotQHzmjry3k/v77F1/A=='),
(47, 'Generales', '', 46, 1, 'icon-shield_rainbow', '6f7372aa70f80c64aeba744e704b9b521cbcc664de751167c8ce1ffcca4665fc', 'pPi4O6Nizvq6YHR/3yvRa5Ean7KzbIgc9AidFg9hTieAmomRK3ZFON1jG/XCUEBrhFQzkvM6MVvZPU30msauBH31++4gSJk15jNiGV144IawsBQjLN1iPpnkeyxnHfTsAHrofe/RPYMOjIt+gujjsU9NAnySBCwf3A1z3RGvLpF8lHDR3B4Mn1xTKK2y/PXPeDCydUxstytEmlu9B6elH6I2smpCmCzIKhulOMrWMBi+kHxi8HsGjUJwaUypecPjX+Gx5D42hzmGPhdVBWzySJeCp6pfRzVYphuvrwZjmUtpuP70UQhGrSw6yWqRO5vcH9p/3Q7YHFalUWB8gkpv3g=='),
(48, 'Administracin de Datos Personales', 'siadno.view.servicios.otros.clientes', 47, 1, 'icon-group_edit', '42c788cffa536ebd0c9195fefc36b8bef6601f2dbc393d98dce4dddee697ea0d', 'ozSyvGdUWNqvZTkxXkowgp1eWtzwVIn0vW7cpaNfYTMAF05ycdOPr1cZZ7nJ+1yBdbwldc3Wa4Lbvylxlw2FZP593Rm2PMFEHcXDoioOCeLdCJ4gwBq0gK0/78psb5Y04Y8j1djR02Lh6Vk8kgjJH9RWdaYBhYjfAvEefvG+2lHkBSogy3FL4uCc0rQ9R90oMIMJB/hh3N4dofY0rxCxiABwT83FgEz5XiA3vRseXs6jysq8ncT1658TgVdNQuUXlnQOhrEBLGJvOydhMN01oxpSghBPUwOHmlzbQoOjItL6MlxRh5eHKFfnWm64lK/rZiu/6UQjg/uLZ4KOIdeNVQ=='),
(50, 'Informe Bsico de Auditora', 'siadno.view.administracion.local.auditoria.informe', 44, 1, 'icon-bug_magnify', 'd843907ab43666712010c7947e78ce4ecf9bf9d4d12b8fd7ec1834e9ac9217b8', 'qASzRiXZVxm7sLcuISbsA8sQm86eeEUfqJIWGGHmbyZwZvLQj/zxqeBUPh9WrB1tLm8Z66GURW+sPCjtwt8f/JnjRjyOeciuVMLFRMD8rOnWNa1noleGyBJQbAmp5UUmLjLa7jPv4wuNs1zycFMoZchYxIj63EVyYJ37ymKM5ifjOtqebVwsZ3pH3DJLUkiZU1B9uqt+8teIKhlf4HOrMSjEpcz82+XLWUiQGbK8ZoyFtxMpoeIhSrymc5bYvbx7wUlWy+DfHpD0ZkAqp4boH4HwP9cXUA8G3J510Lx+Xhz3fF0eO1dcSvGLQcVitHHn3XOy0sfVTafqi7n+kQVPiQ=='),
(51, 'Mi Empresa', 'siadno.view.administracion.local.empresa', 75, 1, 'icon-house_star', 'b140798b474a8b799501eed2cd49e713c25b1c105ef169d45d922b5bba52c9b5', 'bIF8O0kjJP3zdzY65FCs13r4v36TgXNnlrwqJq7RXRkFrajfkFp6ElUf81CNWCbgBSGVzU0k2H9aZwH9vxpmpmfAv/1HZNl8pgfSEqIsF7kXIaa0DA1xVdLPfGGu4N+FE6ag70yrY5LTNNmWsg7CZ+5RCgtHrYiRh1OEz5p/hEaqJm1ajxFIzGkcmkFZqM2iwWCVPMrb8ILIbBlKChNZ1Pm8oNgGpqanfHZhYhlQhMHHop+3HxBsRSOZ7Rz2fTimCUF3pNUhurjEBI9DqcxHXOULxkrPVjZd7ls7SqJyZfY2IyFyz8XsTR7+xjecpxnc2QQyxTtTJ4qzRtFXigvMXw=='),
(52, 'General', '', 3, 2, 'icon-server_database', 'a01b5c3603ce2fc0f04469b5570e6507f06ecd8be5e2fa6a6ce4bfd7e2eb9c20', 'tVp+6gVI8LgVPodPX2j8IbS1uuZh99gEU787pYX0tm4xJLowHHP7W5UOBgI/Y2YmS+FXADZqHeIaBWALKeoXCmSc9geAH/Ll1xegC3iUvyKZmUXnJJCW67CuixEpQZ8Mc9F/SCa7RJylCfbJdTL6FYBOz8Vz4x3YgZ4u9A0R6/qFVjWd5thMsUl2DyFUe2Ogxf8c6c+82zg5OBxPTx1FMkUUgtZrNdhNPm2A1eGqzL38WrU1uQXFIgx14WwPu9iuRkf0VBOoQDMSXeMnZ+gs/iV3AGsS34BFez16MZu1GVTlHRf9r+pYFEfwdAgZxpU1+ziHrBnJpTUisO4MKWTC3Q=='),
(53, 'Liquidacin y Tarifas', '', 52, 6, 'icon-money', '648a41a377d9c755f72a882c64bca6c156532ba2426b47dad5bc1183bb3bed32', 'c6uohZGGzq4gBrpZuuE2YYjGpyV9o5n+ewgvd9Yq7p9ZhTL/UCJA9NO/Ph8sc1VuK1tFCKjheKqkzCcX19Ili/JSZ6rFx5LComEa4X2lIjz4/WvN9IroP+cXAysDRMqWX4zuV81gAfXejuFwTbXO2kxf3gvXAc20/q2199Scea/Rf0qRmJmDq0RTGIfKEoEi9udRO83hQkz5LxGycJXa2G9POM+fV31/6kIs3dZpvTbm1Y9Pt1N9P+4yFRGpdOOFuZurqIxUsU7n7Zt+wPj7jss8LaFFebIpfNlweDS/tGNdi3ozH7otIZR3q8Zkey1Ft4vNPZiG4vcgkcUtc32xwQ=='),
(55, 'Tipos de Servicios', 'siadno.view.administracion.liquidacion.tiposrubro', 53, 2, 'icon-pictures', 'e4cc3dbbd49b9717d6d0823bd42e9c52364706fdec712b509c92f0749ed81ee3', 'FbXXpNH2NumrEpN2lGqKlJRSVVvbt9sXQ+RfmJlGLJaza2AQZAOdkTHXpQKFFo6GpZzqmV2GKbzSVZlxXfZSopCjZtEj/kLEvrAOTadYpj717UN3Z3iZqo758eIcD8WVzG2JbA36o+pp87HmlBxL7U1xeyg6rVDkY0yJnMV7QGZ3OveEDtYTBmVyH5MC2ynIXl916vCiDdG+3RxFMARGWpwICJ86m2fVBfDUXkxUwAYvEyJ+51ALUtUSikDJBHf4/y6GfV3lzEBB7OYYtRHG1HQqHGLJavlegQ2MbC/T/lFJg/fR3coRqYZXZoqiuyWc62QfsvvrXNXMHD/gRdka3A=='),
(57, 'Personas', '', 52, 5, 'icon-user_star', 'e51ee0958e6349990fdfa1747ce8e23771a0585d267f77a67d0bcc195a3fc017', 'Jjk+IEiGI5CK1PQeTIGJXjiSvQMfQxF7ozNbF/GFOLWGXjo3vgZ9rOqSWSTIlCz7JpiVVa06vlIZOS/Ru2rqTjctaNbnoKa18rQTIY3ZQ3dvFwWFrIJiaSRK9OBsu5Ak8jmg/rjmRbqBByWQyQRUMR+ZC1aoghQjYcW48hZ5aLuij9hgNyuKeHihumHLrrQcokBmy/kTSEt1I4MxVZEkg3dTL/zQ5H5Ment/lVdned+YNo5vwrWHCpqj3lvdvziUiVF77H3+MPyMnOq+JHjL7SuDIHjS/UKP5tJUugajaoXG2SAwMGBNqOD0ffWEcePTjJE+HOJpuEO2pDdSR5/5hQ=='),
(58, 'Tipos de Identificacin', 'siadno.view.administracion.personas.tiposidentificacion', 57, 1, 'icon-mail', '689ad54f0ae9a2660d4f9aefc96f1d702733e8277b289d0628cbdfbd0a7dd15f', 'gh73GLkrCdXk3YKmIj7UnEU1d2u/tKA5aKYl7+wLS/Y9Y1Q62HltUbCih2/ejxN+SAqUY5eZUFzWhGWgmY6TXmC+ZfwOtfWeotnDCjh8lEDxP04UdPi/IIVGUcUEbIJCbLVJSr3ZJyLS54cUXihfEbbSv2H+02h8NbdI9GeRidXSSbLGNYDyy26Fu+ydi1Pf6sLwW8Kr6qVF3yhnf4Aya4eZPM8Ks/kUkLq7wNk7wDnb295kv+o7DCOfWwmOKUs0w1RUC3JjAOa8aajnEToUs75j1/56ZWCU3zegNrnijdtZ9v7IDG5WrHM4zJmHrVztJLadIKfbmDXzSG15v13QDQ=='),
(66, 'Otros', '', 52, 8, 'icon-box', '6f64f5a79d723924243c8a25479d059f6adba81da1702ba4f0d79efb2c7fedc4', 'SQOrUKcvUo6osz9aq3RakWKZzszY3tzGnVb8k6N5+jvuYSt95Q1YyGdtX5fg6GZ9q/QiXil0MfOOKvbtr8EBhz8thbRXQE/Hk7oGUW84+7R0UtaU1+rNToPS+n8RsH3vjPL7cV9tm9Fk4ZqE5RqeRlv4xTjb0av6Dqi7F7T1OEw+WSMIxd0eKFTAR4FeQIqaKiVAY/0nI5ZNpHZrhrRHltgmhcVI3Cl1fJc5lKMf1a4ZGc8UBrw0dS9/D4//HziOm6b0MMO12DDg38gpTV4H9CNKKYPI7l6xKUPx8RQH+d+e3sEo8wGJbDfpl2XPEeh7beSmwd/mU7v3aF2jJBi0xw=='),
(68, 'Paises, Departamentos y Municipios', 'siadno.view.administracion.otros.municipios', 66, 1, 'icon-flag_france', '3d048228006062f6159203e1c0847b226d2c65b2d719ad60685b5908e4001a7e', 'TKzRUhJgjNwd4cXeApCVcZoNJON0yx573/sdvAwnrKOKKa7UU41OG1kwa8X9w+viqe0lGYdtDRZdG5f5CRHS/JX2u6zppqIt3QfoIOakOl4f/vUpBjlgwIdP4VDygoQ29lnSwEfGyeNqlZfgFE5FxKluQpFaUiHhLT1aph88sh7FwiSWKC4+o/Avg1e+Iw5isYckW1a8LaEmrYAWzTgJH+81OeCoDyzXZq995rAUMG7zqRLj3dEvtFoXj0KdoOqO19AlxvIhGfCorYppXOCUE7oUOdJnH2+S2Sm90dxd0Y3kPiuycXFeFRGk1+/gvxNYjrM23y0cXbeQSoFg/ay+ZQ=='),
(69, 'Tipos de Automotores', 'siadno.view.administracion.otros.tiposautomotores', 66, 2, 'icon-car_start', '70edb1d6843b51bfd35172bc3fb205378c47491bcbf229cb4fe44ccef719c999', 'uLSAuxpNX/EokpF7uHCDeErilEVTVCvfQzCduXul3bf9qGhfGsw3MvtwsqxlJjXC/YnqAY/fnAblI8l1e4aHl0Qs/b8WdcB/jDg5fNi6VPpw0dSm8sRxJUAYziFPSjte0rhDXvvvLLzcw0W1R1m7lVLWeekMrf5Czo6xe+qcfqhswxFTd4t0dReYcQDPikAqx0N8frPibAVDP4/3xiQN1GfJQ/g47QBZVxS5Y0uZNk/k/a+4eZUWPqw4to5TMBaYpYKGseC9ac20N3zO/ZtTY6uI1CCi5tIFpWAogrEU8J6VM7nFT8t9y7dK94F+OSphiaSERLLOeX+ic9b+UFAPpg=='),
(70, 'Verificacion de Integridad y Autenticidad de la BD', 'siadno.view.administracion.local.auditoria.integridad', 44, 3, 'icon-database_start', 'a4995a28953503a681d41e577b1103c1e9a278e288c0ec61ea8c2eeba077014e', 'bQAVn8xlYdmH/r8B4qALSGk2gCq5rwL6XI6ok8LVHcphGTSPzIAxJaEc+Wp6XcmbeL5kXKB5B598v3XQfrr66TWaJZHtPL2/xWJRzCdQuLksOs6nAJzZWwDIjhBV9/6PI6X2BqoW5rlzEVJy9/5IYfsgABM32urOBaOoquSxKLRtc/mzAY3O2UwDvmfTnNLRR+8BqfZ4drqmdqVa2Aj7e83S+ufq1aOEZWQ7QJ/qdSgvfQTHl13Cg3KVMoYm6L/2cp7+12eTPDBoovRil8I8RFQ5DgmUS2lBgsOCB5KSPP2ReHmdoL3OY9PmjrImqDsrX6m/5JNaPfybFHgDNhqQXQ=='),
(71, 'Firma y Aseguramiento de la BD', 'siadno.view.administracion.local.auditoria.aseguramiento', 44, 2, 'icon-database_key', 'c6996210f61c6f40b990c83f053df9bb3bfe354e85b0f80c030cb8b52a47eb0f', 'Va5rN1N17oV8VI/lOxMFEcjHqw/19F6fLSBDUPwxQ8FMpT5Mxp4Jdmv7wpg/KbWDUNODej70kg3v9IyGTKwoJyVo6414st1+BVjnI70zAdXwz1wczjzXXghT1doO6plennZrQkU+VaC+U5cVSJZa8nEE2LWGl/l0WaD/T7fVue7PjbfX31cpv2cCrcfbF7AeZ+DNon2iZAHk/fkJYO3/n8cfoAidwWhJz/O789w+j+W+QsNDfGZCCmG8Ic8ggDhNRRrd2jZ5jckDP0N872vr5Bh9fN/MH8quhmCGGlpk7AK8SWlmT6BUb8punLbbeV3wirpJtxSfUwNSwBp1Co5JUw=='),
(72, 'Copia de Seguridad de la BD', 'siadno.view.administracion.local.auditoria.backup', 44, 4, 'icon-database_save', '5442d6e204989b2ea61c975a39e01e4ad583ad4b1d0130550f8f01724f719d7c', 'QGkuCAGIENlYe7R3bcphEiy9fNJQeaH+4WoMhJw9fU8Y8TbPg5uYQzwgDuf2BarmNMw9zrKvhq+KmsEXCrGpQ6Mh4udueRYt3qdi0vIKnQESFTen+GacE6z0YWb0wosGAghjnPhwAG4I0NKVwIvqKJ5d4/oPlXqN/bZviW3I703HbYuqU/qUzQ8aRJNzBta8kdCJxs/uRCDZ/BBMDquii3i/SObBNib08fbHYWdfMpiwLTRxjk8oqwwyo9npGKizB88saMAOEQkFmMmsOWSIcPDpThC/Sq5PIYkZWTFi4NxI2gj+E4hO19DFfMZopIntqPqlLmdBQgNgW0F4on2Usg=='),
(73, 'Administracin de Servicios y Tarifas', 'siadno.view.administracion.liquidacion.rubros', 53, 4, 'icon-basket', 'aed955db465346c937c2502b8a40ac382bc32490e3dd79c2f6ad29b210508ee0', 'mW4LypxocPNbKFCOaZY33v5gnGj7en7G/qVkQCxWlHj54CHKXSVhzfYaME2C/B0rH4GMmzBjxfRMxiK2rOZ9XhrltZJZfMpfKL2YKbRfAquODVrYl6WRv0fhVjkJmCFvFesHoB9bQFeVjb3phTubBb+YojON+LG7rgwJb1mzjh+tNhP8FssYtkElK1dlAp3VtI6eiwbGM+Yg+UcYGkbu77hl2UsdszUUVaGzMI1jmXU1TyHnP6tX/5c0IDHDuEnbno7qg+OFV8veNPk188nHqSqIGwGXTU/P/n6efvKAk6Q5RDJMhnIZi3YH+uTqmsMo6F6NcYMAg4iW2xJJVkS5Mg=='),
(74, 'Mis Empleados', 'siadno.view.administracion.local.empleados', 77, 1, 'icon-group_link', '5b28cbcafc8364af6e3eec7474fbb6925ac6e0c15ab827aacacb2a2ee495268e', 'YhTzp4AYSfVL+B65v0V6WYMadd3iqFzr8Nqv3a1M2q7AdGc0LOQ0zsu4/HUIWkzZKQJVM73TEGSgGNJsJMOvOla+lpYB640y60Wf2rNioDpDMGKX5LpuHP493lzWwOuwP5Wtfomhhnp5LHc73gFILWAifo3UClpsmPd2VZqEETzf/2/jXj0AXMlAbmdFB6XMDNK8sK/7yi2OnIAQciowgiBLQ3hqxqmP2N3HoOjp3M3bSWd0yoXhS+nsRGcOqIjuzHmCy1QXQ1oPdXG4+6Ibdbd6lhIWDdYLIZzAr6AXy6FUbhf/hkxkjRk5KfHQxVfTzmTE9G70YP+c/B5Qc3PQmA=='),
(75, 'Administracin de Empresa', '', 52, 1, 'icon-application_home', '5f860ea1fc3f4e8eddfa2a50e7c74af9d410514874ff9156aec81b522d9ff363', 'MrRN/qJD59edFJCNOJ6r9K6grhhORqeI5Yx13+/y/P/DR9DHlLxEcq/4Em+8S6+9OSoOoYOFZiWGIS7V6ke9UFNFLOmbdleHxuiq2de10hQEaIXeoUjYAaILle51f2sV8lGrPSTh4RdBjb9idkXxgmuq1Qi7sT/0pKQo9LgHimM7V/MtVBkhWkaQQ4SmNZIq4jGMBpZKL3rRYdvILHq/+2GlNICD0oWCKSLemyur/G7luRJiYgXVWLsyxUzb4p480cqBTuVisXVD4vGe+sokQq/pt0k8FmVL0gAX/aD3LPtdc67Ql+Z1wKlBAJ/pWZvYUnY685mthTGruiNWOPTBRQ=='),
(77, 'Administracin de Empleados', '', 75, 3, 'icon-group', '6fa045727c8584a6ede392e47be43359d7326d4c7c3639636421e26ecab24947', 'YBlu4qGxl4WXscntjasaOD8qKgb/EgkZSC6AfJKiy4OYqU/9CynHXnXbX03qS7DLd6eUsTuwRESXJyTNZPU5AlgH8IVj+vjEyBWV4quNgVVixeaPQ9KxXEY/RU+U4AcfOGM+Yz1R3JlqibZmXlsCyFY2uSNQb0t8t3rN+ndKtIH2Ys9t7nZScHo5eKdiBagpV4LZVEbObIme6OpzwMapmZgSgZfd6lM+omuyS79lpqu1IDdl3768FIFDzbwZWHJ/q+AtO8Gaf4bkwyi8/1dYec/l3RmQOG0kf9szZSWfoqNQnZSJpzYiG4VM8fZl2fUkD/YcwgX/Za10nAN7zbf8Rw=='),
(78, 'Listado de Empleados', 'siadno.view.administracion.local.informeempleados', 77, 2, 'icon-group_go', '82a6148e2d282b91dbec5ea60d277d37d86f894d2df099d470e8660b0cb57a9c', 'd8Hg9Y++Ple0S7cSdci1/CtzAVgQdZMpySalDi3kA23sLcz979HMgycMe3US7lJbzBFf+E+K74/HFF7UPDiJphtTR10NW0/Um2jPzCpJmsNmb8YR/YRDho5YfZ3XClnqdy7FsJdXFqvf3IUM4xPX71LcDikSmooZa6Rfb14dDkYleq7lPDCdaLfcjtmFiAtDNEJx7E4aX2hLtnkf0hnOFsi4279ng2sPWt5WX0B91KNwboADs9FqUE/XXh/QjjwG+V2Cu38lyUdw7pvMiclHZY6+IOvSmGxstoguJI3zS1SORvv4T/HG+5GtmUy0JsqaglBuz6/Tb9lIvbYRIfyxqA=='),
(80, 'Movimientos', '', 1, 3, '', 'f0f76f4cd2f4e2e7de13104e2a87d92527d8c881fb2a61bb118c3d21c6398dbb', 'tlXoHoyo2N5T1ZAleGtimd951PxsMvXXI6NNUhVTVhHPcITJLyMQrsIhavzHacUTgT5Sxm8bSkHelMd12FPCe5di7tLZFe/eXWBnMDDQr4F09rbzxh3/sf02UaBt1g7qwn5RRvz73K8PH/23E5I89X7Ba0k97IWNkoBR9YvfdzIYZ3buZIxGU8qlGERA/UE8r3UDoTPqW0doT7yID0SpZWmEdCxG0k9scAMJEpv2vhYVLg4Bo470q4RZ2Gu97OWb6d9bzhVol6DaVyjiu0MDsVPw0eDtTqaWM1fdGaErxmiZUanF6AsivEC4KhdnC9CkL4o0ahIKzBIwtON4M2GsnA=='),
(81, 'Operaciones', '', 80, 1, 'icon-group', 'f59e3028c7cabce7b1b4df6d4fe6fce0e1071366e22ed8eb1d787152b1e6467d', 'u4iQ+JWFkVx5EfOj2Md5EWEAjZjsxK+o4/h6wlVblOF1LfKLM4vxG1ZeXkPhRq7hP2ARbGSYJVu3tmA4ANzp9Szq7AqUis2oc4LEerJNG/y+BVoznZkKlhQmMyPFGeZjkaHRZFUnlTLKbm2xdldVlxkf9qIsjDhR82cqwLOeRuUnySM52Y8Z6nSCuJsGcjnD98KFD4ychvsZOK4CRhS/H7G21OWjkUVoViFoPj5uvXNoxsuT/+wiq9cdmQbx+f9xo3y3bK4hIigg5eydirIlNTLtR+P/g2SjITQXZzj8OH+QMtbqQ64UaRk4f+GCZFe5iVaV2dwXhgaE4lglMi+HUw=='),
(86, 'Combos de Servicios', 'siadno.view.administracion.liquidacion.combos', 53, 7, 'icon-basket_add', '39e664467806da028fde414160ca9db5682e9a7b1f037a490e99d12f388626e6', 'Ed03IIszKP1DCvW+OkT+N5761mXm05wGcmiAd4EsggS3CW8rqqLAbhNG7CHHFVZOJeOCzMmq/iH1vCi8muF6nWHWNrVCNk4HnlQ7sedvfhYeNrqm5IVkaawgTzGx/yq+6S8LLV/QWGFnTJZT3WTKRCyZuRWWyWxW2xl2yMWEbVoM7xHTPtv7z8CkEm0zYtHPbz2xaSdC6s1DRYT8gfT3E7nqdces//HKz3BKxSET6l5+B9rO5NSqp47ojfnHaI1g9X4ydJ4GyoiScAobxN5n9p34kccROOPnCTvuC/z3jBcNxF306t+W+wmbviyevbOdEM7EYAVMTOowBZL4cncBXg=='),
(89, 'Cargos V.I.P', 'siadno.view.administracion.local.empleados.cargos', 77, 3, 'icon-folder_user', '401f18ec1e56b04ba98abcfda1dea239cc96422c53901946ea21de747435f6d9', 'da21TjTGoj9Xz7NepGGcz46Q8VWwkxXBgO8egdyvyhwgYNsU8Amnvf3nI1WsAXR2yi7SHXQUgUWbyRFWgpM5lF95uWwsIzCGO5X7Qm0KmwN0iDvsE5qEqyBgbXyrcM40V/f6vGjqVwEAb6WjNH8o/nXpU4DVfKdGH+t1EWEQATCmSeUJVEBGx9uqOQihc4q0axNR3aXmflSQfKgAJ3oMPt8FQRVe4xvCMuJYGMqIMFkOWoksVxhnkKNKKAWuKKEoG63gYtbmK7/a6z/3S0KlkWAQYm8zrGb6cGjmhd+Jn5gxT9hd3fpH6MSdgRYemUYG9d9bh4e+ueezUrtcw3Je0w=='),
(92, 'Registro de Servicios', 'siadno.view.servicios.otros.registrogeneral', 47, 2, 'icon-car_start', '76982cff3d13add46da5dfd80f7156ac325ffb9d4db35d91acd624bfc031a5c8', 'GqEKJ/dzFw/36TlA09BlpeOMCiOXn6NF2Owh4qL0+fOSy5zo/WYlb/TB0ABZVXOFUCxLzAzYmic427uDWHgzW7/QVRcpZn5NfGAWsV9vKnHBSzovu2uxxwA+cKGvH7GO3dxGW0fyCZ9qNn4KMFkUiqNG+pQdJwOzgGJCaUSiSeFK4I74XBUdxQsH/+Jn5MTGJu1rCpJApDTU/gmqkDHJbVqKMN4VX31nohIsdGl52FxxIX3fiI04W8SCdDfFb/YwWZ9cppBsO+NqHGHca1qGyrO5giCtoKxreyCAifjGHoL9chCOpGP379XI/XxDfPi4MEVVpnOhD5c+v1bZJ0Qwgg=='),
(93, 'Operacin Diaria', 'siadno.view.servicios.otros.resumendiario', 81, 2, 'icon-application_view_list', '196d83df25d3cf84190da8a19636d73e1389d88a90dd9cd3f9a2d285407e496e', 'DTpnIFjrvV8dY6cFoAXQThkqfCVrXtYK09LPTK9TDZRzUksMM5ESg/pgMVY9ieH9ngIIolDAQN+pJhD5EgSDVoOq5d6Uz7qVUx8oYlij5ONaQ1dpJtK0BXQdQN7QV0Agc9oLu4WSIzExXgujSlumMyopXAWmGLuuNS4RAdBfAG1Ao5z1NBCR6WZ8XFo27j0ulfrn9yVP7dSyw2JkFV6qwFkrcX+6xqSjmVbDCKoBf6rl6SHJHBiTWSE2BVqIBC46CKkIcA5JEyOSxPcIuzqz7oWavXuHXqDTzBXmP1/SryYzm2gDWJ+s0eYshebFux9PFkG5C+RuQUzl6SxKEHiIjw=='),
(94, 'Operacin Semanal', 'siadno.view.servicios.otros.resumensemanal', 81, 4, 'icon-application_view_list', 'c6ad76e3a582a4dad579f0e8120e277dc47f8d9d898a53a1d848b6082abf5431', 'krum3fw5aDi5Bw07ZIpzRcAIPtgWEvL9o7X4zlHlS78kVO2JyyB1Z0sSGnVWPDTzHbt3IRLji2hHwSpw+6Tl/oO1uBhjSO8YsMVzC4sk9x6Sn0aVzTjhqndH7OcVOGldBOJaiL4gHHO2hXk6ZJfiAXHKU9pX/2EZ2ViV3Uge/5rS69C7Syw86qcemV5aAWvJ1e1Zm6UKFLFkvGAIAwZCHTPbLg9xAgmsu8iOVfiLqFPDXGQ7+3WjDcfQe+MiZ9Ny1IWL9irWRT6PSlUWIaFI7tZyQHdu2o1E1GTz8mcFp5cNoJ52mcypH6BCwECLECIdMBiRZJ8IDhAnxToN7WAwjA=='),
(95, 'Tipos de Gastos e Ingresos', 'siadno.view.administracion.liquidacion.tiposgasto', 53, 9, 'icon-book_addresses_edit', '6d0d4e6124943b635625ff7dcb2597f84e024d87085a443220cb4b865af2e1e9', 'PnM35flnAwsJsVueH6DlDHu6nOT6obpnwmmbDILf84p2UU3PkL0MyHdEQASp0yYzK/hHPRG2Rq0mD1A8eI+3ZN4+zEJuHOmYUYXTR1ap/zlNxzTpudTOakp4e4TLdKuS4xct1da1X/zjqn59dZxWdlQ3BpFd6DcjlbjpR7tZpCEaojAjT/s/BPll4WCOTh7wQqX+nUJM+cmdMgN0JwHbsJnw6YOv+oyUbpkVZwS6W2kUvsUVk0U2kfElb1LPwKEJbGVV3TgVS7laHgn5j5Ln6VSurNTwOehKCmHR9ykB9CNgVtG9M2SasBXH2OUTo6/TSg2OipA2zbyvena2B/Ugrg=='),
(96, 'Ingresos y Gastos Diarios', 'siadno.view.servicios.otros.ingresosygastos', 81, 1, 'icon-application_view_list', '231f189481cf277b7d9ce99b3622ce3ad55705e7ac247ecfa7b2d10ac32a8659', 'f1PpZYxl77NiXxABdN0EoxcVv/3d7mltvIvdPRkPyRIoEY+5Yj5++2WYpqDaIf99YoIKH7FwGVFPUVvTHf4P+dSSjSdrzaqrj28xelPZ77zraCagO9iQzjr2TDLk8AYQCwJNfkfiCYedCW4zunmylGSj1fj7Hxv2h9CtM12A3hT/G0Ujo8I5ZTkRfzryH8Y/4VBd/flFate7SxHQ3NC1h8rSp0+KnbQKeyrqj6smKSstFMWnRxiDno3f/T5qRKggN2OubCs/qulEOl6byXmdXGSeIPHvXwrL5CGTekID32hHGuoJMtHCHEVHsc7KPJS7dHTMI5x8xxx2YmCPcoKrUw=='),
(98, 'Panel oculto de registro de servicios', 'siadno.view.PanelRegistroServicios', 47, 3, 'icon-brick', '8ae659443122f3894c473c91f490a0d8a2473db14b0dfb3e1a14e75421abe334', 'c9A91Oq9L/8gRIP/hahCz67TjbvAoOzenNZdCUzIxOcYwxNID3LDe8XxDwbOSZAUSANbHWGsmRmSjCWjQg1buTi0qQo9sK9QUjgk672fUvT2K4DvxG0upiI8Ro2Mup0Ei1ghZ5ogABdWynBrzoEDnKB3ub4ckp3Ht5aL8D9X8H9Jo6siIJJLOE632IIdnnHoC8PNSb3Cc9FxMLsBjLNmJeFPg2q1R2K8x85Zwtuh6s571/5TzGbl3PpE9VqmK4cjAempthQRhAoO0JU13lYTHGb8QEv2PtvVpfVqOy4KU5KG0s+tE4A/9BVkjKMhdSgFLAbZJ2Dhxn+LndqGRMlhxA=='),
(107, 'Reportes', '', 113, 2, 'icon-report', '878e6c91a071b3a17e79c11131a2821c7b4ccf2370c53c4ba170c64dd830c8e4', 'u7t4TbugAGZ9ZBM0YgYAL1t0STCdko0d3DjIRnwqsp2IgZPJ/vveuE2XQelykgFgZQr+Dg2eqyoAYP+kp49JKFJrPgGqXgeKe7YZyunk6nEBpPfH4oAXreaMMZQPXeCS2A2FCNZdYG5L54QhEKL1Lf3l16VQoAe/j5CtHIxGMutsQ/Nnqn7BY+DOJ400q8A1/rvH2trNipRvt6+4RU6b5h+ifENNj6Sv2KRMNpj/Cz7MvIscWmf4RcrtgnJP2MdHoUJtyvTC/1iCDJwE9UqkBVgC5f9czUSqTHxz0W6cM5U2eDaz7c1Eu+B5BcOzku3ApJ9ZWxmBTm0q7xKeFwgcsw=='),
(108, 'Resumen por Tipo de Vehculo', 'siadno.view.servicios.otros.consolidadovehiculo', 107, 1, 'icon-application_view_list', 'dbffe9e1b0a0d2a2b5c3ca86c0f923c17f1691e54500491ffe3ff8a061213857', 'XtmqoDc7iQ7zhsolVkq+N6st76Ix8nNLVVWaGv7UUYBA+/5AoiWCy/Wn4FrhEgWwYvb6TmFcijgsJ3qcmmniNtcqU10Y9CAM4HOlQnFqjPTAzWAbmXkxR5ic3t9RvNDAZ0FjehbZE1Kvh51Xje3F7NXaaCIB8CP1KVveMqZCFB65IFxCBlICRvdPSyeS9F+3wUk1/8hrSePJuN4rzze6oKF1IRSAo6k+tFXFMSzhFz/6G03jH0/F7xTm7MOrlihc17+PGzuv7X/ydJzMQKYbxmibydatGx9b4HDq3w3VEY+No82K+nlv3T+H8bf0UdSK6gjg/5R9JWxXPrdw8KNWHQ=='),
(109, 'Resumen de Ahorros', 'siadno.view.servicios.otros.resumenahorros', 107, 2, 'icon-application_view_list', 'd66c168bdc1011fed62fcf0246300f0f1d877fbd4c8514466c082abdf796e0e3', 'BSRnGITKul2zcp0uJVZs2uxfVfoBz75LAn1Zz7d58+LjwyqMShZW3CldJ3zpVrgNj5Cq9YucePF/0aS9GztgWrscOgcPetI4tasopXn2yKODkQ6dyNSjClslxH/UOxYVH/NpBRiwwUWX6e/3pA1J+6od/547LVbG912XU108wUVnEPO96i0Ou7nMwxysrueqFdOy9R8N2WGwNFFBTI7PTKbACM/OaZB1ykQuFDh1mfiiQaM3CN+osc2/TYT6Vzau/QwxbiW4Ocr0l7I/lZUY7RhRk+yBzK6Z1WG6lke7k3lZTRzz+2OD2a4iHqiGTmPrfS8wCl/f0b6Sd03ok2OPUw=='),
(110, 'Resumen Anual', 'siadno.view.servicios.otros.resumenanual', 107, 3, 'icon-application_view_list', 'add6580b9a376413f42014093d88f9fc02df324c6c515d26c39a55b3afd10e6e', 'FY/lAmuBfuThPCAr4jzSS7/WkDOvCMaSwwgbO45gEyo9WLv7z/PhTrJz+6v5sXCrOOi2PdbPoteb9kYv0LmioOWdj/fi0hvyie//9ml5CHoqSj5Ry8SG9tQSWgZ6ALZxo3nAj8QhPSOluU/nuFKDJQ4Uaq3u5A5gkxS75cZVsfqViHOUxYmjc6aMkotuAbMQjZDlnnKCwm7fsvMp0Je6q4HGXkQMXm8Xt5rs5BfMlMvx7BHCZTZp78r1reM1GaZS1I7v9Pao+FjD0v6jHv/2xZiBCBCF9pOLVM/onmgigrx3Xd8QpRq/R6Lysfvn1cOOpbNJNJ0hvkbRBVIQpCmf+A=='),
(111, 'Resumen Mensual', 'siadno.view.servicios.otros.resumenmensual', 107, 4, 'icon-application_view_list', 'a12665df20262633da50317d1d94040e4597f64334f5ce00c7194b6fbfd1473e', 'L2cJHuGVepL8LehfVm6oO3S3j3jauxsfd+3Rokvv6+7UFvJO1LzYpcAPm+ZUZBh9DedOEJItVbWFtswqpdjDH+CRPXDryUefvuXrpUNdw25TOBYya4gygn8z3BfBgvW4FvEF0K7goZBg2lBV6FLaMLDkQsLc9ANN6B2cPy5AARWsR055sD3kgowFTVNhnSFcDSvp/lQh5Tg+W8y4jReW7iGEeLEP7WE6l1Nf9XieY273Cm5tHnJb5fKFokM9vlYcpgYxmh4m90m9N8MXhODTNHJ/QapXl2HYxV6wLd9wEfCNyGLw4CxIQ+ixKip/hpMjwr4kjzZ2wtgwjKcrt3vLoQ=='),
(112, 'Resumen por Placa', 'siadno.view.servicios.otros.resumenplaca', 107, 5, 'icon-application_view_list', 'd0e6e4fe99ee5d681b43fd248aa8aad13466c809b281685e06b9add4d812b1a1', 'epgsmH+irImTbJ3bE3rRoNamEx6zShk5rHRkge/VV5lxnvdwhsE/KccTDcfJn+NsSLne1oz1jwh6+j0FtveA9BCVLJ+XHpXLUw/KpF5xIxbMI24GCTmwfuRMNGyoCBuNb4mK4sKMrJT+PD3NrChpLuwbhArrFfFCAWtTXAJ0aLRtR3QqwKfAlSRmV+gZnjy6yUNEU9AwmlOUiC6pfNsL823sU0MQUSZz7RvcoGsYt1Jc3XAoXUAnMTBliC2zSy46EEK60iFdkfH1M+OCKodBYaQh/9g0MHCrObwCMa92j5XUQsaE200zzRv2SA/FwuxzDTBF7QW7XM6kL4+VhzsFkA=='),
(113, 'Reportes', '', 1, 4, '', '7d25da61f9610387943ac8df9b56ac6ebaed85e8a87cacf698e5bbfd843d8355', 'BAQpb+0F3RLE7nd0Cg293hu4zCa8c0pKh9ol4lz0rWWsKEvCN2q76YcQAHtwRfwnXVMNWacSqgN1ZsY9T/OxLNEtexUXVdcNR+J3uQgOjgH1A8ZHQGEPS+amz1vKS776YNyhYVYuSIa/Ralb//iCx3PS99Z42OnfOydff9BCJm/hljEWCz6LmJwAx2jeGYr2/5Us8RoGdkX+kaT925+vHEIej/AJCcWFRlR2RoJ7esHJhpMZLU06+CBgq//ruOMYD8klbO65xW+E5Td3mh53cMKpTPv6da5BaIMlDfeI2jPdHxu5TkqIFsKecSQoLpfNDZNEyfhM+z7TguTsDJNLEw==');

-- --------------------------------------------------------

--
-- Table structure for table `moduloperfil`
--

CREATE TABLE IF NOT EXISTS `moduloperfil` (
  `idmoduloperfil` int(11) NOT NULL AUTO_INCREMENT,
  `idperfil` int(11) NOT NULL,
  `idmodulo` int(11) NOT NULL,
  `hash` varchar(256) DEFAULT NULL,
  `firma` varchar(1024) DEFAULT NULL,
  PRIMARY KEY (`idmoduloperfil`),
  KEY `fk_modulosperfil_perfil1_idx` (`idperfil`),
  KEY `fk_modulo_idx` (`idmodulo`)
) ENGINE=InnoDB  DEFAULT CHARSET=latin1 AUTO_INCREMENT=206 ;

--
-- Dumping data for table `moduloperfil`
--

INSERT INTO `moduloperfil` (`idmoduloperfil`, `idperfil`, `idmodulo`, `hash`, `firma`) VALUES
(1, 1, 7, '345fa59430c267ccddd89b9e2180edea893fcae7a610f0b3a3ffcb3f10436aa2', 'Dehr7/Qcdh5bmkb14TRQSgOG93UFTJug5JPY0KYJx/Q4tjkhCzAh0R9Sa6ntjPtNJSe/thhypdSyFivD+50B9NJR4nf1mGD41K45U1dGyvWAexTYHV5AhaXxL4jLvCmIGfNBf7tZ70f5EyhizIW+UoqiSNHlJ6BQeuDn87HwcydGAfwbwqvQGiU3fBLsvXoiztQDoGrqNpEJlyDAB22TtJAMeY/DpmXdJ0YZeAQbGYht7HYEOf4ZlNhWNEEJgnp3MQVa/wUEtKO+pFhjaqBMjhODgJv1nMamc9pAp2NVUiWB/E6QtYqfmaGR2Y6pWPvB0fGBQkd79llVpsDpcmGSEQ=='),
(7, 3, 37, 'a6d817bde19fc8b7894d1510b4c4c129a73b169484a5de5af2b2beaddfbec31f', 'pv6HZui4otWOewJuxVXH0U/E/DzyT/rnaPIC1wpWoHtjwaPr1Gi1PckiQPnsScO9BM+cTvMcakRKIrRrhHQrGuzxHcwBqrONmL819Mq/hLgGc4MbR3/llPQ9whaLLUjndk5LG4/QllgNCwbUuXxMDld7x2r3CMr+s8PRACYNKxLpzJd7zJf8rj6YypA/7VN3JLRKIDrPwRqvbnIdcHj0c8l5t4nZoIEWkJjTY/6Tcub5xYzdJ6MVE37qCp2PWu7t7BnibucDVV+CbnEN5Ku3iJJ8770SQ5bM9VmgvORV9+TtHxPTKiiylbfJvalwHogVzVIsPJ97ZKS40JiQ4nH9kw=='),
(8, 3, 40, '8a0042b5464dfedfbd03f20e06c57a1958d162a841bf5d355a6a5e03383fb329', 'D59vtZJAY7Erj6+P8atjE0E6rObphFbN0KqM0HAG7Jb0UzmK1mzlu62jrqUn0HE6H3Dj7HEGSmDUeRpQ8feAdhSVdCm/k7ZRqZhjI70L4NnVmwnZGJFHB4MQLtNV0Wmovzl8eYhFj0nS/926qT97jolUOYVdIV64OT48m6LDDMQNZx9vhP99xLugHnAlSOMuEJElcfWOCsPP6SP2K85OL7wnlWSCKY1kwwFWUGhaBpNkiQiKoUHckW86kHZtZRZ5WMcVOzUmdxqnl6bTk9etVafYjqO6ZXB4ArgjYQKcl/F9gyAYCJ3YZnw4gZmdrRw6py4QMlXFjkpB60sfFtJ1mA=='),
(155, 1, 36, '0ec84d692a20499e01746490ef5c80dc566b6cb7a99a33e33301a1c7cf15c3d9', 'Se5WqAeA5gdRN/zwHsRHMCVwfakOg/0gJwU7xCcBlAqgd88hR6EgIIoZYDlEXGN6RiWlQjvlvX0FLJ57lqArqvY/UM1ZlJe0zEmpbJPIfjN7/Al9HeddDGzTJm1xuy3gzT9DhEUMwFP9egnbuorYs7ogCnq4KvFN/85YaHWlAZ9H6CEJgnBv7RgNpheLFWzxhMc5P3JVl0AKXRCKT189e1zFYb+vN8kQSjZetnhCFqIRgxwpwmkA5sDKbl0SmAmONDzTzbya/ur+q7P0PloW4rKtzmjaYXzKvhcM31K/goSi+8m/X30AhTd+MTOfR/AFZXvW3NfvhjuRzQl5VWqpbA=='),
(156, 27, 48, '021624eff5ac265a9e2ce3464b8de570b8e05b9a13b35ec65a574403e71c829a', 'lzHZ2J10advckHe5YQAPgex/47CuUmAz2z9lO/ij7JVR8SBTFsNqufQuqXZddGNSXfKzVOUtQXH5NiWzoPCGcYTvznvcFkm/cGnyjf6FtZP9bnELbTiZ+ucSEKz1QbkwjCG5znp03TLiwDBN/7PVcAph7hxkIB3x1ohREfrwoZM8drEOBojnsjqKyrBklaQhuzdvk4a/tEB73pcHh/RlEWQ7XMSpu90AjkPC8eFWQirfF33IZeAwVWbHva5gAyZOl+9qtwWMUIMbqJa7G0jye2WGZ9ckx34pwDhR5geM8qBZh3lNBm393h7kVamRdDkPsO0o+iYpyoTznAaz0leGmw=='),
(157, 3, 50, 'c34c089623f8075384da9e679220d42f234f8df68d3faffce320f1e2ab37c401', 'hdFFt1YgNonLMAY7G5pyfy8g2dmY4E8uuG9jsqxi0/ICIDfJubByPtck6hzH1STcrQUBazP2iGADfHMVucSavaLgIEtIMLaeTbDnS0rWMWIWyT+8IhopuvADGCoMaIIJliZ+TSD/cHrAZbsC2NMY3tQCKIy02Tfyaxy64EZsTPS0rR70qY+1ggDmipO4k9tTWLQPY7putgGVCnGQyyU2xm7++meVBnuvGMmPSpZEcAt/LCMARekKYuiQXBZ/2D4ypIaTC4Bn+Pu1r1vezPKyWDxwRoLAXOuC2Nye1ZbGxaeBakPHVhOXgqLsuZdSb49OPwHW7+V5FSemywoFLyTCPQ=='),
(158, 3, 51, '78a56291552f0c01b6ec493053479e2c32a732cce5dff2ec0025f681f070a479', 'GFyt4Z+GpG9wNzGLzYU2yXooGH9pn2i1rzOWkOiUeq8nff64QGEPneWYROXnBHcKWQ8AQVfEMZcPKpRooDTtNU8K3nSzJf8q9SFvz+5v/Goa75zWGpVRGdzyPlfbv9x157XpJxDG+EoLsl2U6+Jf3kSOqhet58/7rKTR+Wxo3azrvauLku+fYy6cNgQg6bnRjgqE5bi9Go5sGKHdugeIRjfH6KIwT2CFhTZaIuESpWaTxadggFEjTF8LwpSXpb78O5KK/MOQOH1matbvVdCGOnWcZpcDzkQYqESy5UGWRXJXrxWmBJASiNy518JaMcn/sTJh1/ex810RTEZVykTpZw=='),
(159, 3, 8, '3c7034d4485eb659c6eb904f2471058fada7c0ef34b352bf3b785eff005e829f', 'jG5QSvS3CECIBo2X924mmyrjDT7SwkNGJrWiXmYi/WlD8p0jYPK3DOux14+DKScmvemsR+owN9OXUst/kBt4Lwe7x1/WrANDHsdutjqqCS+leNpHnwOq/oEm1qBIBUG3XtHs/aj6+5W6ztJYOdZcK+4y6T7U3HLLr++J/o35iY9W+tQXPxSVplUEfXba1Nw13t7RkY5J83vtzr4+pqZUR9aQ1w7D5wphbOMFnHkI23+gv7v7Chq5rl9HQ6NyTknqR+FqyqBOWgewPMaA2BkIRbW9wGRunRsFIUPUC2LJavMKVMDGydkPE6ULhy7YZG1T1Ldi10OJztVS4Y2fk0EdLQ=='),
(164, 3, 55, 'af5d57229b60782b393b0904fee059fb35284659530a2f3cfecf171f7bf6b6b0', 'ZTyNmDuwigtHba6QzG8maidN/jgbTkn1bgkl6miwlnanV3KBcES+WDxzDdr2d4pP6WnZ7ERXJGUoAT5k6fIVnKfWN0/Dj/5xzG4JbFJKeFV8VPXth66iqzb/sx5BovpdULaxqWmn2eM1SISfx76F7ONLCsXPUYhA6AAlsPMSb9dsc+MPALnH8hJHVZZxZz+rXUKuQUcp4NHcGY5EkvbT9Bjzb61rxbHOaSKHliTdWeP+pwPa4RHPsRa487BuDyuO21y003cl+iJu02M0JAkn8EXVHh35tID66nl8MWZc988vIp8DOxyv4fGsYTU7HYn1wYzDsM4WhnFOjPnH/xce9g=='),
(166, 3, 58, '202688b19c14449cffba79c80b62317cb9f5c3d001b80c55dba30bea5b1d8f17', 'i12FXr2dEK0TXAAgHieTLSFz0RfsR8W9WhnZsaYg9bC6ooJ2rdt9OAfe6d5S16oPey5Hbcrjd/b2ajxMm3kW5P6tM+HvyK+pSGbKwbAPyZxfsUOvS1n/9sOYHXzZ5/iuGKCWMqUNjFcO2FTuOfESMdRfOoDUoRT9DAFchJTVFX7V68gY5fbQSAcsuaKa9NWtB0Pgw+Dz9yJIRcp/uSOkr1vjxW2Z+ob4f5oV4F4pv3k23ZO8PmT20HQTsgX7cQylWY0OPFetvx7hKmYwEqL9VUoR0lMVdFvwnDzNvpwiP2fegHW1l0QnyrtO5WOdqWiRTMl3hUkeLe9sCK4PQvOZ6g=='),
(174, 3, 68, '2a6106143b527a4f2992aafca2ce80460c13b6fcde48c7766fc16ad037e1567c', 'l6dOxWjrMHqTs1EOdWJzYrokI9tqyQBGipDDPfTs4qc6DPm1Plr5n6r4B4u/Dkn1kguqvNaPRXPnSWj1S4bUTZ/KLGLvbiMqMVCXgEvyFK55qFrOJ5o1Jval8V43a1+iFwyPA3eG26L9bh5VSN9MTgu82qxk3Rl1VpVueON2qVP3Ls8YNsFQ+T2CaP4lnTgybY/ggkzZWN2ZkWjOoJ+hRzcwB0fXuFPT+bn/cHk7JZYGNch1ilnmFEKTjzjYhPURhUqjRB6NTh+Eal7oYA5EtPDLDNyekTUoIByhe/S+y1DHG7eDmNQDRtp6Civf+xNs3cG+lp+YPdSOaepHCe9FPA=='),
(175, 3, 69, '6357b1b16dd62f2bb0938d7ef155f577befa590d01373f9d458fed2f6532f255', 'Lj1yOUp/UDhAqZ5uEru2GSMpTQnU8znharLjkD43WrmLa/T2iCXtij5CaaQ362hvM7xrwWb/I59wOq0tQRhtwnlrBUA8n9rYXvbAKuQSOLROLbP346OnSUq9t8qgwOTjvt8EV8pOzdIE2lhc5XPKCzAcbQ3FRIZZJFCmPBIjpUFiHuLqsW/G1Kv4hFLB0Ra0l+5pEMMDWhwFfIOB8ERnb+ZDF1AMVH60Wj68UlnqXp1GQgGFPhkvSOzxit4zKrFE/VJ1+8uIWH6IJ6wamrbDlM+TUA4JouwOvcya801CIPPDucc9ST+8rd+6PbjhPEDhnrv0B3RfPGY258sp41/l4g=='),
(176, 3, 70, 'e712af35cf6dcfa4d9925fe5631833bf166785467d9277bd6de15eec28dcc943', 'e6g6c6X8PXfn3IktJVv2lz1RtS6PPUfyTVJvP+x6EmoGEV3VEzfE1fbMEhdJLKoGXNE1xayIDZl8KNTGpjOPxdWHMoXpZpCocgrGbd4N+Z2TOyHS9KxDoLxWgzUyCqoPIUKYsBYMRaab0xpCrLXsceb+5au93kEMtB/nzSXMb3f+/tKo1/VzRp46b/+bB+s2keKHkZG83GVCRqygGlCOHoWz5GTcYt+gJtJNmI0h11nwW8fnrW7Sd97ZBRy+J8OddPO+un49j4fC8fm3Nr3TqeZgU/h5nlmZ1kFx9o1VAcYQSVrPM6Dcvkj5N0KTDrU9J8EgizXLeam2ROrKnhf0KA=='),
(177, 3, 71, 'e5fb50ca53ea03e79c8e27d512089cc40f0f4ed592f51e1f4f8192458240f816', 'BVFIRXXhQ8+cdQqHP2dtph6d6UF88+8Kedu287pZ3m3XeYMl85xbcrt/H5Ds8lJhOmZ8+fS9jXv3fHeuDUhQvebwdNDnZfWe2fgmTkmZR8LBOyw9SD2rnrchzaQJ9nuY6FGDqZV2wTUVrsCcVCHPJSFp7EPqyyiXfgUHfo6HFW4QeZq5SZBvronaLr4U579dm81oRe38e4sapqlWScQb84V58d+0aJSB5PwW5FysEW5nz9EvD13GRZp+LOEi73DC9VaSqXdvBrUnKCAzaiFRStrjLxROmHkI1xvUAWvs/b6ojU3eG5MnnCY6oU4BHyPdg56MWYOeWLAo4rF5uvtn3A=='),
(178, 3, 72, '14919bd485a678f254b3d7f4d911fc62e547951a16de3a9ca62d6ff6c7a9b271', 'IL6mW7aciCFDVEvTnzjdZE02wRdqDI2QqJ59SVWhaEYiqs5vIjOpKhEfhN2U7ikW+VauvnaqMcDySPqzz8aFvOxBoXOWlrqQnxD5Kx2rRWKJPPzP4YZTaUWksn5Ezgrr50tqO4/w9SKhj16Hvsh4jdQj7g+qE6Tdf2WlJKxBfupcg/YQInYTpMuNR+csVZLRaHegaYlnyCTqcRT74/QnI4uJ6QdgGhy1oPgSlBSZl7TUQT83k3V2JGtAVT9LdfVZeYFM7cJczX6PG+ODVhgN3beQXOxCLHiteSxMeE3aLupAJhlWO4ycVqxNkWm5d7bA2tuChq1yVn3W4ETrpVbFow=='),
(179, 3, 73, '8bcac95cea7f56ba37e52472641eef9c68d5c4d634fc55bf610a138ea3076b98', 'dBdi8MQ9Ixnkin/N2Qc8OW6gz33t5pM4E06ZPBsejsXesxpZtLs5GtP2/LNrZUw0Xuopn53leOISRkIsV+v1jmhU44tK8b66/k+haNTtJo6O0cQCvgiAGNqSmpKuEK5c3TL6ujPeeU6+3B8jUGertEsawM9JLbCL+5HlcNGA4beawJMQpiTEXyng0IPUnEKcBDF5ifiPJx5sfIEaFqGtHSsc5+BtumBOFQC1Nt8kOAHoXfwmM7euf3bbZ35i7uzcgUMW6J6Ipl7eJajUJGEyk54sumfizuUPDZLCMLFe1xtkBnBPK26li+Xmfq+k0vOKMOpER0TlyNvaY2bzFah3DA=='),
(180, 3, 74, '7fbd2a5a4a9af47ce022762a45c42195d187c70eb20365438cbe3916fc215766', 'PL/WafQlzkOoUqTK0ttuDXtHs7BemMUDXBF8ojXRbDoa/tuSH2tAL7RZdz7jsFxIaDHmalxS6lH5WdbU1wh01F1XLD79QCBJnwLHePeFm3Nwh/4wvipsUcvohfcz2bLPPTfcKR1OWh6WZomw7ZJNu5hT+0rPWNSJezqoTzlLQfgEOrEfvVjaX19ILKNmx3TgJ19+P8nvR3n1SwjGexuCGpR6LZQNBeXrDMclJC3Yn+IR4YsffPaE2glzbIyDhS+mht75VyFeLhHqcr7A2dcjYKQceFMHTFb6h5B1AQaBrzdAmdbzQMhAxdbXe/an6buUAUCPqcoCZmdZjeN5EIoBWw=='),
(181, 3, 78, '0e42eea6da425f9c4be5a6ff819a2384b3f3cd765faa2651c7d41a8c8ce01d87', 'UmMHzuOfAnHhCxNMX1X/Ydup8EbnDU/MjunNeydp9czFLp0IiO9qxxSLYUCkRQWn6cBt6UBgPaHqt/+SRKnHwfwTQSyO+lSsDisU2qPGOIp7Ox4rp+FKCWHciHWg377u6Mz75CMuTYa4/0XRwRdFqg+qiBO+hVbvFUG+U5AS3MTm2gs4MVP+lort43BqC0x1sRw1cTMCamMbtnF+tLd45kTRmXc2YRs8AnEchflT5O5d+Vpzkvhf7mCdwxP1Z2BDGzp1kUOtMtqYMbzw7VTk8T6ggGFVkVtaTTS62csQQ/tG/t4DAqxAbvzMSRGfjcVyM2+hJRFB7F0QGFW3lAlz8w=='),
(186, 3, 86, 'd48f8dae55a32727c5afe47b6c5e4896f28a1161b6cea522d2aec1198b6bfdc9', 'OWGZNY2WSM0Ltu/DVpIPerliEXsUEWylNx/v5veuclV+qemd4ion8IT+02yXAOEOm9q70Ed0IFgHhsfDez3v6A3O9SdkOmzlFJh36hbAlSYTYqMCEE7AotoB3DyppHJpD2ssYvyHJNYo2rBbTu4l72jA0nPMmb4PiS1abV3G82cbCg7jeX+XglJtXL9JyyCK675HplhE5Jyx4/4Y1a4cASoa+N1Zsgi2FaE6PLDQRIMWv6/t+dcmV6JchiRhJL932g1ucRYRBGXRrwy85ja6QstLadmTDNXBANEilqZRlUKHboNdf+FOBXrCLV+sBy65TTqQAd9xFH66xezVwnPDMg=='),
(189, 3, 89, '10793c2fd58aa39aa963e3c2a4d75468e0aa91f1819c112d2f4ee7b24af6e7db', 'mAvKRNGd08CZims1tJQ5akku8YnAm8gCjd5enPOMX/8vD71cWZknidJlCr83MXO2GcEAWpKlHWUKAKabWv8qqOaD71r2Ewv/5Zua/q+LzcXqLhAfkl26+Fwm5EOLdrOZCpWWWmlh/h+w+GTnLgW1gSgvKkt/EF7LftCcKfwhnY3rqyxeEUuzJx38+IAbFcmRyCh926J/smrUFllnA/b8XKKhNR+I2+ys/QDOYzZAyJ3XVZTNgNCroTJj0O/hn6v6tOLLrC097fq+jfdxRdKUuJqe3BOZO9Mp4ntYtCJlxktltKKaKHiAXSx5hrKKMZ8FC3JQDFYRMUbtZ3FaIXtx5g=='),
(191, 28, 93, '6e03edd5738d8d434f372169240140e94538bde778ac52cf8390835f044e8ca7', 'm1dMXOwZ4mMaWCiNyI6NNV3vVA3UaHaG7TXIpAPcxfUF6tsXuivFS/lb7kfwcH4PfeGZXjRVqNo8fFScRX9b9Yy+SbdAzln4Otp+j+318S/FI1CO5+YZ3pVvtfLU5ZHxbBU7a//DoaDhY7JHH5vEhKbA3MhuEq+O0iuKWVfQyATZlPwIerALREzt5i4SF69ma1r9fvzwPINKRaiZfyw5rlFof57MwEcyXeQpcTNVlqUuqVLtFbtl2bkx15ZX9AJEEHhl0FkTEJWdQX9wclUJ+b4LmCKHzBdnkaNC0fpSRFVf2a/HEy4Pi6Ysa7/cV/Vs4fgXP8rXY32lvTSW+I4Yfw=='),
(192, 28, 94, '59e4f81cefd17a021fd8bbb42152d81e3079843ca864c399cde95b05add0be73', 'ooem8OoiphGKJYZQjRL1+qY6gaWCZSJ7fESOMrhmZwjk9Dl6O7Ol82FzYsC0hiLjK3s7sAyidC7+1BlOsZekVmlk4qDc9eo644qH39JCf28fS/9FJ4/rQwdNjw2yW9xz/D3VeRAy5qCjladAE9v/dqeCMADo8pqjYvzKcezcgNUcwOWmP8OY2HV0gV+I8Kdn11D/GLszQOpU2F54j+4UHFZ56pVsyqc2m6JkeA3diYTRIWZMuOdYWKSvCyzE1x8G327HV9cZ8sfTjqeo4R4OPCe3bez5qguml7bLfaWRXAxdr4bo1A1yaAUy1XsZFStsChLbar79rzyRva4lmad+8w=='),
(193, 3, 95, 'bea2eca10180523190a06d96dddedff09fe020a259e92496438b181498d314b3', 'iGTuqLmR255ldpv1R2X9Sn1TJ1T34F4P/DhscykICfdS3bKg4PLs+Lw2Y0AWysWMdlLZhrtebUmB3CHunbHwkmytiDEdatgPeZ4iZOHQ+mcavqjEkRT6RQp5Kgepg1DKSwQX7iZdsJMhjM7LjIfcM925pVjI8DPuNJQhLYz5DxPnqV3EYagrkB+1UmIyv69GvUfw8vcHKKh+0Bad2El6OGupct7VTrUewPhDfPUlOXtsYoDzLU4mG/nyuqtMjQ0Au3Q4+/yKASc4PpGbTi3YKDPRtDqIwDh3U7aFMeqLDaJCc1/jDiKEIQX/6fihZMWiXd8xRDYaDrb/emr2QyEnLQ=='),
(194, 28, 96, 'dcc26b2102671f95998dce5efb13c2e1b8e83d29d81484962cddb54c83ca93fe', 'TL15SXNa2RgDRXMZMb6wqlWXc0rFTgPKRcIprJQ/EmmOkbQysElP/kms83tdi95AFzAjBt87gw779IIriG8whqacoQyMIS2eOS84aBm/JK4UHBoWLdLz+bNdGujC5HL8750oa96b6C7jQxdU+zN95xOw8CjEDimT2+AowEDXN4hSwLrn985qdrAXkWmS+V3/VXChT+Bxpr4Ox69Nv2mnaE6CIlkBLY6kMPOfvaKX7ckz03xRCpfNrH2Z0dDqpzcf6t0tqSCXYV1d+Qump2i8ViK4FL73oZ3mPU6q5mUIpLjCPyPlsXiyx6UxFtY+WT9Y46jhYuOG1u1QnRemItl8zg=='),
(196, 27, 92, 'd1716cdecbd267ba17e49cea32a247ccb046c888e6d3126f99adc67df1eb4f8d', 'HcwmXE3Ts/uyliW5IBaGDGxzhehETmhOjILAYZTkgM7+lfDAozyOBqz8AyVwcJREfl3+jVePcu6LHcacUBnpObsMKvqGGj6E00W2klEn9mEaxEw8QeaKAcQbYV+7Kz5scpxChZ/g3gefx2sZXVC4vv10eNSo2poeTEf52XSCuhR1PQ86rgdBDL5a3Q94KXxpfoqp4nWJaj0qF1iEiIqDJq9rNHB7Ki39wZOp22xUEzj2x4B181P1GqItBumlf48OOo+P6JnKMyn46lutGgbMEjIRWrdOdGAfSkEcXp5kFHXbzF8lCn1TYNa1lti3nmLXtoIkuZHo5TPd/UgLTTM6Qg=='),
(201, 28, 108, 'cc98f5abf746d08def458949bed8266f0b7f94a0a25352d36f1e8215a634d326', 'arapelFQqNCcEIHetyuAPd1cL2GvW0PyAShRRJyVPlDxl7RbKFrZhWd0KR5tXA/NveWvIzo0qsNkfe6yzK4lH2xbUpKbILmJwrSKlX0kuTLipAM78QBwf+7Jupk2GhW9MgEWkvQdszrC+7/M86OWJL5qoKM7EA6L6ADktmb+56cXsYGV8MiZ7Zfd6NUfUdlNcK0FAooaGBZ0BkrDY0DuM+KpcxLANX1jbbCw1zUSf0XUAnMxtK8KbbtXTQvNDsQtKQS5LHZZIOlMGG1Vttx26m/KGMqpUogos7RJWQ9TdT6WQzxKZVtQ+pidwO4hQCh35KsVZm+R056NhSLUy51Jdg=='),
(202, 28, 109, '268eda53d5b420f3dc76472ae169d70ad02bd3765fa76ed99a628feacf2dfd94', 'mGcQrsnSvQXb0VrjhlZLlBn2OPvHPMvjgEKP5CPmqZEf1GyIvYyNxRQxnobAn2hhmjo3CnUpIX21jl12a9+zrHBBZoepkATLIjqRmqHREEzGYo9NYJiheTgaybzP4O3iGNegmMU6xMGadCJJYJ0KjUxzL75m6vA3erVSQsyzfyTFtNxXpXAAsiAlzU1QWjzk3xX79bHxsy8fD8dMSHUvOhLMLzHgWw3zI/pbGO9WdeT9AKtb/MnZt/gLL10CIOyzcvk3BxO+fdTSij9Ir7s2YvHi3ynxvqwApafIA2IlTb5DhxnagbwjlQlhm4R6jiReKQp3sWk/7RAVFde1JIiv9A=='),
(203, 28, 110, '436f29f764b5b57639b63952ea6e1454378993f1cdfa0a710dd10b70fc1488c8', 'SvNQnIDBeInDjluW7oSeFUcfd68/b76FDnqksnqYCss1XaHSvnN6I/bi6RPwYXXEzqVNYs8O7K+P+N12eFDHEwIN7FbzEyefJorHheyTIsdjZgugo6vRJSEnqFW/2IzG1MKx5dViz4Q0FJtlx4GboO4MmXvhOzKlEpD0NlJp7P7qY6qs6X1JncA+wwmAHGch95HFps1rzA5iuRuuMqIdeliPcCdwOgSDCYeYVepdf60rZHGf+B3he7qrH/QA27USlRFjYpXFAlR4rsnSAWlqdBWHMTOZtAYCGnKJM5ryYR6fttr1i0iSYdPiYcA6QIwiUvWtgE5Dyl4tXvtP3xU1ew=='),
(204, 28, 111, '7b8f2ab19b767738067774b5faf9652085cf3c40d6cea0a93eb697dfe9fe91b0', 'Ut+aPVQKtsM6knCpnc0wkNelXZ+rOf5MYFfXZT9FuzHub2H8vW9VcgfdIjidRmKkRBi9mufCSfF9ghS0JUMCHXoHd8T/RG1Gt+r5IalGcnTWcYez7z8jfIRcquEa8JDWchGoxWhxdF8uShQ3KlKFcwWTmqcOhURKFtHa2DKS/2I/aGQckBFn/Rs2/9PSIdbBadqpy8aV7z3yIoSTXwWPB8pcJb+MUOAdMzDn+EBRTntTkjj/1jlwyNkLOYBY57qC35TgNXsS3sMSMk9rp32Y9gAseW8t/41NBDDzOtDlaaieHWplEjBz8u5oFkVP6kznuAVBtEI/ccFlG2Bj8ceokQ=='),
(205, 28, 112, 'eb136a1b4f5287317fd25aa657c8400e442f82f2cb09bf9bcc181f0d383e4efd', 'bJH8lQUGdO0t0Sx5NsVj5Utt0luEzgfCZY4XbAZbVuoozB1V5yZCLYd1rPpkiltFsTZLAWpisG5NczfkAL6CZVvMPtPbKa9uLPoY4P9HRMKauc7KcZGO7eeIMjxONdu+tIkLp/Aw+14Rw62SU184k/TAE1rzqkpQEM9iZwp4uUtRRkZGs9cADJI/WbUKdMvVohH1HePZwIVtjtAu+SJnQ4js3FmVB2SL0vLwjY7iCbt7Mt3ojr1UIaUejyimThBUE6zEbde2LM49Z1K2KUcA/WDeCxUhQcwWAaEGNAeycqgDrP6jcizhwy7dL7zV0gwXL1p+sVCfs/rQNYKBvYFwKQ==');

-- --------------------------------------------------------

--
-- Table structure for table `municipio`
--

CREATE TABLE IF NOT EXISTS `municipio` (
  `idmunicipio` int(11) NOT NULL AUTO_INCREMENT,
  `iddepartamento` int(11) NOT NULL,
  `nombre` varchar(256) NOT NULL,
  `gentilicio` varchar(256) DEFAULT NULL,
  `hash` varchar(256) DEFAULT NULL,
  `firma` varchar(1024) DEFAULT NULL,
  PRIMARY KEY (`idmunicipio`),
  KEY `fk_municipio_departamento1_idx` (`iddepartamento`)
) ENGINE=InnoDB  DEFAULT CHARSET=latin1 AUTO_INCREMENT=27 ;

--
-- Dumping data for table `municipio`
--

INSERT INTO `municipio` (`idmunicipio`, `iddepartamento`, `nombre`, `gentilicio`, `hash`, `firma`) VALUES
(1, 1, 'Bogot', 'Bogotano', '02054839ebeee6d380a8b4e32ea5d5aa03910b4ba1825c2fb73e981e9f0729ed', 'tU7ifrpu0Vr9j7p/hZdov9rNUyHkh1QBjxvVZECrLIrKeZaJP5pCbxyZj9KuwCv+nKgeOBr5s6aYedDnYmj1D1x32NFOuUZ50OGZEteT92viItTfQsIRkElRKbTnUNGlQLGSkhV85UKbaCg1aaIIKQZGg3pcCInQgMHbaCCWM/LtxhWrZmS8iUjtiRYKc3AFlEJjFQQdOefo5nDeAFQKp/MAdPfsO6UaNXNr4cq5OlAYjCiCN/lwF207gkP7abRCVb/0DnRbQBiYD9K3bUoDQKGuOdnrKA7HqIuB8nkB+nILoc66VKIaAwlRYBPLYz+TaoETuN0mx2+eWw7Bzv2RDg=='),
(2, 2, 'Bucaramanga', 'Bumangu', '569c057002c50a69e4e5cd8eba342aead4912ea909fe51612118eef50e896299', 'SwurrfXpWJiuqu+OPIIo1hB7+SbJs9g+9cLJIY4wQsbMrDfC8vMQk1Ype1u6RgJk7PrKFXwbOqli04qRXbwKOxy+NNHtAift7+FqhRfFoKkiJEDSvRiAj8RFwxecQtRa9B+sr5JAsLHKBFZ07N8tMvjaILR163j7fsU0RL+ai8Te3cVeKF+G+1GWuAb2XJVgtIIpElED/ejDNVJNpxGoHSfyRKlQ2pOISDG1JYkS++5P9JqKTqS06Px5vGvF6BUfORdd7jE3FpoRm0Eb8nR6cR2Q8cBDWcCl2RLWG9VHLIGOZnCY2CdT26dTshsCMlVcTi0HldKZUOv5cdREIQMAmQ=='),
(3, 3, 'Bolivias', 'Boliviano', '220128341138e0f1c80c5bb3d84355fd3113bf8eed802d3cf1fd3bedfc6cd1c8', 'b9yZoLZg1eDztR0oNuDX4k1CV9Qx/5o4gmlQIj7RDLj5WJib6SEuCOCk/3ZEpKYgwsP4JFpFJG9dSG1CMalg9XdlU9Hhyy9/8a7yoQntRgAqR4DtWACy3qtZIhFUhTPOFUC1JmWb90chp5vvkLtBDLvcyhpig5b0PXoMOvGAZbGPWbnex6TM4KLOu1nSqf2uhxo3fv61ichocbhjYHXR8aXbRsFW6KQPhI96IL+BhK2s2a8qr4poA9Wte/yBEo1HCZ0FUvVecISnFh8J6brC6DraMtLH7kD40YEHeuqKRW44luzpOwmI2cDz7BPpx497yrUVa+VCvdTMni1+fyCeMA=='),
(4, 4, 'Venezuela', '', 'b629699612e850891980918229c6c20400be04f1010be615081e4e361d93782e', 'InqpEDb49B+Fvw1oCGLtU4tiNeLG5NlboTEsvAvLQAToN/PZ4KgCR55SFOTIe54NFhGwhF9mWqTt34dsT3b/W5NrwMd+7wcom2ERauBMrgpCpss1kAF53vdgdSLYYMoBK7zaHzNff3T41jjLh51vpO5pzwqa+u91uZzASNTS6Di6nDNQd31gHDTeeQ5cwcxwtwb+IgNTguYoJDCFHbJwdFcqSq7YOn0Fm4iQ4M2WU5FbU5zFOTSFD1aE9oV+7mLlocQonxas5FkWfNOcwcErAFsyvJiFrLJ1u5SZMlRBJ6X/gF7y3YZ7YydUrcdYlgj2LeMyU6nJBdWcFjlvZiXoQQ=='),
(5, 5, 'Ecuador', '', '04fc1801146d42e94f3e6a6174b25713ff60b68be93a60d20c1990e1c102914f', 'C6LR0M6jjWYBpenCLVuECr1/raE6yBgCPKRi8aRKyHsv7SduvQ1o+QSFVcA1X0oajnA4Gpb5lP+I8+Lq9frcHOQMbH6V2LYBmQbyKJ2HpscjMTpc3WAIyUtKY6cPoPI9cEaPi9AaMXvizyimrF/GsKduQptcXcMPEDGT7+tYMFVIUCZ5acMOSsIxzij24OuRdNe9AlYwfSftlwgwm2M91+ZezG3/yXI9IuRcB/zHgZ2SV4G+PaewV5U+2ZLMdcMksuRK9d/U97Tjl6bZSY5XnRVAx8Dubt+Q+h1LZa4ekgzaceOzcUiTe33sO0Fgan65xfTJ7chqiGfEjQJdnnAG2g=='),
(6, 6, 'E.E.U.U', '', '8c6f5e6d1e51279497f4ed2c0c5338beb2b166e43218dfec707906e7980b3889', 's3/uAsGLuu4N0kzIWOExXU8ZjeE5n8cV94XCkW7NSt6cZyLOWIQPe5vYaJ+H8V68wygE6TIxIgOYIhNlHBmyBL5DSQYHTAE2zsbLcVaF8k5krS3C1xXBMPQhqwcNgHYkGGczg51Z1T7cqbFgx0bdydrHZwX+EGYHuXKTZS4t49qN5dwFz/goSxbfHbmo7dMxoLComIzhyxrQbZaxoW0WTf6m8pPjPZBSmUFgoeCdRYOQ/sXsphpcVDy6zfdCRWq4fhRofO1qBQ+y3I0UgC0HK/z/n9zth+L/kh0jt8R7gKBSV4BKysqOpk88btD9PxIhClhAMkbcU3Y1hCSu6oXmNQ=='),
(13, 10, 'Nuevo pais', '', '5404b07b666e35e82f760a2f24e747eb69382357646347270c489b3089e08641', 'jKGsYFlRzFJws8axs0VN7DIS+dsqCWFKPqGGO6bEwkEGTxcYMRlqJA67znJymZTIwEHbXQtRxLJtJTM7rW7Ku81EZdqtFYBvco3pMs4viUqOQiVs6iCQ8Lw35/4jEKVupexlzbu2o8Ey0E9YMrHPOwk3wROLKXc8biH/lvYrS+uB4HyTM3KQFDMrPoTg3cVq3H7cCw3nobrNdrpQQy7fpDE7lLyBjTUv5IuOF71csXOslGcgwRS5IO9Q7frGK3ZQr87FTOoVB9lK3iQg/DZpLl9Zrt4fkyKsJA222WUVh0VNTrx+5k2VIlPU8MoRDWeBcJtpOynXlsQ4Ol1D3C1wLA=='),
(14, 11, 'nuevo 6', 'nuevo 66', '4b8d4e59e77962d18b6918a65573f0e7653a53e71420f3bb180407e92a2c8e71', 'Qgxa6bUicPfF49iToxAwe1r5HeziF2Jz/s7S8eLXqEk6jLA9wptlfr32L3HRweEWknEyUpeEh0k0tmX24L3EStujWe0XK7q6FQ2wJF8hFO8x2dh4/6U3cYS7n+rETyZ25WxyK0hP9ajzA6NM/0Kj43mkCrTGm/qtS5VKYEA/DLtAFoLw+wWfqacamcoSI6PhyxSoslfHqQ7uNQk0CU7bGfoc4oJ9Yv7H5nNtWrLjNhoiepCGzwe5Cja0VdnjiYOlg9qNAnLtxRq6h+QF3C5OjWPnCmwk1voUFLq51O4/PDSuaNfWop8EGOhDgEtU/njjnKFQKhhE0LxMW0A/DasXiA=='),
(15, 12, 'nuevo 7', 'nuevo 77', 'b4e712bef352bccd421e50d1e63a93e80a7319d1635b0a900d1cc6455792e6fb', 'vQzAs3xzNOUA8gsm9tS9C/dxuzEp+fG6E0RuK2U0uya+U6zSVO+pLut0R4+gQPkQ1io/SX8nClk6WPbUI+BWS9XstsY4JvyA/sNl26+WmQx29L9TSiRxeTXJWLieKFDuaJPNtif6crRRxEQhIadkofkuVqlqfvt1TptAZCpR7qsYfZjZn87BiZuc2FrDB88wJmfAEcpFkM+OdPQfqnK2wi90ktAa8Ds26uFSUy7/9+/4OhiQgxZqS/h+TguF+cWjW9Z3TRFBCC8TD7oBdPOO0ad2I06fPS6CaprUf1X8Kzh3P2pryIMHD1rwEgovpcJkLya+NVIQ1m3sDcdWJqDylA=='),
(18, 15, 'ok 6', 'ggg', 'a4640a2e58524c2651899bdad4e64f4d066fd7a8297b2a47fc431e0420706f3e', 'kCo6nOzUOIve5z4wn/ds9vNHzIQj88qbQ27tOYU9RF5PBcTQ63wlHhYKpraveOE2Jo7TbEm8stVa1vqx9WjhzINoOYCsTS6rkmeK3eDQgvB5D2UEqTQufLqDqqSXsL02295fx9YX2vhdMHsOm8sp56XiTEjlrc45OJalrnK1bxRxF4qw7rPMmgY+PHwO4t6ZC2zvIceZJ7FwwErLvytizRakUgEhnvokXTswEdZ/AxHdDs7ZOFlFAxwrURQCVGkuju3UkNjcbK8QuH/Dl5cRQgRyC2ZFAC/dVqgrSq6haqGNdXVfO3a9+3YRCW4+fQXKh8OFH9HgJljfvp65K/smBA=='),
(19, 16, 'hhhhhhhhhh', 'hhhhhhhhh', 'b0eebda849aa319e8b5d6f25b59c38772e2e4db4a7e768c6ba6ea304759d1ddd', 'kItEZMdWb/aW8p/10L2lBq0cSAwkvtA5rHE2ej7SEyXnnvTQ6ucuIrNS40aSMpl82TYoV7MKm3/Wc6w0KGcS9W+7PhxCfCK6qEJetokgHbyF5ZEfX2wH4RGNG3j6Q50dV2KhVm+N5Tt+5gkY1X4+GRrdB7Z/IN3wW1n7uOtJjRJ+3sJ6UhuAqzEGfS6n/XDzRg7/0fEhq3/HOpliSv0f5RMsnOs82Bttjb+GrTysPPmI1oO6sdXA3sDRZ/B/LS39dBKK+KmCd8CkEhr7TTWaV9OKQ21Feqx6dLM3QM6r8wWTZ9Iu8g3Bpxdh29+vEVNQoW1oYgT7+XYwU7Og+LT8dA=='),
(24, 21, 'nuevo 18', 'nuevo 18', 'b0e1eeb326b4b470b8ddcf05a9857dc91772dbd968ce90112258aadd732cc39a', 'JAxfljPVIMQWbS9ZrdL6meQwfk7C5vuqOyW/xigAd9cKso92xVvb/TJTdKBzLL6TBoygiphHZ5TC89YDx0JC9H99aEdUiHw5CdWADHd8lH7NYCu5HEb6769BwdgKXhjLTgPoTRFQHmntxS749/L6tU0TqUl7VJ36pRzKzjmtRi13UYfhtIcz5Oz5qgOhEaGbuDW4eWl393nHKZr2E7HAiabEXVk0o09a90baYYrkw0Liya+faAVEJmHfCOr/tBExCvKGA89qBk650e8TVPs3cFzpzxZPaaJP+wvpbys4h5jJ65sP6EYYkDjKzroGPMj8ehQk73/ysZ43FJx/3mqkOA=='),
(25, 22, 'otro mas', 'otro mas', 'a78bfe211a712597e927eb11f5a22408c17299f11976ee744a3a78dbd78ec170', 'rRzOExvyVtbzqNRGB2o912h58iAnIPWxcfiUoi64T9LrT7OUC4m2mF8F8gClji6Cl6jKC0YLzM8BgHddtxVSIVn3J0gWq6GM7+HiLI++gUpvJrjayW+Wl/rVkWAu4DQz+GitdyWc7vsf1RZYu6kN7q6yi80GRaUCMVMOHxgEykcpzgauBSAjanp3/WI5hUyN6NB6sD1U7kcINrd8mlX36orj7ZxXiMYJDSSi/PsT/hnbAHknUTW+cFCTuvGXT6ynOw7TgwnbggZK9eNn1pLwbgV/wYKYRCX671YWaaxxQwtSEWIR0TdF7wd6s4FitM98PN/ySF5pg4RdkA0xwb/eDw=='),
(26, 22, 'el que sigue', 'el que sigue', '479b5e2b274f5d6e48aa2d87d332538d29b85db65c4cf23af00209f7afad0512', 'fTcFFbN2A3rQ2OnB/wBClzx7XkjjrrwLuz4pwqoYavBzTzXPWECc0UinrV9o5RYpl+xODM3Ic2DC2hm2hFTzi1zeyaoW3lyG5V+gPJ9Eqry9KVTdKyXewPH60YJ2ScFvxxtbsJF9hKFSLq5bHw6f8n7ssC+fcFl2NzP6smiEC3O3iZX7pIiX4EqQZ4hd5wCGN3gcIyuJCg0MXTJ6iQpxlmuULwHeAzi5XDUPGHZKYGVwXWoSv10p1+0EtwDLIcbbTEAZr/DLEbPbKwYr1RSLZIx+P6gXBieYT3LtyloDj1FTOQ4B3NqyVz0W4OSgfmkEXveZYMJkgxYQMyD86yc2mA==');

-- --------------------------------------------------------

--
-- Table structure for table `pais`
--

CREATE TABLE IF NOT EXISTS `pais` (
  `idpais` int(11) NOT NULL AUTO_INCREMENT,
  `nombre` varchar(256) NOT NULL,
  `nacionalidad` varchar(256) NOT NULL,
  `hash` varchar(256) DEFAULT NULL,
  `firma` varchar(1024) DEFAULT NULL,
  PRIMARY KEY (`idpais`)
) ENGINE=InnoDB  DEFAULT CHARSET=latin1 AUTO_INCREMENT=19 ;

--
-- Dumping data for table `pais`
--

INSERT INTO `pais` (`idpais`, `nombre`, `nacionalidad`, `hash`, `firma`) VALUES
(1, 'Colombia', 'Colombiano', 'fdbd7036d4c5a6d7fcf753c2e6efc9cbb7a45772ff12283f8f2edb80184f086d', 'GZ/vILHWmdI9MLMPFRZtbsXcXEmy1eQCpaVwSUaa3Eg5Uvy9eWLJDabIYLWE1i4ByMEquZQox+B97If1+cQ9c0QWsElF9ZtSEaZVWWyBXGOEV48/wyPu+PZA5DkI8XhgFhdG8sLTfBD9GJdLjx9dHZDmhOsLggorwER+y4nkG3Oqpl24xLsTvmqnpuAQNTey+94z/3ySw5J4783Hp1QzQCMOLYVpy21bKMM9nvE1Ihc6i/6fOuLigNBOFdRJ6izs+j9LpnPJ+QCMb25J04dIet23PkiB2PBddHznNB68DYKI16BOx0PZmiiflrBkc6HWCZa55J4Ecokgj42QY/Cj7w=='),
(2, 'Bolivia', 'Boliviano', 'eeab90c31f7e783c9d1327e5a8195824e2d974b294397e46d26bdd35a5ce6681', 'Qb+/mk20HPbkm+BPIxlUzu4/VUFBnt038Xvnp7tfUn63B6T5TtBzPOKtTBTNqN/yAofTN4o6y6dOwtgZVVgnQFOj8bWEyhTe/iNKehsmv+6/GXAkstmRySyg/gI1q9Bom8V7MmZ+L8enkLeDzX6+5MJbBjfcG0CeIWEH7StetntoqYy09f4KLvIlaiBKjy+J+vFIU9z7YRgli10TGvRaG5C064aMtC1v0rkjnRXfAU5odNc5z88W7lnc9aQ1RQknhUo/Do/w4BGsCYRJuKMgVrbNqAn6PwQNjKAlxxB0ptZfBcWHD7A16icAMg675PSgYJyni6I5XgiCM7YjLNExrQ=='),
(3, 'Venezuela', 'Venezolado', '5bf359bdd882e6d68159d20efea66620f12e426a792ec589f76c24f31d85a19d', 'l1YfJ1Gvv2aMXLEWMGW34lloWb7QBUwkClyMLPgi34WD4XYB9OCJ6K6fw0aK6AE6VgcJV+tZEYDNnfS+8Yh8yQxaic03N6HsjWf/iV3CkIPJBCxYs18wHIqRBOu5YaT0CGXTnW6kz6thXi9e2L7OPIfJFPkFy5EeVCU7i3aDj8K55Qg7Q/F9Z3LYtk12YYRNaGY+03jfPnx6KrwTiNiarYfYlBKBQjn9d9anedI08xc5cnOPZOvgRqxav5rBOYrT92xswVh9NhJ8ThXa8Svd6lYlGdMIvT6ElABUBJ5mkOd8ZszF75oYS7GKDjhXpi2I5uRXymWAXLSQEtd5R6P62A=='),
(4, 'Ecuador', 'Ecuatoriano', 'b334474f3e152b925ed7145adb802e48ee139629d79ae801b2ae308a4fdc306c', 'L9MHxzUzUGnwQ3Lg/xtoem0axvjjHFNACQJ3ADv1WVJr3JXS3ScD40UR2FBaR6kEh/gxVdQtcjq2h6x6WTrVRWwSmMlsN5sazzi0VrQcpBkXJn3G4S4kawMV6A8qmLW7Cf+r+vO5MmpVHAhJxRennI59UEGhmSwNsUIXoIGDJ/Zothe40gddeoX6jQWQvDPMhV0xsVsAtOvM5pURjTl+JjHq5UAdS9x3281vPCaD3kSzRq+/n/Us3h3azYy2+q4nUZh6tPdaxGgK5qKSqEQV2mgj5PWuQi1fu9Y2lssbKlM8kb/hhcYqw4fkoq6ZL1tNyyEY2w/BoOuN/j4EGqJ/rg=='),
(5, 'E.E.U.U', 'Estadounidense', '8b87480148f0f975b652c5a8863903cf5e61d11876eca006d867ffe0fed0460b', 'V3ifZCbDLMpXy9nAeK/fQfV+n5raSLBdrkFLjv/+Ls7tEwntUQOReU8Y4TG9JkS42LVAbz1K60z58USKdfBEgYKEUtRK25BI3OExlrpcaf0AtRG0oobFyJXL61HKYoEDrxEuHfaLRjkKHAIzL69q2yuqWm1satMd23x4NXOQGTrS1/MGbvXCgEt8I05G7xErvzoLOO4/+S73t1ByzZL1kCApNKqpmGBuJKRTuqWxVT5/UVmEoIaukMORs/YFLpOjJNvUqewJgEmswovXz5EKSDXO0vSyKcWM5vxe8270x6YMnC2MZ5C8QSd0VQ+fLWM8n1ESpgYQ0Fh/w9D9NpA/5Q=='),
(6, 'Chile', 'Chileno(a)', '9728fe12acf314ff4136a50b161523dffa5114b1d733bbca7ad11db644f81f42', 'gy97Vd7qkbnMuikT5aFJJI+9JS3yTGFXORXBW1eb5Y/bt1XokvTL8oAPzPhqTyxgSWaS1T2NdfFzZyTHwIe8ylXzqu8ispZG3jDh3fxIBwxfwuftGXqr94iEx0jmo/JIjyawdVrDB1eKWCsJMDrwx+HoUHjKm5wU7k0H9qrdZYXiUqlTVWyBdaNTirGEec6Ya5axshllEcLgEdXiygpS43Q9taz4RZ1t5ZH0/UTRFRKveYFkXdB/wVHre6/U6YENYOHFuQBa+JfYSCXDOvbAMIstMskc0OdoyaiRwpf1pMYvKuyc1SAKiHaoC1bo3K1zFGvmkkwy9Q/jgWbuX3/ZqQ=='),
(7, 'Paraguay', 'Paraguayo', '0b8b5003c800c95bb944996f1e5fbaebc5617b43814a16ba8c8a4a44836ef1b6', 'KyQFp6/r+JSvUrnX9OBxCwzqOze/ydVGOpbZ2vfKgaxySMA4DwFh5y3PvIjZJXS90hN7SYzbSXIqqXmwGtW5lbooXW1FPnd9SozSQ3Y9O609TniYqn3TVaFIO7ygG63uwvFHujnJxpXbr/QxoSw3wLuv3DteTYzS7yOU6RjL6Uw9/nTZ/aEbCGkgx9x+y2lyLUtjT37ioMUuo89a1FtQeB7cISCAIOoAibWGxqd/rSu8RNXD43OLX0VIT65DdmK955c7ehB6bCI03IzVWlbIH9CV54y/MuKQcVph02uh1Uf31P2pEmHKjhk2gcdarI6Nxgr9edNYFn7ZzGYi73AAlw=='),
(8, 'Nuevo pais', 'nacio', '8caeeec1b5630cebdbba78d0c5540a3b563b259ae6a11b7376f9af671d282c84', 'MyKJM2OQZDPoc23+1G+SQd9e46SmnjS1rm6C90C8nD+Nyr0LwsKArRDRe8M7A0GZKgn8VKZYRNsfwgp4T+0PedI1EZ5hPUD+XWWZuWVtoj72wLpUZKDe+xBLQDR1GJL2DJadWsBf+mUMqHVuNevwUyxDCa7thyh9/MZffRqKis2GMsQ5AD2Dg6euJqQs1l/SlC4sdawM+dVWUDeDtDYCCbnDmeihNDlCQb/yN5VZg8+CB3Lr9/m2kErEZAYaHl0hh6AfFbZETw381pIHiVv8aOMqPiol9QCPaa+tE9QSNWBnlZBfzRcU9kquxVmeq93QLD3rvkXtptzUtA7DRYQlug=='),
(9, 'nuevo 6', 'nuevo 66', '4a35f64f9858c2140789685d6db6476e1bd5cea8eaff466aa4cfbba60660247e', 'c8rbhVexMf7I6FXKBQ7cJxorvxX/3R7s9Dh7Ke2tbIDNFq5BIVTr2Dyr+Dq9aicF6KMOWMPFcgXGpUFflMUSXV48QRfdfIheVupy6+6L6VWoCsEplLhgpfwnx2MU85zIau5J4iWUW4K1UrFL74+xBXTMPOS//kbsZ8k9DEOGLDDodr0KlDC8LcivKinM3oyi6o4rfqwNz0Af+/J+NxaXU5cNpZ5YWS6U0SUup1fnqyPp5utOOdjFSIFaTAiREadmRrj3899PtdY/Kh62VYeli6JjvxHmAcbvaah5tW0rDSG7/582VM5ebaJIHG1MRRG8UXyirfJpvilxlY3MYiWNRg=='),
(10, 'nuevo 7', 'nuevo 77', '22c986c5e2b0ba7a1c68dda7c3c8a0944d9d3d116336e5c45f158953653aabcd', 'Fkhf2UjmMoQ+A6Z3N5yEHdM7yhH8/mtout15whV2rmxSrSWibcSdMJwDdtIH5RtZ9u7AG2mVuCqZIoz7l0gLnC1t3oaW8Wv0XusXVUBEXBNzOwlmpcn29HSRlL6TlfVzmYVnHNLbAYnCoTyXOIjxtcQxDeB8rYmIT/qL0cLvOTh1ntq+u5z1qFGkirNZESYhPOPn2RfUxaBXbVCPZtf5JfeuZssOun9aabI1NiuliPXh4fZmIiLT9d92WjFm1QffCh+7Ncuk2iPjdyCEcYUGkGQqiTdWXrPuYoThAM7xHyFjy9CNUBGr38Yru3MMYFp9PruVqNpYJ5qCPRsrbLkIcw=='),
(11, 'nuevo 8', 'nuevo 88', '7d9615360b9a35485640ed8eb7b933d6792c66f6a1673dbf295d8619034b3774', 'LFyGE6KNVAeupENAsk+Re/Fp/+mf/ZmGKJO78PlyVNbZZ+70/9/3WD6vsh9Y7ngrh1xPWkpVGgvgDRxux4LaU/UCHULreFAmGocwzt3lUmT9KNsmDHAi8qHXPWLznNQf13DgkTXpeu/l9JTwgpMnDrf6dG9h/K3zIwdrtYT+07Ae9A2pK79WM7tq6oFyH314kgSenkvS1jrAWRqGppIUbEV9fYwVfou9UlDVvfDItV2JRcl5m9bjCz1Ck9wx9tNgtJ2Ysou7UaKSeYE8XviKrNuYit/RVDGiY3fnTx5hloJWY3fWs4paCHnAMbSnSaSqlt8CXHKFoOa5cvJ/seWMMA=='),
(13, 'ok 6', 'ggg', 'b69bdd1ee3d8b177404221221193b0e1227391a9f29a1276a6dbace4ed7897a4', 'aD035iEQJyU2bZQLlKnQxHb0It3BE72z3i9D1/7AxMCnAt2aaKENnvBe2CLKICAareQGQ5fvjppdXyZK7qTi64EQje6VpFzyan9h6vAFPTzG/eJR0KDiB/dAGo9c901I4iSq/dKG0MgOm/SispjWIsGN3I8AnUESrpKOCdz2dEKMkVp/Q699hBf1Cn/yceAOwDUZ1RpJhwwYYbd72o1AOGMbwSgmtGxqzRx5rZW5Foa1KJaPcIc6996qLKS4PuadKfuakhWBYxg2JXyce8rYGp4lodUgTvpRkSGljfPhI3VwX0PeRofgfisXDCbDD9E7cV72lGC6eBe6vE+/Nl4adQ=='),
(14, 'hhhhhhhhhh', 'hhhhhhhhh', '94940d0c79343fa8de8a795acf4bd0ffa949d7130cf2bd1743c8e5066cfda865', 'XusBdNHfZpkxp55g5rfSBlJo0PLD92TOs6mvFyLzcUux2taLwAb1SsJnMPR/Vo7RthaY899SjGAmdlc2O0niBJbt3Me9g07ToaomTPvpLI8Og5PJvPEF+9KjNTSazN1RGfH3US8In4Jqwt/LcYbJPsaWtq9d9XWy0sADx8HZWLux27I1bp+qdz5ROEtWQIIl4w8tOEWY3iEw/WFBgDhxv5Eb9vN1ZTWeA3AmnHFt3rS5ucJ0KATeJkeyRsIQvyhPyCljqx0U+/BIgK2N/aFUv39t0XHSo3Wf1j5aDgO/5aZtvAZC5aSN3Wj7xaPCLkLkMjnHVZRrfSiU8d1vaY5Ltg=='),
(17, 'Nuevo 9', 'nacio', 'adc245029790d352f3b92b2e079b772f06ebb0a9a488da433de17c82138cdbef', 'sXInHUKWYwaAQ1iHZfBhEP2jTqGvn5RKIc4L2FH1/IY7zISCn+rSowBqaridHmUhESW4KmkaD4GDBtMl0XmFPXgunCvCDIc7snKMm2hgR3p2xbSqmQxkiJ9LsygZcxGWNNkQ6qd4VQVRtjY2wS1/wR6l7frXU06xtSBfygE4INni9+h2SQwnBQZdDYvHUhwiQFEyFNtJRekaMmOnVVua4xt2g305HutE1p8wnJZA86mBrDWD1YPQKbrrAWwlR4J5gZ8DErPg7+tAemLX0LWMlBybdNuRGg7WxoM2YyAVQTfShu4h2rzVa7SOMuXuygPmuPBE3u6gCSMCIDsmZ3Zfhw=='),
(18, 'nuevo 18', 'nuevo 18', '79687a372ec1cc7befd1009df49d738675795e938737998c19684418f0655d6f', 'HaMFz/Ax+RrIpCQwRmICAHl3+D5QtVo3ab8cDTCYc9/MO5e4cCsPimou3mEB6vugkPDEqpWFHc8PwyAO6mSZ/JjD5bTjZwuMceLlja3uPGZ5qY7LQWL6B3CQT6D2i5rMACPgXK0qcNs0+JvHsVAs2RqPctMfihmS52EFxO/Gxqnypk95LvVg+ubbOr2bDfQuaXG3IySU1Cbaxc27JVCgKuTSFT7pBIwCLOuYHDiiJbjjzxp31yi5UScA73X9MUSUnbnFErBUIvKWMi6njmdM5ZrX0Q+6JErF2sMFCHLwyv3W0tSPxXyqWp98Stx9VldcofdaNwy+4k4WstGBLB6s8g==');

-- --------------------------------------------------------

--
-- Table structure for table `perfil`
--

CREATE TABLE IF NOT EXISTS `perfil` (
  `idperfil` int(11) NOT NULL AUTO_INCREMENT,
  `nombre` varchar(256) NOT NULL,
  `estado` tinyint(1) DEFAULT '1',
  `hash` varchar(256) DEFAULT NULL,
  `firma` varchar(1024) DEFAULT NULL,
  PRIMARY KEY (`idperfil`)
) ENGINE=InnoDB  DEFAULT CHARSET=latin1 AUTO_INCREMENT=29 ;

--
-- Dumping data for table `perfil`
--

INSERT INTO `perfil` (`idperfil`, `nombre`, `estado`, `hash`, `firma`) VALUES
(1, 'Sistema', 1, 'f08902d3db01067f70967ae626d1abfa11f3d04432d72f025f3488eb5e1a5e13', 'khaYQWL1VhbmJAJABKVgrQmk/ois7ndSTReakptStJqbfH/lFd4Zjr/qRsif7dH0maOcoOt22q3eJ47+14A0Mfy6tndWQt2FdRkNF+S3wEq8K4kxrpK9xHmzk1XHJiv9fKZ/TqtGDreOIw77sEAWLS/eVEn5vVrtbsHn1I3Rn0k86CbSeyAqYYV+xX8YVv1V62+NGxwut+pw1ySkdNWY6WFqA/ucraJT7601146B1e6MSI0j6uBRsrbKV9D8AtfqqnR/RY3aZFBRbPUMfXb74YcCze2v8OBmaTuzKFCi/hwRiIqWJvU3bMd8pq4HgM7k00MpuI5wYsgmCMauqj+msQ=='),
(3, 'Administracion Total', 1, '2b32fc0a9ef03c5ef407283960ac24b5d5d3163fffaa42d684acd017316dca5d', 'U/GxRM3tP2N3MftbtESZZTF9h5B0C4b3oB2dEsi4S3u+qDnCcdIPjvkAeH9sbTx5DItYOU6wmCYd8KsG/wU/GMwhs6Bi21fo+Wtw3Lqz4arHft1VWME2vouurrbA0YPzsh0wrDGDaqEJ4giQqrRwWwNfU0vcCdE4A3xfdY/axakuLgSKi5OqJkphFHqYpEuKvxcMimlTS4zldV94pjr1SNg0wHv7WH4EZMM3Df+fcLSzI33GNECr0brXfgFLdUdLDfheg2dyVqe+vMHlKzzQipEEldS246fH6xK371OIOWDb4IahtfXhb5ht3wTv80Z1q6PmQqIb3AxHTYGT0FCV9A=='),
(27, 'Servicios Generales', 1, '10a8fd165a618ea1f574268d64979a8a92016ac75199c3ae18b5d9fe736cda1f', 'Bg7S3988IWTwEuceKmssqP3HoPvbG+xGCwboJ1UZjUREIvYOxG27K57F36HrLm+ZBi1TYvYX1PRfNMHGBljqXO8QKjVApeAK16gLZN/ik1fElbRnhls4oJ+owFIXNyOxDQGwvMPaV/tHcPJw25w7r+53V/v+fpZYdAMY2HFqjh1m20IA3gNV9KApr3eWhiS1Lz+LcHF1fL6k1b0P4GrJpH2wLi9znChdUHM6Jclm+UMJ7RfC15eiBnLsqAKxbF0frgAZ4DdMwQRYDtXHEyVLxleDphd0pLbodZp9NEtz0LWw4dpAKcsq2CYh9e3QpTIhtwG4owc0iX8ZqElN/d8nxg=='),
(28, 'Contabilidad', 1, '04c20ffc9a3c1b4b43b22dff117a05b46c5b759d6d4a92fb7568f598390b19a2', 'Q6pdxZyv4y6HI4S4BpuK/8uc2UgaSsc48tL6RiDfc2ZTdwt+b6BYye09NVwcEb3NG9mEKgQSwDsXHONAnED8pnnn1pzD6JVGC2Pd5d2ZXDS+drMHqoiXAHpESGW6iPqtlA0UF1mM15UeP0FCljrnSfCX9yjzY3icgDDxB94ipHQZdN9LT+f7JjJU/mWkTMQciZb0t2rXpQEDMq99v4OKvmfU/abvv1mnknwE5xNjQBKgRwBl8B3Ws8V/baJAf0jP8eVxQmsVrsrvMvUS2clcrQ6668VvVa1V7m0xXVaYNC1COJSZFcRrlPPMt+7g4j4BW8QEtGaxN7LwXGq1fV7eLw==');

-- --------------------------------------------------------

--
-- Table structure for table `perfilusuario`
--

CREATE TABLE IF NOT EXISTS `perfilusuario` (
  `idperfilusuario` int(11) NOT NULL AUTO_INCREMENT,
  `idusuario` int(11) NOT NULL,
  `idperfil` int(11) NOT NULL,
  `hash` varchar(256) DEFAULT NULL,
  `firma` varchar(1024) DEFAULT NULL,
  PRIMARY KEY (`idperfilusuario`),
  KEY `fk_perfilusuario_usuario1_idx` (`idusuario`),
  KEY `fk_perfilusuario_perfil1_idx` (`idperfil`)
) ENGINE=InnoDB  DEFAULT CHARSET=latin1 AUTO_INCREMENT=20 ;

--
-- Dumping data for table `perfilusuario`
--

INSERT INTO `perfilusuario` (`idperfilusuario`, `idusuario`, `idperfil`, `hash`, `firma`) VALUES
(1, 1, 1, 'bb7f690aed68c13f7f409d26d8401c58a480ebd1c689ca8bcfca4f414fc0a5f3', 'qOGuDFUab2r1+2jNMZ5bbHGK0n4ETKKVkjjzoHcwNHaz2Gvw9UoTX9w9/2dW3NGHw7/z8DsQ6o32JMgJF+evou8uU2/1ck9n8i1lhCaTrSj3HWiU0ths90js2kl51epvV70p8ckR6NoUfLSve+yDeQGBpQzyVHUjKTh8onXJdmyN4BOHUrLeFvqdEQDDAtLiSfmJbnSUPimpzFDhzq4yuA0YO4zrSsZxLIWnZGllvW2vFBE9gyoFHvmv49pU+bK58igdaVj/RceRAZq/f2gVju0B80zYJK4eBmMsgyZsKYApG09DZDlBCJdNWAIYU8q1MJOTu0AbjJ5KQxGeB4txbA=='),
(3, 1, 3, '395e4db652e877f3302042b651703a3def9a7c9e3663ae698b96a4c60c45b046', 'X3rDa8CcfSRGF97WTUrn5KEPK3W3WZfHzuUmRglrlmez7mqDmJlcIr8hidOX7mMmUMeppEJxeQg5vSAdyvWishxmddKmf+WwSsV6R50aZFeAD8wJz9Fxn4SNFGizUkWG7MCzFpsVgYAXXSZmC5bV6+YOgL/w/l1/ieQHFg/C78HIOg9t54VSlAqeOozJL2cgxuwhaCUh6B79GMqKOxIXcqksuEiHuFavIg8pa+6RLFOpbB+UC/44UYcpjoHcG4siTuY8rPDPLp22SVW0PorRWCDbewu5bwZF4h2ISCp/BbUCFWpwsH6RMVihowk++5yNpw/a7zDkwvTvr2EGG5kLLA=='),
(5, 4, 1, 'e3d8537ac454f8f48f8606bf6e9c44cc47516e8aa0eb3ed83b9a4d26ba673eaa', 'etLZ+hUdaDQckMTW9SWw9ZQizIMdT33bnQHuXAdqSRSRNIVTIvfqeXovdNI06t8uT8JTsJZZ78cb9FunDlRy+dF4WwbFPhvAVZ1QiYg5L4ahkfe8N472zyhV2+2zpzmIZtIId0110pbkELedVA/AY18FeMOpWVAV/6q5A4DKNN7szoLlU/iiyJ4oZJAXvXnddRj8bJQTzOwsF33j2dG9Yltdjqe7rJW3tSphNXxkdaZNfYh3UHT1V3KSGWpTaxYgAmmqPfoPxpHMfPLRqKr3ubyWVB7ypUkTjtqDU8X+7xSJQOrjxDQ5tDAy/+9IUcei6Lzbp2u9pREK1DNuChcpbA=='),
(11, 7, 1, '66beccdaeafc3553663eef05343ee9d16f965ba23f88fe3f6d65ebabb307bc2f', 'nkGIDpz7T8fhx8/HoOQBvRQCxwZ54oAAMrj7jY7SLS7fd0PfK0LL0B6UmZIcixsyBuj5Vs5rfA4VU0AtCZI2Kd31g7Uo6QAnWKCm3m7BWeeOVMgfQgJQWBv1lqpo4cBLeSrfkGqYlgpaFkRvDA6mkLYIa65vVEsvsUt5Q3PeQdanS/Zr8SCd8qHNk4vsRgAkQYuS6o06Z4ZuNtvPEjb50QiirD2YpASAFPH8rWyU4LDd/G0Wgwr3DwtIkWRGiEQamsqvmR0xVyfHwcd25Mcu7I6dF+5fEHI1JPUUdg/n4iddT4bIpQM+L6rOX7UlkWB5t5wNZNLRqGVZ4CaiXA4sBg=='),
(12, 8, 1, '7253bc7732f58a8663cd7b2105d463667490e29184ee166b925020160076f8a1', 'kbsyed9Q9Hu+Xm+4f3zM21zJF2htIh7Gy23AAyqKC4vx3Qkt/00HdAqXpYHjuR79x2DTKS+Tj/sqYeY/LX/u1WO0YgDKYenrqFqd4SJWB645ESRKzt+jy3oXb1iK59oz+cMfvIgPnoMbBSOVDQSwpoatcE29MrP05Tegam+w6OIillwjTdi32Vn8DZGiy5pey5/OtUhJnxhgSwx2vIj4nfYOJUKX2Wo5Z2wqk+L3hrZcA0XOtLjS5jpkUoifGd0y9ObTizyTTZ7g56ZmcnfCxLWFf2DxHsIO3k36gwBVeZSKcLZ4qqKRJh+rV0kC/e9edLeTlxUpphikKRQvHT6Fbw=='),
(13, 1, 27, 'a39dc57f01de06d6ba12ac6df71c75994888123a4b19e03a0ecdbb91e1e4696e', 'FhlPtV+SddcD7Iw0aCZhRybeKt9ulnp0xn7PnbiJEgD6nwR1QTmlghILQM7iPEoorjiHbxcv+D45PzTLGNmBzNbheZzzTGHs3UGjUSkZUb46dbqvbUXYv6Yi1vyNI7mOdDvjEY22EAmTc6xH4ssns+wRUc0PjSqcGJ99uSkqvMzHDFh1hqyEnNtFX+JJHZ3s26emMCjN5NeCpWCZS++FzlEbww26DrxRXD+PfOLsIADnU66FIKYIJ+wJJuyikXxK3HtFh7yWU35IGF78ryCLcau5xP7DDl9uL6I5Sc/xjn5nol100+fZIi2bWBx6laHyjxhb+PLBLmsksZfmHOWvtA=='),
(14, 1, 28, 'b50d4467c43b3c678f4fefbb333ad2fd0992dde02c7bf6790646a9de771d8934', 'rNExd/7g+Fr3KNWJ+1OgeNLx3AiMAq8auhcJ1iIibrNu99JPHHnQI0I2vqvVLYoahXKn+a7hVh5X1YewgHHhjHHLnBggW2jVEiccQkTSupG+cU6ld2FbZMLriPFSVbj80/qvdwP5QMzy83lhnAwX1oDW+C73sqnQzOkGiLLentZDbxsp2QiZKt4Cd07IdIQ+QQXaK8d3YqdalOc8EnWDl6lA8aYOop4e1JqMmvWvWEbJs181hqg4ZIC4txGopk/ASjCtUq421K20t5KtWlrTjv8RSLExe+2aNMmP3nhUtkvBIvS+v3huWAp2bBlBQsykM0YMvQYdU3K9PR6zwRpjog=='),
(15, 9, 1, '4eb196233686725baf6169e9b28c79674b5d943205128f2918852a832c19b069', 'QAht8xHQifPPVjgHQHm3LeeICGqn8v9X9DjJOeNGXVR2NjdEjvNNaM0cPFtK5OBmDJSguOfUTveKVri2zM8craJNMhx8DEd9oRngeW0O3qWXEItY/cwUsO7sdJ14l8S/SlRsH10Q7s0fqT45ClILswPKy8UfCZYJiOhf2FhV/i4oVuui1CtOwluHXYtTMIuWySDdWa0WHls5SP/tp07NlyEsqGDGDm5JpvfwTmJQw7tsvFDExbkH7/8SViw4PhcpXcI5SUSb520UhfVWILy5SgOalM93TjeMsS22cIyekUC8mKXAqNXrjWyY+1vE8/3861EVycnwiO3K0SmrmYZQbg=='),
(16, 10, 3, '4bf99946cf5e308348230d1a8d8e7ab8534797a9cc1c5330e338b1225d0214f0', 'isS3EUWQi7cD/4Mh6NnvABjDpnw97hfMs/HouMFEJdzoJohac5RkU0XpAUPcWIM5VH/gvE2oHTUIcq2GOIMx09rVaa+JBB605v7T8z3qoMGpD7rHJd/CT0DbbD5ndkbb23sup+7uko6nkeAJycVMU4dXGCekyeDRGl8y0o39YzDa0arTauY4II7cIoR6W8ZDEB+UlcrmI9m0KzhFVIrJpL2c2ilRQ/07i+2RNsW2hJWoJ85GIeyos7u9dzmdouqLgYiMbo9sQ2aIqypl9Zw1uQ0r5P7dGRq4FHISbFEZiHYLAXInYRMnZUFmaucAX5d3fzLGGbMS/MkuICTTcGM+Lw=='),
(17, 10, 28, 'f949abb87a5260d6101049d8ad39ce4ab87d4e644337074926843055b5662458', 'qlL8HuNCtHPurMQ2dvdtN3yvJUI3w2bGWKZuA1zvIUam9yfJYonwPHNm1+4/1szOKnFPNlBSn+6itJ1Z8Socodd+SF/Ek+xOAhZTBfN6HinP4I5RXeTgRk8S6/LkDbqPT5r1w7QPFbYTtcZUgExt9p7KsjdtIotCKEFpDQ7LtjCQCvr/acU4mQl1uzjwyUpuofGVc45/6BeHMJ+k9zC/g18OJqXYVur+e+dXbNDNJjX9mcFE+aQgx+sR0DVurSD64QkoYzeeq+6c6L3xEcgrLsOfmZYUK5h4k5PGubtxo7izLV7H0KT5xX4rv85w1NtcPUZ+rGmoayZzfzR4m26/Fw=='),
(18, 10, 27, '949f6fd56f60b7ed6835511506dfe8044f390c4f9a056aa0ea09904a53720aaf', 'UmE8T2XwnkZxNN0vKK7jALkzvc16wSPW0/KrMYTNjXNp6ELXEf6pHgyBdGs49TkspNTO40usGX82wBda9Pw1N6VSuEaTmJpMAlXAitj6Dg2HsPY1R9fYBoQ+zNCpuv17Jf3MxB0pGB5uvFX1MhKuqHEseJ8Xz1FisvMMsjQVGNezxv9s0MJjYS7fkjWWiP8znW70XBsGXIJQjpWN2UnEau6LZcqDfKqAK9PyjffaE+XfIhk5QOI2bIz44B9butnWGPNk4P3etnHquQiowl6Bez+yDFoYUuQZXbT/fGybE/DsWBPN4x9Nsi0ztkrnfvqV+uNzBgTC+b8cWS+9znIkKQ=='),
(19, 10, 1, 'dc65611f4afd9a6e1c201de158c094035e0c5b016ce3fdff65ed4a292356ad8f', 'bvEIBvLsWb7IprbcKNzR5tzLw8H69BMUb0d4prZ1+gcKcufWJXWdxKLzJne1/9fiwc/MtoLIktWmXbtmEQxr9FEVI7zn0vztud6oMKnjOj/igSNXIQrA3zKBtxVsEf4Jih1BmO0qUUOupiDPmnC8OwBNjWFFtFnpBG0l6ZgGKRjFoaTxX/DrZwczL747vpxBSnJrNuk8cNIYU1MLLXQUhO3gOpiFHjkR5nJgkfdkrdBrfZuUfDbfRp+J361AcLP02e57/ynTtfqhM0F65D+cnZu0Ijw3QuaOgNqHyuxvOovPTJuE2SPxdWsOPKTQOWwijayeyzpjP1O5eyv1kT0uUA==');

-- --------------------------------------------------------

--
-- Table structure for table `persona`
--

CREATE TABLE IF NOT EXISTS `persona` (
  `idpersona` int(11) NOT NULL AUTO_INCREMENT,
  `idtipoidentificacion` int(11) NOT NULL,
  `identificacion` varchar(256) NOT NULL,
  `nombres` varchar(256) NOT NULL,
  `direccion` varchar(256) NOT NULL,
  `telefonos` varchar(256) NOT NULL,
  `email` varchar(256) DEFAULT NULL,
  `idpais` int(11) NOT NULL COMMENT 'Nacionalidad de la persona',
  `fechanacimiento` date DEFAULT NULL,
  `sexo` int(11) DEFAULT '0',
  `hash` varchar(256) DEFAULT NULL,
  `firma` varchar(1024) DEFAULT NULL,
  PRIMARY KEY (`idpersona`),
  KEY `fk_persona_tipoidentificacion_idx` (`idtipoidentificacion`),
  KEY `fk_persona_pais1_idx` (`idpais`)
) ENGINE=InnoDB  DEFAULT CHARSET=latin1 AUTO_INCREMENT=35 ;

--
-- Dumping data for table `persona`
--

INSERT INTO `persona` (`idpersona`, `idtipoidentificacion`, `identificacion`, `nombres`, `direccion`, `telefonos`, `email`, `idpais`, `fechanacimiento`, `sexo`, `hash`, `firma`) VALUES
(1, 1, '13721551', 'Edgar Mauricioo|Corts Garca', 'Mi direccion', 'Mi tel', 'mabichito@hotmail.com', 1, '2013-03-18', 1, '1dec0e198deba8d18859219b5d974d2ddee23fc91f5e6c2e716c7416518f363d', 'g3dUsj7f6NP6w+DdPvTn0aj2kr/0igIQXx5CIj43bvw94mab4nks+cVHp/3Vc1Vc2Q2L4MyY3hQZDohpLLRPM7JIRFksxN1JUylSZAoxNdl94RilLKPe3STWuFAA9f6JeYc1Cbohw+Ms/5z5B3qeJKwEYY+VZ71O83jApBAmmyKuWW46JLZJ6irh+SwksiDpWbZLRzzUjm1xKsbOtk5IPvMz+dP9k9L/Bh4ffeCnWUA6eRotGfX1MaQ59XbukN5I7DuGw29eK0E9eGUwpz0a2NFUdjjNoC0/QRlMudKwk8lNA1XSqk2oMz1B7ijAyJ0Kl471dTUYP4PwKW8aY9EVbQ=='),
(2, 1, '13721552', 'Carlos Andres|Pea', 'Mi direccion', 'telefonos', 'mail@mail.com', 5, '2011-12-07', 1, '1d4ceb658ecef5234d274414d0611ef5081dd5db94ea886ad92734f1de49b401', 'WxBnxgrd9qUD5jE7/GuR5Jqeyt0qiktgUuZGH6csHjpyZw61zQrSx5EHorVyw8ZCpT6HT+6QL+3oo6iDdVuV9nE7i1qRhSPyilRn/TS+4dulIog8rGH3s87OXEpVYDF66yKw+K6kdhhdoRyopniEyKYR+JV9jDj5UYB54K8dKRWK/n22kXG83XCwiQWPvo8hL6oBIwcIVAAQV3CGYsPuQ8vFBj8NT9cJF7h8Fg/f3GVFzVmx6D6mOD1C7tbLaZZuNJfkQ/XVwlMmf25++TOJqJIYC1SxGVFgF/we3kNBWz4YEkIuXH/rczL4aP2NvQy5OV3lNBu0g9UuUlLRtMe2BA=='),
(3, 1, '13721557', 'Marian|Gutierrez', 'La direccion', 'Los teles', 'mabichito@hotmail.com', 4, '2012-06-14', 1, 'ccb539ce59838a94f2b1eaf4b77c34ba5ab0a9b9207ad688403ffd2dcae2c1d9', 'WkTj34avk2E5dIxUv8NXERQY2ony3oMIQciZ2C8OhunODqK1NVC7tsoilCy2fnae1AvfAFpvldwuPsTA449psrnYVOJNfJGLz7YKlBFgE7WjLVM6isIpmxkUWZz3cdyniFxlXP1YzQlUjVnIsuBxmB74zbhih9TVos9ExBIr9EDmo223/8iTrM23OlvY0QMYVbm6ouS6+JIFtlx1E99KDiKiSjm+JaxI3XBap7HOyMCYkq+y/nT/q5oIjEKUdzS1PtcxbCJqZkclu4BfZLZa0x8u7WnweK9b7W4YUM6d55iE4I3yhn81tQJ4RBfWO8Q19tZ1EJEL/S+wVdESm3SLZA=='),
(4, 1, '13721558', 'aaaaaaaaaa|aaaaaaaaaaa', 'fffffffffffffffffffff', 'fffffffffff', 'mabichito@hotmail.com', 1, '2012-06-19', 1, '32b46fc5fad3bcb82f27f751c3037e126897c77155933005ec0e2cdfcf54403f', 'C7PYWMlwP3IoQCHGTj2ONKx3DJDUS5WjSfdDyWkyHcjVovVEVmAIG+LoSGAnkYPIMEiNIkHWuoRMqrFYYdb7YDiQT19CMiYMbyDO+By3OWlnhm3kUwQG0Vq4LxImfXg2sVi6YhS0E7f8WuCjDuDBA/BLULNPGcIGDfk3NwSBLQuo1zwpwIYYYNqLgNmB6N9GX1kFv+GZNj5BxD4G05T+X4qZ7S9vbgkussHZNk5qgUIiWA5MCqc8OobWWxRQbZQwXg31mP+C66mt+sAVhdC+UytHHIA9WiRoVo2S2E5GZSUFwo10A2MBh0PV+P0xoW912gju7E09S1nfc8ZO0FRsHw=='),
(5, 5, '13756232', 'Laurencio|Gutierrez', 'la dir', 'los teles', 'mabi@mabi.com', 1, '2012-06-19', 1, 'f134f3072ef4f536c9d3306b9629c9e9bae477ba9810508d2431fc5cd844572c', 'meYhJ3YNMX147B81F4UcD7/1CTPSoI9YbTSSPcKyS/jd7nZ8A8mQB2AyQO5bFp3kl99vhiX9TSRHKzf4SsLwZEbbQI714eveCRC++V6fiRD1RWp9khsNgim/+xmcp5KRxZ5FZQjxRnJUNPr/w/zhJDV8IrgNE6OJAL38+SgLEICCItYaM8xl6rTBxvTOpeKdHAIzT7BO/RAQat2p3SHGw4IdnC4vNEuF77zoPWo/wmDoe7/RiR2HrclIeAdioV5M4jf84cNXKP3Wr/HmK6/ZG+C6E4ZNfqTGo+Xwso7zhB+VinWdqepCgh+Ob/Ma8serWX6SeatEidq2iC5ninMriQ=='),
(6, 2, '8555212196', 'La corporacion', 'la direccion', 'los telefonos', 'lemail@mail.com', 1, '1500-01-01', 0, '933cec49e1be894a15fc57d619443618d9db069faf0790ba834b61aa53ab4c5c', 'mwkWRn1WS9r4kW8MIWbt42XLOpexNo1eBLFkWA0zgX/59C4xeRjOwJ8JfTj0rAEUxqwShxESLBNGLDf9IXHfaJoKHpQBKQ9bMU018V7jhan0WIntCHx0W3iDxEl8xoQ6qll6b88Q2hEwLK9QieLXz0sSjMK517fVFV3Oulf4GWJ2WyzKxXFZNc8/AyGx5vLqLyxybUQvrGQy4ZfX9ao9FOV7t0D5lP9HVJEHJvqhgjl7FEWHGLq0qBgOeragNYCfHrnsPI2Et91EwEgmOFjvS2skccCEbCF8b5gnMbL85R51Ts/6G4FXki8n5g9qtp1bjIkOHUINRwOIwQuvIi5lvg=='),
(8, 2, '13721551', 'Lavadero de Carros la 47', 'Lalle 47 # 24-68', '6471171, 348-2886022', 'milavadero@google.com', 1, '2012-09-18', 0, '182478f4de5187067207b4f84a442bfbdce4d6fcb56b1d2e399e650250a67b8e', 'kl4sPjZ5ZQl0qHz4wDLmLL11sIO11voGflhI0wt+XU2Mnorii5dPvXOYBp7Bc1wQSjb0+ifn3/s8/ocTbfq33IXZ979ioq91T3aZxY7PljFkuSiatntjlyZaM+rw+oLGLl73FxH0UvnWrmCEOtzzptrtwBHzOjn21QJQL8kHRr1+QmZt2bP2wRCKvczeu7n4B03sXAIghtElMp1vum/kYQFLfYGlDt6g1QzjSkn/hm3fxDUqenj8V2GgD5XX58R+vutCNgX6cuhL3rgMmvXF2I8VWQgHmpWl7xUwUgfBNKytoBI5qQbrDD3pxT22PU3A9ugmGejG9Y1cH8CyATcZNA=='),
(9, 1, '12345678', 'uno|uno', 'uno', '321', 'uno@uno.com', 5, '2012-07-02', 1, '404d593ed15e9bd4a9d90583bc3c6c4ed862ada0c693d2ed5e41dcbe723d09a1', 'n+DbyOX2CdHHXMKUkQ6A72CRYVjHrOc6sKbH60H2sC/xczORetZLG8o7Qx5ozuVf+N5Dd1ZY+pueN7T4bjO7hHCdjE4F9a9Gfciy2MF0W60TIto6K9CP5tXDKVue0rSod5z8pjH1kJSYa5nULiqVbky0uAixuEFQOW3aTFGmseUZX8741UUpQGrvp20x9Y2IF7xvXcBdwcqVQJXFmQ6OFKUVUq29RItL0DTLVhle1ntJ0ZCbtDpHG2H/ok4VY/QDtO7rJ3jKNPeE+cktaXHnz/Cpuolr3MqUQDqwmsJOU4Ejmx9eqY9kHKGYAzdEcaM2cmH7/ttz0KTbH+pfM9ZMjQ=='),
(10, 1, '65412582', 'ssssssss|ssssssssssss', 'ddddd', '435673673', 'hot@hot.com', 1, '2012-10-25', 1, 'd945376c55e0130fbd18f15a10a5624eef4fc1f220c90dca9ad0b34487d79176', 'mQJJOmslbJvLR03GEcpvBexcrCsOP1jfLZwRQCAaDxkT0aaDlTe+Tu5BJdS/Q1Mk4cQJEZtmbzV07J3b7pDiOv7fQfjH/KevVu0i4XyBb+g4dpYrBse9EaMiI2PDxnInSQqqQys+QrnOTj24zZX5y+O4mxILmA27LB1z4sYKlkS/Zvwcc1uThnZBFzePhDR62PIjQ4sgW98a3qLy+eOKIMUWgiuJ70YQ5OhODr50gyFfWr7ZBoyPIUTp7ybqizHRESpuzYHzZOS9Rfcnj6Y/fUL7EJEScYAMzoJQ5vFJcAhfi0SzjGnmdxirdg/3Z7o8R5irP5FigJ4QgoZdnAgSxw=='),
(11, 1, '123456789', 'aaaaaaaaaaaa|aaaaaaaaaaa', 'aaaaaaaa', '3453465', 'mabi@hot.com', 6, '2012-10-25', 1, 'd1e47affef2970eef097a5db59d8d966739b6e761d3e4fb7339621b6c798033b', 'l3fG5D9GCkBf0QJuAvKDfCocCmPpp9lpYLpTvzjFX3PN5x65KWBiNDi4OBjtO/tK4+RFP0Pxqg4WLOmfl78lwW8LC4MALlSrsVkCJ38stc7OTUz/nFZglPVX6gGrEK+EA/3T/L1KTykfj1jhiO8sJi+dIcO1DtkkuvrqdgqgRoe95JI18QX3HFfN9o0lrXOeweZXdJV54bN8cawLiK+GVzBUSyNa873kS0TVdZyZIIHV5bGO43GJlxGI3go/5N5vo254XnKw9wWvn+bQijRioV9BockiDPuFW4T+1iPt/EKH2f4GS8aWAK3is9eyVK4/VDkFQM5YJZ7S102/MZ21Fw=='),
(14, 1, '13721556', 'Catalina|La O', 'lla direccion', '6485145', 'micorrep@hot.com', 1, '1980-09-18', 2, 'ae3d9a3f4c8b2753cc549e8385dd482f078891000fd2bb9d8c70140a681a7194', 'QjhCAqcDBbEOZpA91IXyVhx3QY1AEx1tifdRcoVbHI7nkQ3Oa7akCWmZW8kZLoBvPZvjNVwvPkIowsEvOJZSnJsWx6n823espcVcHYzcapyNSYfPJg4Zi31PJEGplupDth9NJ/DOPcyTJ1nn0405cW/G/WB9lolM2MV+mn+03wSRTvC2V4HJYzJOUDOmkTF9anA7a62hJ4DLqDlUUl9gYQKZYmaFpiBknVyf3kOYpQ6u7TOI1RMyPpTSfgoecJYCt3ZgARaw49HWQk4vnYSx+a0gIFa48SmH/dIMGM1kb1/vg+oiwKPQMcyjRbKlfARsHpLJT++6VzPs1mFyKdxIdQ=='),
(15, 1, '63563477', 'Marliz Johanna|Cesarino Vargas', 'Carrera 24W NO. 59  88', '6888885', 'marliz@hotmail.com', 1, '1989-08-08', 2, 'f1d0b722f4cd4d0e21f6c12bb8816594de01d71345401c0ca938ad0006e24e7e', 'qNmRRm01I/uJTno9l6BVvCytcOuzxxXbRd0a7Qf4P7kMrWRXxfU5VGf+jfSgCcLSxxNp0E1ToovClxJLOcRKeX8qshR+jnGbWKH4g8mFwm163uYuX/3syPYR+6VQa/tAN0AFKQpLZYBMm4eWiah7DYdbVwAYGp2hSzMEhvahmyq3hVKs/RzoF5JpAaxjPsIjD+AzHcth2NZ7Nw/O9VNi5z+GSfPvG6+WMTovz3uj++XDQdFk5x0yeEEEU8SNMTG9hkLRS2zTwEExeCtbCoKci0bdtU/xkb9HgcH34Di+7jU3P+K+sXTLv8z3eAq8/8oLBnF3AK/akGB1uc4VHxyhUA=='),
(16, 1, '11111111', 'Sergio Andres|Herrera Amado', 'Calle 60', '6555555', 'sergio@hotmail.com', 1, '2013-02-15', 1, 'b6c68452d4e887c851e95f95a242ce6f421a96ccd6d3c3be7172e4eecff151f8', 'mBCwR7+uW4Ucv4QnnJd9lunbFKIUr1bC+WmGeC3aliRPgQOE3nxWkG25Q3qipZwVSNnGQ5wY8G0wk0M3cCXjfune93/qf/UQPQaMOwml602NgJzyGUComjhq11hhx+LVDEBTp4OgO3eqblY917VRwpmQM+rouGkwbRhwvBW4dUE0ISjUK6Y0B9im4W2IjzTW6u1Kq6N5jRLyqTeLtQN0zN8QEckFDww+skG1wBErs58wrIHfJuVemy0mVLdoniu6uI991trF8iG4y3miSEvsc6iQHY153DaMlH66XVnOfnR2nVa76v1pI7dZvYbWjEmuwpELZzO52bEnQfDSUJ+aRA=='),
(17, 2, '800800800', 'Auto Lavado El Rpido', 'Carrera 27 Esquina', '6444444', 'elrapido@hotmail.com', 1, '2013-03-18', 0, '08008235434c93b41cca0357bf3479fc7398398f19a36c4adec735c0672da862', 'NcWWx1jglOmYaSZcgH9dYZhcaHFtBIiOTGJSUToqxs0UDDxOgzQ/d1qd1FfWh18jA3jV/94j8LlNyVeIsgoyoNGmYF/aohWTBxoBuyVxaYxEgGW+/tk9SHmCBVjRusws0Rr5MAxVKsk8xcCyb8NEx3VhJLHk4+TKIfFPNKq92qPmHoWy6DtqMgbBwq53/A6iuNFbabNOXVx4d2/ojGvhsuyqEr4jUFKcMVO855ZHfJyHqvVHEo81LqX98+cOa4ZhWpeBnmcGtnw2njVsloF8fuWFisMRHiCkcuf6xs9tcEEuo1LnNGWtYvNhc7raDbIs5EBJYAZIMKYQTSLg1vYHGw=='),
(22, 1, '45678', 'aaaaaaaaaa|sssssssssssss', '5656456', '234234', 'dfdf@yah.com', 1, '2013-02-01', 2, '725c6db420b8ee2f2cf3fa0a70ee19d63544804e114e7b4333a9374a67ac7924', 'A/iF8tGiDGYQvFAQpkydTfgGkEPFJ2SjSzd2jfF9YNXHSr7GPnIFZ0oN4fZlo2JKrMU240b8xNQPRgA4G7Uk1myvHQMTgdQM/V9Bumi9ICbpAm75l9m7DL5YECA8rVh4UAUfsFOBQuBtmGmm7cmMm+We2OFB75oE9y9eWSD2vDrB1h9iepOtf2DDRNSpTYHJsOmyNRQjBn6OnHGuAa8bE+3oJHqIO9XZuMWTjf72/Tpt1CmpTLm98DDwqKXMYYNkj4W9pSho9hvulAp42apW06lbYrkTJGl7NqyQqvsIcwFF+WwWjxgC8YVko/I/iAXXAsVvecl54HAjQZ5JID0Pow=='),
(23, 1, '66555888', 'johanna|vargas', 'calle 6 no 43-78', '6554433', '', 1, '1985-02-21', 2, '04a99bfc889bcb9c88893e584f3bb2bef7cf2bdbb8e5e1d2d810467111757185', 'tKe+XHCelR1tb+wSWhUQJnrPSr+ucO3QZ/9RLfu7sZPmX2MKZicdiAQnr7kXYvQ4SH7dtUkBA3Z9Uc5g+qN2pnZ72ofR6htiNZ9jESvw7qA5Ino/ful5RzmM/yonw3VazXWPHvf3Jq2C9iMGgHKVg64xGOJ3sCfFiBriwlxmKZpJnDdaQbK0NIfC9jJHovL0makGLrVSWpMS5hkT4DQJrzikuLLdHG8VcBnouSUEVw3uYY4rwyFPkJq69SLehJKWR7EO+TTowHQCpYFnTAmXBHA3AlN1ERhXP0DKEoWW8J2VUehjorMnHjPD5pMePz9ywoLVAQR242/IZuDy1qS//w=='),
(24, 1, '6666', 'mmm|mmm', 'jjkj', '88888 - 7777', 'sergio@hotmail.com', 2, '2013-03-04', 1, '066aff0b3427a251d23830f738adc3cb5d3716e649cf02571163ad182546c799', 'IgRUGTEYMAWMikUX6Xb/HbxaL1sP/2INgGoT75PQ5UC4Kkyywtl4xWlN++JOSUj3zVk5d3U70Yv5GLFriDS8nJlhpQq0N0P2i4pGj8pP455MmYyWXCCeB+avUA6GU21mFjK+NaZLR6MYuoUvMoqbD3G2d/34fVoQewKMVBUQA59S7kEDKRgFB9WOoSJkCRGuyWzl/Kexs2IzevprmMN9ppeUQpnG6Z4WYyqw91jkbmamuMezbeM8CH2kG0fGw+1iQBQYznzuguMeaQLbvhBA9D06s+Wx7UeZJoA8MmWeIO6uSg5pGKFmDfN/ong9Aq4Rp46ixgxk3KG00ZwgHHsubA=='),
(25, 1, '1234567', 'ffffffffffffff|fffffffffff', 'fffffffffffff', '222222222', '', 1, '2013-03-04', 1, 'a0501786f53b5346968904e0fa4cb5bd6b780ab6f6f76d2af80fd51e7adb75b8', 'G2Du4IeXwRAWJWEa0S74XRgGrXKXm+7cPJ+UX7lWJt7Jy4iC40CdSYVS53JQ3BiiG0Hlj0qT2fDgGDkYwrU+X5lfjpV/iF7Qegj3mQ0pmIQ8NBFaSLh9WBWh+UswieVn//Az66f1HT7dXcTlwkFakgWrUPV4QrlRzMIn08NtHMT2VKHmymo/T3ox/z6kjss0Li8n2uV9MG6Sx9nIJY3zDgpc5XtrQ8lLppTJjDvp9HFebUcXVLP4G355edYqnE1TrshT8W9Hl8ODcQ5KjW3bsMz6Uet+cw17aaCHI5a4F0Qlq0Et/bbqv1P58t+z25pMv/lItCreg1lKkqR0v0uLKg=='),
(26, 1, '7654321', 'carlos|perez', 'jjjjj666666666', '123456789', 'pppppp@hhhh.com', 1, '1989-03-09', 1, '125b32fad580417171de0e17e342446edd6088c7a9de12385d34c97b844f7742', 'JxJrEqSLbdAVsz01iNlKKY0hUCQw66v1fZ0JOxPE8JWvjWjMW3+IUSZreJPxKV2QTpwyj0Q40GDhjmcGb6KsbNB6YmC3271jyA9zSq77+sJe87tOhN5RkT0zvvHOCZRh0ICFEcmTfCc/EuhZjiu1A/bgYGJAQY+Si7YWRpZYCjqGrRRIDBO4RgnBIOLj1RY1udHdDZ1yNw9/m9C9yzHXxIDAHBFytTbv7lPBsJyT7buq9CyIyaSyxH0FLjyKUUKJ14Ml1sbmnzvTyksKkzBGvsgO/ytGeTsoIqt//33jZF6tAqp7QJ8oq4nwm+uqIOwR90KaH2LxZLPKfSFYecfHWg=='),
(27, 1, '13343434', 'sergio|', '', '68767', '', 1, '2013-03-19', 1, '058bb56101ed2a0b56b12af96b98a3616eb34ebcf2723b7a8d50f14edcbad649', 'BLuk8ME7mUwmL+Zbnr3yexrQWE4gNDFFMzMPb3din2mn5vh9vJnBPxbBoscZbVN6kauT2VA8QqSWwJcObao6ooINdhwSE0NRf7KeKh8rH0++Rb8rgJr2GWWncMjUOf6gmPz7a3/8jo3PJq2ggy/FcazDiV9cSvUqz7cwveqzlp3ayyNiEWaP0Mcpm+6taHU3InYS4cceVoMGVR4b2hLm3CeSySlxpBOx8iMY7BHB3eAJcaCRUJcyirMwmS+8rsfLx9YdGLWR3V12FElqRnTA+gOv4Aco+WZ/UHkCkNgoHXn7Br9LqXiktaMzOkHuMhvqiFuRWM6iREk8OPtaqLf2+A=='),
(28, 1, '5677777', 'Diego|Diaz', 'Calle 49', '6777777', 'diego@hotmail.com', 5, '1999-12-14', 1, 'd5aff0f115e9f9e97ef485870202640062118e8c854ab80832aa95a1a4b94097', 'qiBI1lEiRWvtKrpl98CVm0YxKx7gD5XWW3OqyaxpDHpAf+AV62Pygw0UOIkF7u7feGsuUHlJ5IKPy0iMInqAkXU0x8mpxcrmt+MerpefkgO+LFkV1E3v/3Ce4pC0Oam2QsXzh61ruKIvEGCNyiDS1piYflBQbVEBjavJ7DauJlOLe7xSsY327ddsdeXi1L3uIjCO8cnlanVlPJ/gRKcXT3locd+VgVcPeTbbSKDzYH1ThVOyVKzMy+6b/iqVgMJwf8OhZJ9wYrZO1/AqnTbMjCfkySgoE94dmYtnimrtionHQe2avnj/JcJ2PZI3cVU7tgaG4BkKot9HLo8+HXoT9g=='),
(29, 1, '4455', 'j|', '', '4566633', '', 1, '2013-03-20', 1, '1682dad927e532a54bc301a2e9bea0adc7c8a701381808ab280d212d1dcec4f9', 'tl1ajPEVGJ3cd3kY0vQwJb0AkP2nCOJAeYG6o4VH+GV5JaouEgxRhLLF1mdpR//zDN2ikg6b9P1Mq9cYLtY5oAB6XK7KzLvDXAf/gohJ4+4grtgTZWmjMq0VKxnrgA52AIn/VtgFaV6Zf1m23KO0iw9p8UI6TnCIF4OOpE6q8gEsjx8XE9c6+kewNAEaHIXR5dJbdnpHQM20NvUkm9AyGcBgZ6aTz0MY2i+Ope4i5j7mHWfN6p9HV15p/NUH/GOlPXQaVm2+7jXoKI5+HISC7MJc7XJWrFJURIi6fNaPtDGnwgfGog8eL8CO33oB0xpwx159nuUXO+xD8JZZ6yXzBw=='),
(30, 1, '456745767', 'aaaaaaaaaaaa|aaaaaaaaaaaaaaa', 'aaaaaaaaaa', 'aaaaaa', '', 6, '2013-03-22', 1, 'f3dcdb4727df062c79f7bde20ab94251bce27148ff74bae1da1ef9fd1c5ec951', 'qfyW9TYHhZ12bpqfjNbbIYna4skbVCeP668nyCmQKsnXbAwwPg7wBxX5yMnQon68VkAh+FhYeZ3RkInQqfwzUBiadFte7XvnmdX1vGWMl3dRkXEHLUDdR3esdgPWixWQT1o/SbA7UddNk0HmlahtFpNi8CrJ7+hgv2753v2NOz+eCU0LX5okutCNOthCYcYd/VmeHlipbmZDt/rjdHnqEGxEFQ9BhdSAJ/i0smzLXN/NmjWE4igefWLaudpdsWkszGxrOBL2Ag0Zj5ak2buaV5jIEfEw9QKDkJ3UJx8yjP9tFj/fRito2vBRStmziDQcRQ8omCV/8cYM3gQ8fm37+g=='),
(31, 1, '232323233', 'Sara|Vargas', 'cadfsd', '34534', '', 1, '2013-03-24', 2, '5fb249551b2f364278f09b402a66eea4c1febcc64e5e7ccdc3891259790d9273', 'la0wpuLOge7mkGSbEuGEUDCYj1UhSbpgYuzmjMj1AFtliw7FrJe+E6Rnr9V6TvrbXHxYQBSUv3ajCzRcM//GhGRrFdBVf5Fcv9kKcBX2TyUxo2GAm62hmM5PLfeAptdGhfBicKzi8v7aRE5vuW+ezYY5zJ3+vwYb1LX89iviqfHN8JElRGfdePfAhYfWkUYB5GFYGXK6aH2ffGbXz8Br9Gavz9R5U1P6iedDukIL+acGFoOMG9OLLLcaoCI9Fxx/8D0GZHWAhpeJkpHSG9OsEO9ZDK3E2ZWkpUq6UAmBgQfYdWe2MKmAkXdcDpiym3bLkDQvFbs6Ge0HXNNhgClVNw=='),
(32, 1, '915666737', 'julian|pinto', 'calle', '8989898989', 'a@gmail.com', 1, '2013-11-20', 1, 'af731faa8b748d5739c67a77ac8c3f203f610ee997b4336831b0cd69c52d0e61', 'bmy6vHsrcbPNIyUM//Bw5+yij2R0kj80LtjIQuisJli9EH5HZ2VISMoEbmIiZuziQS/FgYOkwSHXwSoHDWwRmHJ11C3lkXf9ymeVhCeoRx+1M5khQlpCPKkqChAzfmdMzknQnDZ3MhcPrIQ895JN/1jj0ewKVDDVNFIOhpdaX6RLGABz+CLF0CPJEsnraVBGmcKLO+BKDaap2LTVNwyF2Nw3onwIgYp5wWJ+XdWkQ3l49tJRho8oif8NSkETAMNpGMaJ57q4hSun9oIbdeuQgkCo+sijbMeak2z2GsjxjIgjo2CSm2sTSTWJF6Q0QqU/4ulFPT8p9gZPjD5FCnV55A=='),
(33, 1, '123456', 'juan|', 'calle', '16563', 'h@hot.com', 1, '2014-04-15', 1, '88108a38f07872c9ff01cf42fc093eb844f663c4108de25b70320180dba967c3', 'iL+Lai/4K1uB9pZ6wrT3lnIe1m7GYhEr5XBgfJDvJ24zdooZQXVB6E0FC+aMkSoF+AOEi6idgO8P+VbnXzfnz6C/Zgh5Gs7gw8iD+4R2kapOf3icWYxVz0o478rtBFziN9xJSA3qa5Qj3lsGLL7uArlr6Wfyj+Vwdc8u5HI4zmDKDRIF0AFWl68zVIlqzgS5Qw4M9/fv7S6OPOCVIOM1NMD1v9hNcxjHdPn22/6UIztfac1q/fqG7aMsrMUOygyO0bAsouaAi5swRNnXxDCTMrZbYPFpiBsalAfJlcTkkqKT0T9VSN5AwhNWRxzr+P6P6c2QtHLhv0CYiMRYZQTxkg=='),
(34, 5, '123', 'anderson|', 'calle', '123456', 'a@g.vom', 1, '2014-04-18', 1, 'aa6ca955918a325e0535e56e6ff361187d32242dfe6b6fdc93e781f44c86526d', 'LtXzZr3doyvwpP8Ih8GD4tT2WTmJvZbMIZ5ewrEbJWvhOg4YJWBL+mMimdWHLPMEQ1xGm0QQK0M4UZl5QlMSKBSYlKLcJLt3WidpyOKZ+D1xBKeXYWAbosfyiyZXjqLw7Xphfz40shBBPzhhwTcPxUddGMgUVtu/KAcsRAkEn6W7m0CjNGa4UIDMN5UWYILjQ3H/oFLSx/7W8CawCVEOCCQz8UDXnks01RbDAWrr4D9a136qfQnkr5susHBDUPucPZ6lXykDYJFedU9XKqX5ZUZqfhQSA1dRJCKHun4YEhUEOzucIhi0bMZMtXbO76gBh9QVPKxK6tmS3Ev8tIVG0g==');

-- --------------------------------------------------------

--
-- Table structure for table `personal`
--

CREATE TABLE IF NOT EXISTS `personal` (
  `idpersonal` int(11) NOT NULL AUTO_INCREMENT,
  `idpersona` int(11) NOT NULL,
  `idcargo` int(11) NOT NULL,
  `hash` varchar(256) DEFAULT NULL,
  `firma` varchar(1024) DEFAULT NULL,
  PRIMARY KEY (`idpersonal`),
  KEY `fk_personal_persona1_idx` (`idpersona`),
  KEY `fk_personal_cargo1_idx` (`idcargo`)
) ENGINE=InnoDB  DEFAULT CHARSET=latin1 AUTO_INCREMENT=4 ;

--
-- Dumping data for table `personal`
--

INSERT INTO `personal` (`idpersonal`, `idpersona`, `idcargo`, `hash`, `firma`) VALUES
(1, 1, 1, 'bb7f690aed68c13f7f409d26d8401c58a480ebd1c689ca8bcfca4f414fc0a5f3', 'qOGuDFUab2r1+2jNMZ5bbHGK0n4ETKKVkjjzoHcwNHaz2Gvw9UoTX9w9/2dW3NGHw7/z8DsQ6o32JMgJF+evou8uU2/1ck9n8i1lhCaTrSj3HWiU0ths90js2kl51epvV70p8ckR6NoUfLSve+yDeQGBpQzyVHUjKTh8onXJdmyN4BOHUrLeFvqdEQDDAtLiSfmJbnSUPimpzFDhzq4yuA0YO4zrSsZxLIWnZGllvW2vFBE9gyoFHvmv49pU+bK58igdaVj/RceRAZq/f2gVju0B80zYJK4eBmMsgyZsKYApG09DZDlBCJdNWAIYU8q1MJOTu0AbjJ5KQxGeB4txbA=='),
(2, 30, 4, '7997c128de066174418facab57352787013e47bd56a21a0bc1bad2db8707d612', 'e/w3/eV6UdnbGYuloAMOakwY4ETtJnSxkKfZmt2x9YRXqRNNu81K+lfp10sZmnNGHL6N2IBHhHdFTBtOIvehv60IV1RxqHk8o/fZfPcT79WJhYcf3RWF4Co4MmqCqA7Bx7efdYQH5qyotnTcWZlPtyFVHUNwKa0bvtohqShC9pv++v4Fx+PQG41JVCOfk4dJ/UWhjqbqpInYgaIrbvHR0KW0/yT/SYCm7dkFORofrVSTxdf9Aud7fZdtoSmmhArSAKF7V6h3RSSFrJ5bjdan8ua7QsOi+R+YouUNzhzLwnWHXyek+Z7+CpN2iyN4Igtd9UlTGRweqQA16vUUAGZOnw=='),
(3, 31, 3, 'aa2f9010ca7fbf0c48ae9ca5ddbbc89aa794a34b6d93eaea0d6627d339acb49c', 'g80a+k9ZfC2U8je2+2udzJCiJShxYr5LsCRKruIy/a/1F61ts8Am7fGzT/e5sPMHN0ylxy3O3aPR+7t4NZpB++Xyn1njXq/EIKxSI1eJbD0hxVeojPdO4669UpsW1xzEsCDk9aHXICid071oJ7fdSGk0vbiocFXB6wGq8f7KgpXo7TqYqq+S63pMY7YrZrxu/2fsy/h3cMjKuqqSjP/A//Wf2UqCN2EAOgoRdScfQ2nD6vFtOzAvkM7LaJx1oyHFcgqeKkDnTnghFl3rLb7xX9JUz7VkjOW3v65n5gSEUT123CHPTnECKlFqLCa5g4kCwFJlBYKg0tWusJQZzDAoow==');

-- --------------------------------------------------------

--
-- Table structure for table `registrodiario`
--

CREATE TABLE IF NOT EXISTS `registrodiario` (
  `idregistrodiario` int(11) NOT NULL AUTO_INCREMENT,
  `idempleado` int(11) NOT NULL,
  `fecha` date DEFAULT NULL,
  `facturado` float DEFAULT NULL,
  `empleado` float DEFAULT NULL,
  `empleador` float DEFAULT NULL,
  `prestamo` float DEFAULT NULL,
  `otros` float DEFAULT NULL,
  `saldo` float DEFAULT NULL,
  `noentregado` float DEFAULT NULL,
  `entregado` varchar(256) DEFAULT NULL,
  PRIMARY KEY (`idregistrodiario`),
  KEY `fk_registrodiario_empleado1_idx` (`idempleado`)
) ENGINE=InnoDB  DEFAULT CHARSET=latin1 AUTO_INCREMENT=145 ;

--
-- Dumping data for table `registrodiario`
--

INSERT INTO `registrodiario` (`idregistrodiario`, `idempleado`, `fecha`, `facturado`, `empleado`, `empleador`, `prestamo`, `otros`, `saldo`, `noentregado`, `entregado`) VALUES
(1, 2, '2013-02-05', 0, 0, 0, 0, 0, 0, 0, '0'),
(2, 2, '2013-01-29', 446600, 178640, 267960, 100000, 25000, 53640, 100000, '346600'),
(3, 2, '2013-02-09', 0, 0, 0, 0, 0, 0, 0, '0'),
(4, 2, '2012-12-20', 0, 0, 0, 0, 0, 0, 0, '0'),
(5, 2, '2013-01-26', 0, 0, 0, 0, 0, 0, 0, '0'),
(6, 2, '2012-12-24', 0, 0, 0, 0, 0, 0, 0, '0'),
(7, 2, '2013-02-10', 0, 0, 0, 0, 0, 0, 0, '0'),
(8, 2, '2013-02-01', 0, 0, 0, 0, 0, 0, 0, '0'),
(9, 2, '2013-02-12', 0, 0, 0, 0, 0, 0, 0, '0'),
(10, 2, '2013-02-15', 0, 0, 0, 0, 0, 0, 0, '0'),
(11, 3, '2013-02-15', 146000, 58400, 87600, 0, 0, 58400, 0, '146000'),
(12, 4, '2013-02-15', 50000, 20000, 30000, 0, 0, 20000, 0, '50000'),
(13, 2, '2013-02-16', 10000, 4000, 6000, 0, 0, 4000, 0, '10000'),
(14, 3, '2013-02-16', 441800, 176720, 265080, 3000, 1000, 172720, 0, '441800'),
(15, 4, '2013-02-16', 40000, 16000, 24000, 0, 0, 16000, 2000, '38000'),
(16, 2, '2013-02-14', 0, 0, 0, 1000, 2000, -3000, 0, '0'),
(17, 3, '2013-02-14', 0, 0, 0, 0, 0, 0, 0, '0'),
(18, 4, '2013-02-14', 0, 0, 0, 0, 0, 0, 0, '0'),
(19, 3, '2013-02-12', 0, 0, 0, 0, 0, 0, 0, '0'),
(20, 4, '2013-02-12', 0, 0, 0, 0, 0, 0, 0, '0'),
(21, 2, '2013-02-17', 0, 0, 0, 0, 0, 0, 0, '0'),
(22, 3, '2013-02-17', 0, 0, 0, 0, 0, 0, 0, '0'),
(23, 4, '2013-02-17', 0, 0, 0, 0, 0, 0, 0, '0'),
(24, 2, '2013-02-13', 0, 0, 0, 0, 0, 0, 0, '0'),
(25, 3, '2013-02-13', 0, 0, 0, 0, 0, 0, 0, '0'),
(26, 4, '2013-02-13', 0, 0, 0, 0, 0, 0, 0, '0'),
(27, 2, '2013-02-19', 0, 0, 0, 0, 0, 0, 0, '0'),
(28, 3, '2013-02-19', 0, 0, 0, 0, 0, 0, 0, '0'),
(29, 4, '2013-02-19', 0, 0, 0, 0, 0, 0, 0, '0'),
(30, 2, '2013-03-04', 156000, 62400, 93600, 0, 0, 62400, 0, '156000'),
(31, 3, '2013-03-04', 0, 0, 0, 0, 0, 0, 0, '0'),
(32, 4, '2013-03-04', 168600, 67440, 101160, 0, 0, 67440, 0, '168600'),
(33, 5, '2013-03-04', 108600, 43440, 65160, 0, 0, 43440, 0, '108600'),
(34, 2, '2013-03-07', 110600, 44240, 66360, 0, 0, 44240, 0, '110600'),
(35, 3, '2013-03-07', 197200, 78880, 118320, 0, 0, 78880, 0, '197200'),
(36, 4, '2013-03-07', 305800, 122320, 183480, 0, 0, 122320, 0, '305800'),
(37, 5, '2013-03-07', 0, 0, 0, 0, 0, 0, 0, '0'),
(38, 2, '2013-01-18', 0, 0, 0, 0, 0, 0, 0, '0'),
(39, 3, '2013-01-18', 0, 0, 0, 0, 0, 0, 0, '0'),
(40, 4, '2013-01-18', 0, 0, 0, 0, 0, 0, 0, '0'),
(41, 5, '2013-01-18', 0, 0, 0, 0, 0, 0, 0, '0'),
(42, 2, '2013-03-12', 0, 0, 0, 0, 0, 0, 0, '0'),
(43, 3, '2013-03-12', 0, 0, 0, 0, 0, 0, 0, '0'),
(44, 4, '2013-03-12', 0, 0, 0, 0, 0, 0, 0, '0'),
(45, 5, '2013-03-12', 0, 0, 0, 0, 0, 0, 0, '0'),
(46, 2, '2013-03-01', 30000, 12000, 18000, 0, 0, 12000, 0, '30000'),
(47, 3, '2013-03-01', 215200, 86080, 129120, 0, 0, 86080, 0, '215200'),
(48, 4, '2013-03-01', 325800, 130320, 195480, 0, 0, 130320, 0, '325800'),
(49, 5, '2013-03-01', 0, 0, 0, 0, 0, 0, 0, '0'),
(50, 2, '2013-03-05', 0, 0, 0, 0, 0, 0, 0, '0'),
(51, 3, '2013-03-05', 0, 0, 0, 0, 0, 0, 0, '0'),
(52, 4, '2013-03-05', 0, 0, 0, 0, 0, 0, 0, '0'),
(53, 5, '2013-03-05', 0, 0, 0, 0, 0, 0, 0, '0'),
(54, 2, '2013-03-09', 0, 0, 0, 0, 0, 0, 0, '0'),
(55, 3, '2013-03-09', 0, 0, 0, 0, 0, 0, 0, '0'),
(56, 4, '2013-03-09', 0, 0, 0, 0, 0, 0, 0, '0'),
(57, 5, '2013-03-09', 0, 0, 0, 0, 0, 0, 0, '0'),
(58, 2, '2013-03-13', 0, 0, 0, 0, 0, 0, 0, '0'),
(59, 3, '2013-03-13', 0, 0, 0, 0, 0, 0, 0, '0'),
(60, 4, '2013-03-13', 0, 0, 0, 0, 0, 0, 0, '0'),
(61, 5, '2013-03-13', 0, 0, 0, 0, 0, 0, 0, '0'),
(62, 2, '2013-03-14', 0, 0, 0, 0, 0, 0, 0, '0'),
(63, 3, '2013-03-14', 0, 0, 0, 0, 0, 0, 0, '0'),
(64, 4, '2013-03-14', 0, 0, 0, 0, 0, 0, 0, '0'),
(65, 5, '2013-03-14', 0, 0, 0, 0, 0, 0, 0, '0'),
(66, 3, '2013-02-01', 0, 0, 0, 0, 0, 0, 0, '0'),
(67, 4, '2013-02-01', 0, 0, 0, 0, 0, 0, 0, '0'),
(68, 5, '2013-02-01', 0, 0, 0, 0, 0, 0, 0, '0'),
(69, 2, '2013-01-19', 0, 0, 0, 0, 0, 0, 0, '0'),
(70, 3, '2013-01-19', 0, 0, 0, 0, 0, 0, 0, '0'),
(71, 4, '2013-01-19', 0, 0, 0, 0, 0, 0, 0, '0'),
(72, 5, '2013-01-19', 0, 0, 0, 0, 0, 0, 0, '0'),
(73, 2, '2013-01-30', 0, 0, 0, 0, 0, 0, 0, '0'),
(74, 3, '2013-01-30', 0, 0, 0, 0, 0, 0, 0, '0'),
(75, 4, '2013-01-30', 0, 0, 0, 0, 0, 0, 0, '0'),
(76, 5, '2013-01-30', 0, 0, 0, 0, 0, 0, 0, '0'),
(77, 2, '2013-03-15', 0, 0, 0, 0, 0, 0, 0, '0'),
(78, 3, '2013-03-15', 0, 0, 0, 0, 0, 0, 0, '0'),
(79, 4, '2013-03-15', 0, 0, 0, 0, 0, 0, 0, '0'),
(80, 5, '2013-03-15', 0, 0, 0, 0, 0, 0, 0, '0'),
(81, 2, '2013-03-17', 0, 0, 0, 0, 0, 0, 0, '0'),
(82, 3, '2013-03-17', 0, 0, 0, 0, 0, 0, 0, '0'),
(83, 4, '2013-03-17', 0, 0, 0, 0, 0, 0, 0, '0'),
(84, 5, '2013-03-17', 0, 0, 0, 0, 0, 0, 0, '0'),
(85, 2, '2013-03-18', 0, 0, 0, 5656, 0, -5656, 0, '0'),
(86, 3, '2013-03-18', 209800, 83920, 125880, 0, 0, 83920, 0, '209800'),
(87, 4, '2013-03-18', 148600, 59440, 89160, 0, 0, 59440, 0, '148600'),
(88, 5, '2013-03-18', 0, 0, 0, 0, 0, 0, 0, '0'),
(89, 2, '2013-03-19', 0, 0, 0, 0, 0, 0, 0, '0'),
(90, 3, '2013-03-19', 253000, 101200, 151800, 8000, 0, 93200, 0, '253000'),
(91, 4, '2013-03-19', 98600, 39440, 59160, 0, 0, 39440, 0, '98600'),
(92, 5, '2013-03-19', 0, 0, 0, 0, 0, 0, 0, '0'),
(93, 2, '2013-03-08', 0, 0, 0, 0, 0, 0, 0, '0'),
(94, 3, '2013-03-08', 0, 0, 0, 0, 0, 0, 0, '0'),
(95, 4, '2013-03-08', 0, 0, 0, 0, 0, 0, 0, '0'),
(96, 5, '2013-03-08', 0, 0, 0, 0, 0, 0, 0, '0'),
(97, 2, '2013-03-06', 0, 0, 0, 0, 0, 0, 0, '0'),
(98, 3, '2013-03-06', 0, 0, 0, 0, 0, 0, 0, '0'),
(99, 4, '2013-03-06', 0, 0, 0, 0, 0, 0, 0, '0'),
(100, 5, '2013-03-06', 0, 0, 0, 0, 0, 0, 0, '0'),
(101, 2, '2013-03-20', 0, 0, 0, 0, 0, 0, 0, '0'),
(102, 3, '2013-03-20', 0, 0, 0, 0, 0, 0, 0, '0'),
(103, 4, '2013-03-20', 108600, 43440, 65160, 3000, 0, 40440, 0, '108600'),
(104, 5, '2013-03-20', 0, 0, 0, 0, 0, 0, 0, '0'),
(105, 2, '2013-03-24', 0, 0, 0, 0, 0, 0, 0, '0'),
(106, 3, '2013-03-24', 0, 0, 0, 0, 0, 0, 0, '0'),
(107, 4, '2013-03-24', 0, 0, 0, 0, 0, 0, 0, '0'),
(108, 5, '2013-03-24', 0, 0, 0, 0, 0, 0, 0, '0'),
(109, 2, '2013-04-01', 0, 0, 0, 0, 0, 0, 0, '0'),
(110, 3, '2013-04-01', 0, 0, 0, 0, 0, 0, 0, '0'),
(111, 4, '2013-04-01', 0, 0, 0, 0, 0, 0, 0, '0'),
(112, 5, '2013-04-01', 0, 0, 0, 0, 0, 0, 0, '0'),
(113, 2, '2013-04-17', 0, 0, 0, 0, 0, 0, 0, '0'),
(114, 3, '2013-04-17', 0, 0, 0, 0, 0, 0, 0, '0'),
(115, 4, '2013-04-17', 0, 0, 0, 0, 0, 0, 0, '0'),
(116, 5, '2013-04-17', 0, 0, 0, 0, 0, 0, 0, '0'),
(117, 2, '2014-01-26', 0, 0, 0, 1000, 0, -1000, 5000, '-5000'),
(118, 3, '2014-01-26', 0, 0, 0, 0, 0, 0, 0, '0'),
(119, 4, '2014-01-26', 0, 0, 0, 0, 0, 0, 0, '0'),
(120, 5, '2014-01-26', 0, 0, 0, 0, 0, 0, 0, '0'),
(121, 2, '2014-01-18', 0, 0, 0, 0, 0, 0, 0, '0'),
(122, 3, '2014-01-18', 0, 0, 0, 0, 0, 0, 0, '0'),
(123, 4, '2014-01-18', 0, 0, 0, 0, 0, 0, 0, '0'),
(124, 5, '2014-01-18', 0, 0, 0, 0, 0, 0, 0, '0'),
(125, 2, '2014-02-08', 0, 0, 0, 10000, 0, -10000, 0, '0'),
(126, 3, '2014-02-08', 0, 0, 0, 0, 0, 0, 0, '0'),
(127, 4, '2014-02-08', 0, 0, 0, 0, 0, 0, 0, '0'),
(128, 5, '2014-02-08', 0, 0, 0, 0, 0, 0, 0, '0'),
(129, 2, '2014-04-14', 0, 0, 0, 0, 0, 0, 0, '0'),
(130, 3, '2014-04-14', 0, 0, 0, 0, 0, 0, 0, '0'),
(131, 4, '2014-04-14', 0, 0, 0, 0, 0, 0, 0, '0'),
(132, 5, '2014-04-14', 0, 0, 0, 0, 0, 0, 0, '0'),
(133, 2, '2014-04-15', 0, 0, 0, 0, 0, 0, 0, '0'),
(134, 3, '2014-04-15', 60600, 24240, 36360, 10000, 2000, 12240, 0, '60600'),
(135, 4, '2014-04-15', 0, 0, 0, 0, 0, 0, 0, '0'),
(136, 5, '2014-04-15', 0, 0, 0, 0, 0, 0, 0, '0'),
(137, 2, '2014-04-18', 0, 0, 0, 0, 0, 0, 0, '0'),
(138, 3, '2014-04-18', 15000, 6000, 9000, 10000, 0, -4000, 0, '15000'),
(139, 4, '2014-04-18', 0, 0, 0, 0, 0, 0, 0, '0'),
(140, 5, '2014-04-18', 0, 0, 0, 0, 0, 0, 0, '0'),
(141, 2, '2015-03-12', 0, 0, 0, 0, 0, 0, 0, '0'),
(142, 3, '2015-03-12', 0, 0, 0, 0, 0, 0, 0, '0'),
(143, 4, '2015-03-12', 0, 0, 0, 0, 0, 0, 0, '0'),
(144, 5, '2015-03-12', 0, 0, 0, 0, 0, 0, 0, '0');

-- --------------------------------------------------------

--
-- Table structure for table `registrosemanal`
--

CREATE TABLE IF NOT EXISTS `registrosemanal` (
  `idregistrosemanal` int(11) NOT NULL AUTO_INCREMENT,
  `idempleado` int(11) NOT NULL,
  `semana` float DEFAULT NULL,
  `ahorros` float DEFAULT NULL,
  `cobro` float DEFAULT NULL,
  `fecha` date DEFAULT NULL,
  PRIMARY KEY (`idregistrosemanal`),
  KEY `fk_registrosemanal_empleado1_idx` (`idempleado`)
) ENGINE=InnoDB  DEFAULT CHARSET=latin1 AUTO_INCREMENT=72 ;

--
-- Dumping data for table `registrosemanal`
--

INSERT INTO `registrosemanal` (`idregistrosemanal`, `idempleado`, `semana`, `ahorros`, `cobro`, `fecha`) VALUES
(3, 2, 53640, 15000, 38640, '2013-01-28'),
(4, 2, 0, 0, 0, '2013-02-04'),
(5, 2, 0, 0, 0, '2013-01-21'),
(6, 2, 1000, 10000, -9000, '2013-02-11'),
(7, 2, 0, 0, 0, '2013-01-14'),
(8, 2, 12000, -2000, 14000, '2013-02-25'),
(9, 3, 231120, 0, 231120, '2013-02-11'),
(10, 4, 36000, 0, 36000, '2013-02-11'),
(11, 3, 0, 0, 0, '2013-02-04'),
(12, 4, 0, 0, 0, '2013-02-04'),
(13, 2, 0, 0, 0, '2013-02-18'),
(14, 3, 0, 0, 0, '2013-02-18'),
(15, 4, 0, 0, 0, '2013-02-18'),
(16, 5, 0, 0, 0, '2013-02-11'),
(17, 3, 0, 0, 0, '2013-01-14'),
(18, 4, 0, 0, 0, '2013-01-14'),
(19, 5, 0, 0, 0, '2013-01-14'),
(20, 3, 86080, 0, 86080, '2013-02-25'),
(21, 4, 130320, 0, 130320, '2013-02-25'),
(22, 5, 0, 0, 0, '2013-02-25'),
(23, 5, 0, 0, 0, '2013-02-04'),
(24, 2, 106640, -5000, 111640, '2013-03-04'),
(25, 3, 78880, 5000, 73880, '2013-03-04'),
(26, 4, 189760, -5000, 194760, '2013-03-04'),
(27, 5, 43440, 5000, 38440, '2013-03-04'),
(28, 2, 0, 5000, -5000, '2013-03-11'),
(29, 3, 0, -10000, 10000, '2013-03-11'),
(30, 4, 0, 0, 0, '2013-03-11'),
(31, 5, 0, 0, 0, '2013-03-11'),
(32, 2, -5656, 3000, -8656, '2013-03-18'),
(33, 3, 177120, 0, 177120, '2013-03-18'),
(34, 4, 139320, -9000, 148320, '2013-03-18'),
(35, 5, 0, 0, 0, '2013-03-18'),
(36, 2, 0, 0, 0, '2013-03-25'),
(37, 3, 0, 0, 0, '2013-03-25'),
(38, 4, 0, 0, 0, '2013-03-25'),
(39, 5, 0, 0, 0, '2013-03-25'),
(40, 2, 44240, 0, 44240, '2013-03-05'),
(41, 3, 78880, 0, 78880, '2013-03-05'),
(42, 4, 122320, 0, 122320, '2013-03-05'),
(43, 5, 0, 0, 0, '2013-03-05'),
(44, 2, -5656, 0, -5656, '2013-03-12'),
(45, 3, 83920, 0, 83920, '2013-03-12'),
(46, 4, 59440, 0, 59440, '2013-03-12'),
(47, 5, 0, 0, 0, '2013-03-12'),
(48, 2, 0, 0, 0, '2013-03-19'),
(49, 3, 93200, 0, 93200, '2013-03-19'),
(50, 4, 39440, 0, 39440, '2013-03-19'),
(51, 5, 0, 0, 0, '2013-03-19'),
(52, 2, 0, 0, 0, '2013-04-01'),
(53, 3, 0, 0, 0, '2013-04-01'),
(54, 4, 0, 0, 0, '2013-04-01'),
(55, 5, 0, 0, 0, '2013-04-01'),
(56, 2, 0, 0, 0, '2013-04-15'),
(57, 3, 0, 0, 0, '2013-04-15'),
(58, 4, 0, 0, 0, '2013-04-15'),
(59, 5, 0, 0, 0, '2013-04-15'),
(60, 2, -1000, 0, -1000, '2014-01-20'),
(61, 3, 0, 0, 0, '2014-01-20'),
(62, 4, 0, 0, 0, '2014-01-20'),
(63, 5, 0, 0, 0, '2014-01-20'),
(64, 2, -10000, 0, -10000, '2014-02-03'),
(65, 3, 0, 0, 0, '2014-02-03'),
(66, 4, 0, 0, 0, '2014-02-03'),
(67, 5, 0, 0, 0, '2014-02-03'),
(68, 2, 0, 0, 0, '2014-04-14'),
(69, 3, 12240, 0, 12240, '2014-04-14'),
(70, 4, 0, 0, 0, '2014-04-14'),
(71, 5, 0, 0, 0, '2014-04-14');

-- --------------------------------------------------------

--
-- Table structure for table `rubro`
--

CREATE TABLE IF NOT EXISTS `rubro` (
  `idrubro` int(11) NOT NULL AUTO_INCREMENT,
  `idtiporubro` int(11) NOT NULL,
  `idtipoautomotor` int(11) NOT NULL,
  `porcentajeiva` float DEFAULT NULL,
  `descripcion` varchar(256) NOT NULL,
  `estado` tinyint(1) NOT NULL DEFAULT '1',
  `valorunitario` float NOT NULL DEFAULT '0',
  `hash` varchar(256) DEFAULT NULL,
  `firma` varchar(1024) DEFAULT NULL,
  `visible` tinyint(1) DEFAULT '1',
  PRIMARY KEY (`idrubro`),
  KEY `fk_rubro_tiporubro1` (`idtiporubro`),
  KEY `fk_rubro_tipoautomotor1_idx` (`idtipoautomotor`)
) ENGINE=InnoDB  DEFAULT CHARSET=latin1 AUTO_INCREMENT=17 ;

--
-- Dumping data for table `rubro`
--

INSERT INTO `rubro` (`idrubro`, `idtiporubro`, `idtipoautomotor`, `porcentajeiva`, `descripcion`, `estado`, `valorunitario`, `hash`, `firma`, `visible`) VALUES
(1, 1, 5, 16, 'Lavado K C', 1, 35000, 'd0c18f0332d6a8b752a2eb008d63826e46978a85cd25d22dffe71fdc8acd46f1', 'tIJ5aWJpTRpHDp3XopG2xkLNxEWtcTl4/pl/JA+OnQDYst4vOSU1t5+kEgluV/K/3rlRjBqIkwvq6lGIuiTOmPfZMV//lAlyzLe9+Mf8IHSHYXoTk3HusZ/PedwikpZPGpkaDuZ0wgonWpbr+1r2WpDkg49HdO/NEZUvaDC9nqirB9XlPlrR7rnlPMSCVvQN0IaAL/acXwi4XnJpjUXF5Fb3VQ/vkbS+4+Hi4LPGokGdV5PcvUsPQfmSpLbRmSGcP3pS/zpgtPr0CjgGF+iyQlGdolQ+k/mf8gwvMxcKAFu0nzAsNtk3od/oAj1Swz66AcnI127M16glCd918aShYg==', 0),
(2, 1, 3, 16, 'Encerada K M', 1, 50000, '30b65a57eb85401869bd80f6d22c323dbd7d6c9e1b6eec846e13340e03b92661', 'aCWcZl6thDBxb28pYb6EEP2Tpj1O7xfeBvtfsHHu88qEP+4lIGvTRGJ9b3BCmNcPmucVK7vkC6hw/AO9XQ0cDTR5akcmEE/T10QEUf/TRSWFphHx+gwrXvVYH0sc9OyIGgbWLtLieLzFTcvw+g5bUACnN6SveZD0DfooyxOm5j34MlhSQ+qKW5W8aaYPpOxgjPquPHUjQhPRGWVo8wC4VLG3Q52jatWWQkFFvTr6prPUVr3WqtRwZ2zRJh84wHLJkv3HIgIc51bc1JMp9YS+m8Qgtqn+T1ZZYfqBM/OwOqbjUL7V9nWIEPmjCbwe2gNKea1MvEGCFeup9KFUuB7pcw==', 0),
(3, 2, 3, 16, 'Solito M', 1, 100000, 'fa6b156dd6104348657eec72d2d6dcb45e900bb09c203ea8d4f60673a3830660', 'tCyPvnoe9aOL7YjtWsxEctk/uoB469/zvdML2uR/aYCyYR/7HJwFrepBNYT5wxOTM/msIDJQoA0DzUuj873Xu/6N4f7RPnjTwYeccJ/Ao89OokCis6xebfkT63ILkySpGlzlyHFkbBMXycKCLReivxYGbwN5iAlOyIc5N45vlf//GFncqoj6BB0y7bon4d2EFyjbv4mhzS2B2G1KBE7hiL5Vs9VOY/7CP1/hGXdCarmJNsJmyX+hylyvMsaGpPYR9IUW2T38B3fiUFgXk83+Vd3mzLvgir6nsJpwjCLnwKWWO/Y3zeh+i9B7jysgDuS5qvwNMyYrWG1X1H56tnn+YA==', 1),
(4, 2, 3, 0, 'Encerada M', 1, 20000, 'c53de8691acbe819a2c444296fa260f225c14d11397aaeef894fe39ff7783b82', 'BDz487l5yA7Vmc68hePxmySHeViHEZvf1RmDJF12gbMfQ4Djuc1wLyYrJqjaFwXt3V2qaE/dkqOCxxAw6TG0Gv+a7AiI4eZ/BFLY/jIS2H8dE0cPeMuG7+4e8MZazUh6zkIw6GF9jt3uksBUuR2iRcqB18NnB+ZQTJSP/evSGbmCuvMEIICl4VNruiaavSOYxYtiDrM4zX3aAoHXE4YH6Sc9AoG+FQpiUENequzW7NbeIKn6VZ0j2b19bTxpPfEL4lMY5Xym95xSYecWKHVMiRVjq46lawCq3AoD+dFZN8Jp7B2fhEZ94c0GrKF1PRTTqUThWXCXRgDpFCIOXKdLew==', 1),
(5, 2, 3, 0, 'Lavado M', 1, 10000, 'd910d96cc9ca4f385e1c8cfadd6bf23f7652aa5b22daca60a253f82c753d37f4', 'JYYkuMUtCHwqeRhXD7xn9d0h4E2ed8VLbWn5K7MNuXud6MUBreRMOcUGf5/vN4IFFmgcy2UoCupK8BW95mS6XMS3rr06bP7FggxrY1xdYTHWiOkFpcARoBa33r0wxmdFEsR+uiJo7tfevwU8lQPzrO2shfxguYNeB1/Hf8/n8QK9NtkAuLIie5wLojaar7O4hMH7PvgjOVmvDHkEQRdoo9uVDPmuo78LQQoCVBiwuwZhZN2HFD7OMPyJdw50UXJCOs2XIcNmVupJwW7/klHHbSARlPAi8uQZ/0y56o6bVG7WwlNkXyy6bYSmo1ITxGCT8pBW9kyOjlzoL+aI0Bexqw==', 1),
(6, 1, 3, 0, 'Lavado K M', 1, 30000, 'defb51587832968e15eee4a37b79dcce8e21f6cd35858e13fb3215841ec96fa4', 'sEPf+8UfRbInrq0+eVv/tFnbNlipX1Qxe7WfxLQ+ncufhFJfDXVkRvRbbO5N9J/A70eyjh/7HCGcOZAZMVyY2+/gZoQn3zndb7x89qnEUZjEya/eEitZWTSUbHOv8RV/fTDPdhS78sLvJlV6KcBE7nQNhmXEnBiCik497izLmhBvzO2MFyy73smlSJOPVSGCfbFYzc3/vDh2K07qqYk6xOc5geplRQyPPAKNPfKwMcs7tLphPTyzy1eQ/0p/fiGIRSXvgbopUDF5e6yEuKUzHo0SNzZqc1FZ5A8WyxBWveZXl3zwepmQ8oP9szcZbldElt1BY6jsP5WTKN9fAxPVxQ==', 0),
(7, 1, 5, 0, 'Encerada K C', 1, 40000, 'b6235ff6b749eff9673944267b24d92d1dfa961e111e8c9580df8962eeecb380', 'Bzzj1E1BaDgRhfJgJObliSGeWNtwA1IDN5IGfdyxS3zV7ULyku+OmhYWQtCUlVNrZtPW65XIDeAPIvxvTo+nSFf/Fzegc3m7wblN1pyo7l7mLWXgJt1q0lp1bx8K0uqsjvoKzeEYDug2yN3KU/CinILHNwbTYEe8yjWUquV5fc+RfW19HU90kIypv65Qp8+qBVLKqh5Cb98+Rwyy5Tzdn/Hio5kK6WtCMXsap3Ziyw5PbP0Yh24dDQD3zJA1CfLrGgYlFVxMLER1rY7wrGiJdUVL05ErWhb1V1Vj3Hut1/pOgQOrfMKiec3tJnl3HcIFT+J+TvjgUVI1dzmKx/Q0NQ==', 0),
(8, 1, 4, 16, 'Polichada K A', 1, 70000, 'c0eac6db282362d10094bc224164fc08e907b848140cab1c48066b3c3f8f83f4', 'tOLNN3xF3VB49qrT0PiAMj+3bJCua+yS+kmDMbp+PjnLF1evTwC928gg8b4LF2urrjdo1WgpM7U6k/iiqwMtnGz2D/JbQpEr7YeIQsMW8C1N+gx5FmW3t2QLx0TMw4M3AjRb/vQAJjfv+IFnGnBrmrZ05REUw0G6ZVIae4GHv4vMUsOEiL8LapF1Mdwy6Eld7OdFK30272cGq/8yfMpzDpAZ0rsy9R5nKpbIVrGWCM/i/HzMYhZ2m8nwwSMyaCNp8wemf1nL9d7KwJfAQnanOUNECOuZJNfBsLOFO9OuljuOuovHknudCVPsvn5xArjGNXNlFVsoHc+CkgB+LFZyBg==', 0),
(9, 2, 5, 0, 'Prueba Servicio indi C', 1, 29000, 'b77169b17bc6160c10050624741f32f6770b19e47b10cb8879968f44e35df5f7', 'D+u2vYZfw/7/tPXUuCfdB/bDlrA/UOahUxW41kOMWG8eC2rTk8bCGhhj0Q2CtPJ05ogT8QoixMju+CNmPQt6lzYHKAySr7iG2Ki23QjaZ0Of0v9GraiGoLQ5lbU6lhoVFZejhm2Cy6gCvFE+OtlONY1rg9C+Iei3mtM7TxNYJURfL+lOT3CnMij2RxLU9H0SLMpndT5GQzd5b13OHv+aySR9VuJF9DMFuFyPoCXnytLYwTrcgfadk4cY2SiKks+ljn+w13JAU78tXhRXXM4P3DjKctBONKlq6r6ZtFASLu/Oj0JPPqYoxJ3yp2dd0tKeSYbk1+Fwt1QLYXGMbj+O/Q==', 1),
(10, 1, 5, 0, 'Polichada K C', 1, 20000, 'c3713c5a285d06198c59f74810c274c2eeb996d264c723c8a720161e2d85e04c', 'PAPRTrhsYcMoDcaE7JJxJoAKek7afkfya9VV0n2k/kKOPGXVpM5RNNlQ2bIE04r4Ej0OFArWibAflsmx+USYrm6XQhnvGvXr7bepGupH0MHH4Xp6cSpLKXGJGY/Jfaz90r/f3yX77da/jE1PUtYCMotr9gREiSkGbM26EPnMPMjpYb+g0movFtho5ykUDQ5zIYdCYlcNsuGLgxaxHyKhpSb7kDulnem6g/PHw8dPiL0PYhxkZShWI5hEKnLyJ7SrA+rSDb5QAzML6hodvE3hFa7Vp/hh2G7KGFTs5TwLcWwBHHFhl0YkPSpLWd414vyhWJie60zNuIyokZNplbjdvg==', 0),
(11, 2, 5, 0, 'Lavado C', 1, 20000, '93f63781c786d4327c9e9c6e9c204ef434e9dfd713b1aa946764eb7546576ba6', 'PGjrqL4F2fSR5w2EG8lHNvBt5mmqMUOTQtpFBL95WRdbOCHobfD98lmLHQ4xES5swWn0bkZNyUk2C/JgSxkw3pQ4yh6sp6EBlecww6v5gUw4gfKphXG5/x+aokr5h3SKD3uBsNBnJNPkg27iKKEfIMJO8IPk+WtFQ75SJUkYX8CRelxyx+tTM/LIO6al5beAIJ/hrQB9BbLU1NSVfcURLSh9BSB11KDJXycGiDbFO+km66Te7v2j21VY3bLbHMnTP9jb4SNJFrvBT/4S3H1esWKwWYHLq/5bFTzB9TAZRXYqAt81NO42GilzZ0r4+mQ1y7Hw+S99zJBvANE82TmZBg==', 1),
(12, 2, 5, 0, 'Encerada C', 1, 30000, 'bae62beabbb98e86b854eca4785643c88059dec23f4414a85ba7794865df9408', 'Kt+HHLQXZPswvJ/zY3pX1180Qymz8IoKgqsk0m58fv/pdyWCKTMePagHpnqJZM8i/RqwK8AOrKkI+eE7o3RyL7JSdtksrFBJFFkg2JohfEzcoGEe0HRLhtRHmqkzn70ewxbTQ16sdMG0zD1XrJRH51tWd4qU10sW9+N4LdQJ/1pe7t/3CHL3Con8YRM+bpkEhgjli+VOtEOR9c39zbcjlyTDUK2WKkFDnozYoKVHcRumJYhGAcSrt6ofbs/a6YrmP3FasjdF2IqijqvZAOvvcoVcqNDGC9omycPKTQyJ4+GeENX3GlAVtdYJc8d1uNq128uQPxKYhvUJuwxfSOWl5w==', 1),
(13, 2, 4, 0, 'Lavado A', 1, 15000, '5baba4c88f0f0fde944c68357b3304a18987c35eb49b0234d0c610cbf099ed79', 'mTklYlFSmVbPJNuUxp1DVvfpHc4YPtNfKBi/0i+KlCMRPCamPlgc3Ta4iT+8S+7yHu1q/Y/AcWMpaKGy0kB+hvRsUIhs6834j7X1rLEQZQ6RaT1a1r4lEN11q/EbIuXpTJim1WFeMBuHJqDasfSAr34Q64t3T9SAGRqu/HeC+T8ar7Zc0+/yGGQriUGXCMRhEYb2pvBrM57KklJ9qvRUOXumiHgW+tRIw9/Kz3G9eIywwhJ+UpumfbDHebwu5zFez6Qxpl/0dGsVyVv3epnCMh6TvS2cRn0+4jynxU+CkivOiBLME3CQrXhD/JVe+xSmQ+ZcY1QNaQXaPDpeZOzVQw==', 1),
(14, 2, 4, 0, 'Encerada A', 1, 25000, '9c82bba65d7f5d0ca8c16dfac3c4da0f7cebf0bbe245e01f53e0535d2120474a', 'duxV0zQqQQ0X5ATUQxFDidUze3bw8rHMeMSmBHeeKtSOl0S7vjfpAOZuBuvwx+4wIl3AIFWunyVeWwJrjkl7XEV4yW3dYXBLTXWXfslhDwlA1JvvtR2sMYQV/8/qpe4kAiPzfmMVlX6YKvHYqrqmBy+nj5m2VlgqvqqcwUyuKFd9iWFFA/+LVzoV20UI9nNe4CY8iQ6i/rYTKqAruzeumRDV7x7orvf2HVY8qJv3RBWqg24K/hMb8od4GbaGrhcecGIVb5mfyv+mwZGwXjUrJP9FU7Wedirtr5XX1Ej7W+b7bHH4BKL8hte8EFGOOMmK5qVXhK5zRh/pSBqNprqhEw==', 1),
(15, 1, 4, 0, 'Encerada K A', 1, 20000, '4b0bd291105a9b107358330219a8e03773cd1c80fc50ca447cc523484f216664', 'om+0/CKtYZomzf9ykNQDyr8onI2zUrBrAIHSsCJQ2zAzrl15ExT5Mk1/mKv26e7GzBav/F9mL8upt7K1ZnpYUKAWSx/KU97H/dhRRBsLNwef9Cf+RP+zTKfqc6B3+cv+3h32w1XT3OHa2/WkW2TmSbnArVVMAG9oZGImG0s6pSQAhFEnkNz76w5jhOpF/0glVq4hdXq0DD/1R1F7cM5fpXkndXg1cpLnkk34PaSOQb7VhYp37ib2sTxH0ZJs7Ev4AGP4Do+Gx8lPqmG2m6twADrwrxSvuwFKAundac8FVlUIrzYNyg8wiwky/hL9s7cmqzUrkaIz8Xf0aAUKrtZROA==', 0),
(16, 1, 4, 0, 'Lavado K A', 1, 30000, 'e17238ebdea6dd457d998cb7ff507bd83026def4a27978b999b837593da26b9c', 'jKP7+lixhysdBG+xYzqUBJD4x63iRIhr8eFtrszi7Mx1Sw0vfBWuBQw9RBRTmJNjXJh6ND9Ove/AwshfwcSsPhMgh2WoDB6wHM4/b9Ln5IdyS6WlH/5lBFs84kZJ6v2ywxQFZ7fEHZ2Tl1iaNwiJL6y/RZIbCZC32QFFwps9t6nBSsDSk0BAmEYBXH4IG0k4IGVqjUzskvMM+Iu8dbCCH0HdiWU/9TrJlfnxJhelT54xSYW/Nk9MeF+ue0D3bC2nNXJp3lxvwI/4prfIA5X+qfyNln6U1x/hzvxLZCJxRMtcpRf2lFKShFvRXut6Prask0vc17k3UrmCim6afWRAww==', 0);

-- --------------------------------------------------------

--
-- Table structure for table `rubrocombo`
--

CREATE TABLE IF NOT EXISTS `rubrocombo` (
  `idrubrocombo` int(11) NOT NULL AUTO_INCREMENT,
  `idcombo` int(11) NOT NULL,
  `idrubro` int(11) NOT NULL,
  `hash` varchar(256) DEFAULT NULL,
  `firma` varchar(1024) DEFAULT NULL,
  PRIMARY KEY (`idrubrocombo`),
  KEY `fk_rubrocombo_combo1_idx` (`idcombo`),
  KEY `fk_rubrocombo_rubro1_idx` (`idrubro`)
) ENGINE=InnoDB  DEFAULT CHARSET=latin1 AUTO_INCREMENT=23 ;

--
-- Dumping data for table `rubrocombo`
--

INSERT INTO `rubrocombo` (`idrubrocombo`, `idcombo`, `idrubro`, `hash`, `firma`) VALUES
(1, 2, 1, '7ffcd8750f1001f077a8d2a2dcd7b53f1b8ad59c9ae842206f4987ed7c714d2e', 'XP5KOATjCYa/if/+3V44D9lxgMF4R1lxLKVhPNaKGuhbFXq42gLI8iy43lgJP6q9p8qWSQer4o00KoceAMx61u7BqQcEKieQUCr46RtargWQEHHj1cLxSvTHa5D0X+49F3FcDs+qvDRAeWWs3x2xvXq9s23zBwmZQf3FpNXIbk/DDBBWBrwnJYKCkW8UgIcwVfBx2aJvZn3yX84M93Iwyu+yF9C5BDykiV+K6XE/7xfnFKbhpkTmGu1mxqiYNjgtFQwcQFpl386Hl/x7vIHXvmOnt5/1k67BxguqGeIXvFdkLXHEOiozAzCWafaBaG4hkCK6Mq0SYbS8efiFSDxsiQ=='),
(2, 2, 2, '8dd5646331972f8b7786981530196a2288f7723496691726a8a38ff16373d32a', 'sPwhk2GQOXkS7U6/oC5DiwuBsyXMXN201L21iUvkM9QsBLXOBYNfAdvnC322LBKGKATbbDnp+jA8UTn2DEg2Rm4jAYzheQH1TLhWU7Ao92OF30yY2/nzDnO1xMEbeo9jhm4DgcjgFNTAZCVQ8Vz3/Ap/okyvbnkfovlcdjuAEjG2kfON7vGu1qIYqncBg+XJHx7VwF1u9XBA67aGdZjrbgxFTo2ULd25aQlbXK9dt7/mSo0cTOmRMbGUYJborwckQHy26D4tRqcy7nsxnCfgc3HaxVTVyP6AgBC3h+OQn4h9kLsmVi8bGwL116zs03BsY3dMGYhJaiypJtrPB2seTg=='),
(3, 1, 6, 'c769b95a24561c4a918f03e9b97d06bacdb7dd9f8478d18af558e6ee8fc97042', 'K+KgCJZO4blKYPDs4MSeJzznmg0JSIEuax7tICVmWF/eMTnzyth8830KDvfvH23mmVKsZrpVzfmWuO0vVJp7EwlyO3yLQTZeJcV+qgV3ivqTNhSDI+7DOuehneC1hQgokVxwRiJ7a6WVgLFxpxcsvmYOzoU2W0/GU8hBBZHII7HNjL6Rjo78s7x5iDUuFev3kVpfTPLk11HMg0HsPuYzdktIjgymnVNKgBdguhjSjMWnt3MXKB6g9jqwrUzAJjKKliB9eMDpJtwKn+JO11C8zalcOy5UQN+blfqoSyg5x5fux/8DicLw1pQwp2lg5MpZ2X6D/3Dup/HJOMVoUioRtw=='),
(4, 1, 7, '3e0340a62109df6bc5685d09f32fb884320dc5f1b3fd08f9ac46a8fd3c83d48a', 'TmHlCoDhUouDCOM0oroLWD7toeDBRPGDw6dUQk1YL7uzgESdn8p4INZMsZpDu28gsMQBDCCjL7IBaxnGZSUc3qAETRUx8vJUrRwvc4jYTRNIhFa+4ye0WWqm7Lmh3O6Ob7rqM0l31EUJgnML/kMjdr5NP0JAgRFEzUPClvfqY9AVgOdLLdozJIUbWp9v+Iu0KDe93U7fPAXkkoVzea/dhFkOeR0BZc3hZ8WxzcE8EvR91NBxipwuOCFo60A5myyCW0kLISaP0AjrIsVt83UnQnxT3zhb7rszkR3wJ+EF/YMiTsdCLMKqdzjBJ1C8fJp5ee5u6LETCp97QutFW9dteg=='),
(6, 1, 2, 'e9ad1dd33eba0ea5574661dd40f66abd40593649624a9b3448e305bed430b345', 'sb/DkfLVHn7DhsiiRE2Vw0CuVcHfEG9+LCJKdjD5PRw4/zS+zgIcQRQq7tMcCDspo7mgtt+OLG4tOByIktTKxlgXlmglJXxFBnfNvpcVnxEjUtZE/xBluwliVVOwGkK3rjreB6yn4muoTBt3/bbD0TxQ8oovJd6nPB+g9S5tOTGr9y7xVJlwrYrQAV30IHbHC476jJQm+eT+v2M+ystDb9Nxec/Jp/ahvcT/aI30x/vSxJ2glflkE59IOS+MBBzHQqJLi94KeLhpD2f3yUUay2Su0JGJhuEG8mRUwWnb88evJ8hAfIvGWa+EOSbJDPuLdyFV98lijMAl6VNzn/77nQ=='),
(7, 3, 1, '6ccce2592d5d30cb7be443faaaf43e455247aa35f53da4a170d81c80cd3304cc', 'ctbtffyEgoBMdJOtmMFhHAlYatgq9Ag2vyxDTOJcIjSNSrtIPXuxZvnjDJpUAufWZ+HOTKZoC26otR3qckMZcsHPORcsl4sC/A0Cb9+aYJ+rzDn2ZcpRKd0PJ5dQmOK/fR9cMNx2nPzNCFVJfExe998T6cq3XXFykaRCRIY/UpjpJN9MBx4E1JsTc3cHFBfr0JGgJONbqgZCs5v+PMmm3NwCfvBskvPdYBRPziEylAhnk2L2/LyrMyCEl1eAoXn7JYeVQwqIeATxBPuq/oB0iRXJwE1BrW7iizdOzCWVrEui/XCDTqkIY9ZIdU6ifKptjyGWSYH69+UI0/JuxG7LXw=='),
(8, 5, 1, '57c0dd6fde4158d584d1a45408b8dc0211f7a47f4e5a2292189064f93650ce99', 'hIlXGkqGin9yEcoAqcB7e01YJJfUsrw9O7dNTBoI4B3/wyXAssPxvpMqBZ76AEgvEoEvjnGZq+U7+ffpgYMZGm90qy7T755tPfT/oSIUhuN/lyC11oK3/Adt6oLmufg2BDGMI++0EjdRriAmWFRUpo55JF09QkUSqFYQ+iXFuAKk3t10DXG1QwOu6m9PiNHuzKwvd2HhTqIAJcfdp2Ppy/ZsTMfIgY0tf1LIA+ADLsfPnIN4KdFYnURZh6scaxC+eF3HycbvkF7ahUtyC37Yq8JOhalOPIQMXPwHD7N2ZQmO1inL4pmBGbk3WKblQyJ2spF4FZM1K9CR1xWOXdR4ww=='),
(9, 5, 7, '478037368c665aeb04da2e886a53ff4552971c442bf8762f3cba94e7ed0f156e', 'olc7ZBTTdAgranIfz7/c1GCko6xujsMtC4qFoxenoIED688rp3pL4c/kjalOavCczx1mDBjiKpLdsQo8poA43m0atF2FnYRsIXYHU+A5dcBH1cKviMzqSRF98b0ULhPDdBmQ30d+4CBdJKpUoIwMzONgr5MqDjMCY+GWaf7VKchUg/TnTRGljWptwVeT3oJvEc3X5MIhcZaXeRiE7iR3K1iD9bXotoYMAwXntModk+gkiEF8RkN02u3LPZRdH8V0K6APEUHKJ8lQADwhF8LEd+HDlPX15QY90IiWBYGRUczJCwRuGL4WLpQSYHRmmQoGzWQKmJjq2n2D4ogUYi56zQ=='),
(10, 6, 1, 'd78ea41ff91bcae0851316682d0684c6a828f34a43ebc8f04c4fbcef4b2b71ef', 'Pq37jx4t8zLAxmNWOazhNzCJCEpC2O17LBsCSgGhovVmBCS1leyvmu+74sqROWwH+G46f35Fmn4ljnIKkQsnkw13TLH3nj0kA4udC//JESp2vDYJIqY2E1wRu9EDgRE2+UX4EQzNvumAW1LVnfSH6CCr/NWVKqMuZc+deV4o3P7jmZmpSCgUChCKIzMBleAoj9NVFSkzXncbFOT673gLtKHPymn/uqLtxFAojYAM2SC8WL2IY5hFUEC4iKx53VXxHFxDWkBPusKzWuBX3djw0KhDyb0T2B+13V23zyYm0JIox+il3YIQtAe1nxG0ZhRXxD8bZAODFKL8juZO/kIl0Q=='),
(11, 6, 10, '13365c9eb5677f6fe5111644453d3b19c281ba78d20483a70a24c4d5a7cb6d8f', 'h4wg632XUi0NVbZC8qjr+A0STiz28rhk0AEM1wB/nj3MpIwaVQuQqKG03+0CVCJ6mL4eVWviwh1RyUES2r2/All8DZ8YBJryGNjZp0yfo5IafeKWgTHWzjo9hZ2KzjczRd4HHgO4LVT2Km1O5/QW5vK7uOXv0g0DUAhPSB+nR2UQlB/PugQyDxFdpmj6IJe8KJICVsWEScpmKEXuSARsT540PJCsjYtPXx5qsVJm9DXEfSACPp42pTnvJxdq7QFmGkYAXf+c1FxJ++5zh5Q00K16rW7IdSBg6JRaQxvPDv4pwJR43wd9w2Fir6B4biQGftKcu60NNE/Agl3yY83vBg=='),
(12, 6, 7, '5a4bccbfc01f46adaaa68c84dd88a1ab24036a424adc48088a23bd84cae82b9d', 'pPJI3vHEDHQFjwbGd605ovClB4zS1ToskV2RXDAu++PimwludMg2ZaNbeSaOUdL8UQ+8porCmFCXygO0Z4ly0Q1ex5fFQHL1spttBhXtnZqwn1wV+etZARytL9BzYdjzAEgAz7Sr/HYMF7eCWDfjO38vUiR9R7SMXEU7QOw0ysBGK9gdcDUu6AuzwI5WuoXWGpWV1aowXkYmOqZFt6fa4zMRDQqFQD0X5OCnJ8ewN2rx3BobPd39zr5i5C9HfqZs1PGtiduFISdElccnI2Xkb8tNoOnqDqiomqLenRhrIKjrvBdyv5Vo4Gi74pAHw0+U79ajNRQmYEmhG5utPc5/mA=='),
(13, 7, 16, '69f4acea5d7da4ad8afa62849ab41433b902a35cf41bfdd43385e4116b3002e5', 'qar+mY9o8FnvhCfCL1rEcprxDKvrY1c/SIfpliCbO6Y7WBsz5UoJG8/AalfsSF/fOreqcBHJ64lTxwCREA6bZEYf1nrF8YpY8aDui20SwijcnbOaFnoFhQ9qBksv6Uu547GXTyp1hK+i9KpxUX+D1TgTyWyd8QroV6qv6J2PTr1bOTV19RKcOk8/Fz/reQyWkmZOb+ynkCnl6ZqiNbTvJMjfNLibnjM5GOtyr4UemCpHDqae87kP09EM8TlfQ66CjqhnmDDOh1jGWRbltTg925BOaci5/xV/VAQ47LAu5PW9MUnJR4CY//4WsQxdqBA2oLIgpQk1TPUyWkJXDib9IQ=='),
(14, 8, 15, 'a65d0f657bb0b07548414846fcce6dc393aefc132d9abedbdfd5e7cc011cb88d', 'NVybBYKeZi9VKLmLgQk2QUx22++0xsPZOQz9e08XtM8waCAo1UBsltD7R8QsYhEH3URKYq5Eicet2859vSgms+OkR/mcxvS89YXU+aSysqKUG6QInvJoCpPnGXXV4+mrqgdu8JuvNTrWAFvyT5u4pVpgMjiiRQ8TYeu83dkGnIjLhZ3KXgbxzOea4j6+NXw/WbB2rWTh3lqbyKqCFGVBB7oAdUmVBNOCz4OSZy3Vk5dvG3UKWkQ2pnYEuIKu55Zfs6PwNzV78cvQHodPB5qP4x5eNU4cr4tLj+RUPqITaGHwM8i84m1HLUYUNNigXqqhwkwEuiZncSgRHuWexvAl4g=='),
(15, 8, 16, 'ca45d795cdf5482dc96c2eab16aa0e13d8ad10cb684a8acdbc7146ab6fcc225e', 'E/5NzvVKFPz5nsQkj38PrX8CvuTBTF42GAniCSc1Wjc4bzocvLWDC2np2a3+UKsTZnRL/2gV1M5ySKGiwEKgmexfGOcGSgVWbYWDt01xKameVLx1pUU6umLfnq1XytQ/hBpdeOmFlUE+4hRFkUlqoO8OMUlNg9JMrit7Pqc9YQFYkFXi8qq/YlxdGeBarLUmZKvv8f8U2Ln7J8Ujioe/dgqzCLaF5Ks95I9N9aTWiU48tNMzmDeN6nxtamM+9oADdgqoJRPzZocnLhNVXWVZmnIWeyldOuMwoiwJQUcy2a4p9TJtcKnDJX+wsNZhfqsBHSxONB7nlhFXYbFjbTiudA=='),
(16, 10, 15, '13ce4b4fef5b29eafbd2fa2925b6663caf70f5de60b8c20274fe32365f8be6f2', 'oSJdFq2fM6TBQBD+RgYw1AQAWcN80NgdTATu1eATnMvlrdBUqZJAkBolL60VWD+sFL0DbWFS63Y15Wv3obCIfif2eKO56q98K5Jjt3D1K+f59jlezda433TBN4l1tUd3DCsPF3zu61DbQjRZR4jMRjqKX9LjiGbTQagXjPAoEQ2xO0mel+2P/qnXJGthVZQX11usvaxLrFrPalYE3l2e9iFzLD/cAb9HXFENms4HZnNVh+s4KXfJ6l7BmUE/wagVP4ZPhwegq+8veetCtyg/VZ9VeK9Ezv1n5isKwzPwpN7uoBPdqw8D9ZJ0KJ7ek8VpMaM6L4OKe/ZXf9czObpxsw=='),
(17, 10, 16, '06d9f3d0b50364ac951cad2fb845519557f1a9a73ecf01941d739ab3725172f0', 'JvNRTFs213KtCzbe8LErXzCz5ACxREd9A6mwgxOnDcD7eT9Vjyx2aQVjm+Xrw6OcUZlrKVthsiLVbn2TUCls72mhWoz7lflr31e4l7MRd/vyH4foqy4DZ8QrlzL6DZb+B4PJxGY42tF+j2MOpIWqBUSj8Z8pHgMH93LbgG0PxiyNCMOlYgJXFRkr2X7iC9l20+iPasaukFaI2mULbwtm2KT0Yb5MAUJrRPG/WeaItKgl4bUADUuH6SRe9Qwt9nR+XsTv1Js6X0kdpHC4IYQvCwnVXbmWaXNmo2IbS49VwLz5kNzvPp98bks/82QRQ3wWuG06HFKFNefXsphG9rzhlA=='),
(18, 11, 14, '2defa91c0c72b46f44b1b881c0438fbdf1877fb38b48a5c38677af8b7e9d45fd', 'IXlJFaq2GnwwvA6iT2/AQ6t5xVSmhr9w70KgzYtQCCLzxWhsILMOXYNS+nWrFF7htVuj/IRH1oL2mXlICDYjDieyTB9ced1jXk6auxxbOv0KwmR2P3g78kiKym2ZjRlOM+gc9Vf2Ig83NGoSCy7dowbs1aS32jPCPT+wzUi8HttFEv3NkoERKUubZXLB5KkYT5s/bTWgiTsia32onC6NLFAMSfo+T7Et7w0sZwXsa5UHrFSEMIn92YlFA9Ft+zaJPt2LV8xAya42EjD+cj8ILXEGwWt6mypz3q0bF1o22CPDpAWhnRJueI1FsQJNhT0LP1TMaePS3HiQ5vWLUUqiUA=='),
(19, 11, 8, '095403a2ff06f223e0183ea50df58e1912926f6259b76c99b4132a96923b80cb', 'AJvnMplPHFtAN9Hfre3YG5ZtxK+bm/aQtigOA541HJEKVo5UQ6PuP/w+/3ebPzSSDhBN/256/VTCFzgS3vRgu8McCD5HxO2959a72ajceh35CDO2MZp3LRH5KSrEeoGRMv2R+ouEdjdwfMnFrl5KY5E/hiA/nvaa7ru98Ju6+KfxU0qmdjZYwPJjVHHPbgWne46Y98XB8TDkJn6Kz5+yovB0DdccNodRa5K+ALNtjXrwZpmK9KCkqpX3XR9tb2bwRMCxw6vKr1SYn+0DGUj7Q1tsuHzvd7ptP52JwGImhtlaADvgBmYyMna7iOeJJnto44dM2CVu5bM7NpgrdTuOmQ=='),
(20, 13, 15, 'd2472b2b286c6cdbd088e851011a9d94ed0682e87003671be98ca028ee2b69ca', 'VQBjyBDFxvfpeY+AI9Zqynu5TyO8LNDn8h6pNeY8HFJKDT/6nY4ZMMu/Mx2Q1B6N63KTg2+r8Z/sUyjOUOK5yVJMsGjBlxYyTTMJgygdoZpPrFdlVZmt6vp/ak2UD2JMKyCWHVsvxTtnLZO2bj2cAhNYNeFHdTlzQoX7oimmyguaapjCAyLLb42LQ7bq8sY1TkDecYjMgm0Po8JzS9ijKx579FJM7Pyj5eibAjeerEGGKMBQk0pQ9D3XijUYKffHx9nX8s9SKjAc9/7889LriPftt0egVFGzT/qMJ7jwiYVMbKjLdUjiOGBmXKQfxdBhLspWaXy4DIVYYt3iI321Cw=='),
(21, 13, 16, '08bc36bad1fe6b395d88ea4b8cfd01e4e019c79749c28735bf33e88d01da1c17', 'TenQtxVp8zWqb8IQ/8U9B8snTS6CyQgSXVwiKwtbdCHrNE9eODT26qvqIWBli/pkWmL0VfqIiV1V5ge9+ypdZZvQ9yZss6S5+mER+StThpGHLowEBHEN+Vo6Ej335FoWKTojV4AIYt/NMilyHq9/hhbMuh1cAo8m13sR3K5QN9hlKin4COeRnIEsmKrqwH7Sv3DaZXZxpdxBb7Lz7rQmvFeyqxIWItISM09G5Ah4aGyUUJwiszSo0aAvfEBZvi1D4X2oEV2BwFq8t0D656SUWQuiEHxKcq++kRGDJfUERpzV8t9Dw8gZNmRkjWgSw6ZKqJI6i0vDs1Hw0Y/scG4xAg=='),
(22, 14, 7, 'df304e715d79bbb089d38fe578f5011274f375d418ac121d9290bb8867bb5193', 'NJ3sPgyyqHWeu5uR1lGw7KGw6601Ij/3vJlaeBWFwCVcGr4vuFKPEWxoqkKO0jI9rwvMq/BSzwFXiwkcPCqOf62Y2to5C73JUaRtTja5MFO7wlGmM5jO1hwTFfjA4uff+Y5px+feZ4j05VsqdGig+eDtJ7NKZzG01qnNxrooOIEjCqqI82nI/OMnIZO39n8Q6FYLniT26SOBa9pyNLA4cgDCfSVyWLrM4/ohwAdjSVQG228SHfTXlKmCc3gogvGHsRe+mOiKX4rcKiIwImJTwsrukZexCenjXzNwE0B7ZLpdPcDsAzNRVdBAq0nnoI8C9avcvjw/BZ2nitu+AGLa5w==');

-- --------------------------------------------------------

--
-- Table structure for table `rubroservicio`
--

CREATE TABLE IF NOT EXISTS `rubroservicio` (
  `idrubroservicio` int(11) NOT NULL AUTO_INCREMENT,
  `idservicio` int(11) NOT NULL,
  `idrubro` int(11) NOT NULL,
  `cantidad` int(11) DEFAULT NULL,
  `valor` float DEFAULT NULL,
  `iva` float DEFAULT NULL,
  `total` float DEFAULT NULL,
  `hash` varchar(256) DEFAULT NULL,
  `firma` varchar(1024) DEFAULT NULL,
  PRIMARY KEY (`idrubroservicio`),
  KEY `fk_rubroservicio_servicio1_idx` (`idservicio`),
  KEY `fk_rubroservicio_rubro1_idx` (`idrubro`)
) ENGINE=InnoDB  DEFAULT CHARSET=latin1 AUTO_INCREMENT=280 ;

--
-- Dumping data for table `rubroservicio`
--

INSERT INTO `rubroservicio` (`idrubroservicio`, `idservicio`, `idrubro`, `cantidad`, `valor`, `iva`, `total`, `hash`, `firma`) VALUES
(1, 5, 1, 1, 60000, 5600, 40600, '816bd4f5c8356c43c6b84b8ed5295fc501f435682568b871661b22965f6deb72', 'M7pajlRHqiJMSCFG7orMfrmTfyAiLQHnLpzmCa9q9MJjuEeB2q42i9X/gwj3vaNbD9sBteg0zTJNWid+GqYFl8+T4OTheHItxWFXBHM0DlvNAndDaibkX3eFBwpKq083Yt7zJsEKVR6vBAPYtdwD8jDhug5iHQjfI6ZnWDTVLTweQ0+g0qFUSUCQxfp/mdM9Q9WEFzdilMFcsqaWE4AEG/vL5KVmhoKJcggqCayNYNLPMcQWi8TXhIha0+c0LLk6H+xOmBUnzuLyc5gFS5emZmCPyhUpSPY61bcIIZpU7SA3ZNyFzguqhSrPaA/FAOXuWcHc+8YEzbhmUWUn0SUPew=='),
(2, 5, 2, 1, 50000, 8000, 58000, '4792dab37dfdcf87804270a11af00c6ac25a951eca4738c078fe8e184eba41b5', 'NcRUiNElPNuxVaXZ1mSzthtSh6zDXMJbaubWUjbUtZ60/Kjor4U1bYMxibCfMgaAo0lQUCRXn5+m375cVeLrFR1hYhpJsWCDb2t/7lWmOMF82irZlSTRzPVN0UQWu/yhV4mPydONNWrGOzQ3CONpXye0j9sVjFzko9NmxW1OT4HUQ1mEZUj917OweAqyaH2iC2nEbZhdGGz9MgJzTa7MqOKFobGP5bFVtJNgBJV9PYBLp12/OZQLjq7TqZryxfNC8TCq26d7YgGHVuZ/wso4gg4SJShl0OOzu1Odf3oUOkvr59HgdBYpcibsKu8SRQom1zrIjbJJEufVOQXB264/xA=='),
(3, 6, 1, 2, 200000, 32000, 232000, 'ca1eb3ad6e9bdeb3325884babb8e66bebdbc61ab679bee0245c864172ecc0a13', 'oUOBLTKd3bqY449i4eay9+NNsOhAOmGWKtH6EcRgMKqzPa9oiHUNLAC/8bo0H2Ca7Mr7g4T3y+1rLvmJdu3YHeI2K9TKUCg6/XRCWfXSas0Q5hAz3Nwgy75UeohOAOoyMQPRp/ryZlXte2m2OnrH74m8LnOK7WdGgqaAzIloOz+lPbq6OxlONImq70YFO0LO911pKheY0eBZjyu0RHVGSdPaZuiq9/byZNHZLf/9AcVRr8NUbVaHo62nmHJX7GBVy6Y0v1vP8ZMqucqzz+3dzkRzZJR+wygTqZ9mMnTn4opncVYuLnuVm3qfaeGQW0xnfA8bKckNoBQEH8CgHQ46MA=='),
(4, 6, 2, 10, 100000, 16000, 116000, '41b09fa604b101b8d579fa9ad63fbb839e42a78d116ce990a368360063370607', 'EHuBTZYefSkNziH2/X1H0/npAHRh7MumbNv9hNK2l5z5Jc80d7JN5jMVz4pseWUfyBb557yCZifGHHJH1MpEDY7Irss3e3UB53jAd0V+ySElIkMub2C/++rFtEWYzB7jzogIqWU30cuhbj3VXUY0DspFMhXArrh8RsADZpU1A/+vfDfl27fjmH4H8SC7D/f0pwo41KwFNItIsKOMkZ+cWWsVWkBa6PyHMZI1duvA2RTMZmiEkGsdAeICoyi+DF3iGGhzLPHXYsP0RuE4UjOBu1FEbz0gRHSK6tX6aTxJ6taziy2JB0uwRk048crU2bdsnDH5GhqCE56815FGhrvCFQ=='),
(5, 7, 1, 1, 35000, 5600, 40600, '30497bd4d6a219b26205fa089a6926cbb573cfeba9ef0c8992de74b588ed8c0b', 'KUoxWB/CU4ah3k76+4hZGCji4i77CUh7yvMN7VMkhx02ZJG2ICzTPvh9povXna1aiNWuddYzkczz1/z0lLJXPFN9GqwPZ0NnKtPIZrN9cS1JU1jt9dLTR1QmDqib08mzIIExvCEp9JUdo8tBu94KUdSIoidCIKQqBzKtMeg74jFA7KQvL2HyQF8TyiXO9YfMrRLslCq2r8oyvvZ+iNLJ3w64GHJQU/tpctCEHCTfUkl9UOYV596pQ9E0ynHnTcJYpp9ow0iRpqg0lnTrAX50k7bkmWp+dvPn0XODAlzjittZedXcXSMdCDzDnBY8DyifjZ8Euv7bqj+Ex6lWvgkzew=='),
(6, 7, 2, 1, 50000, 8000, 58000, '59d14bf88721d71b3f44ba4559018b64d33e9728aedbe831bfd5361aec8b36be', 'LgMASQzZs2c4/FBYs19NQcRwsyxgV22/eF9MIhJwIhtfnmtXE6V6vz62aduuGAdleHJ5V5Bvg4SNjoLppeJD+ds2ZckY5ZTrU20I5WhyXzPJvy3WSgA88qSrdgCKgj//4lHUMkFp0faMORWAEDi9Ffog1GdQlj1r8T0YDe/78y4lunRgi0l70Pi4hODhIfFgi3+g3UUAPK37yJsLicNGAMpHWHGMfRD38/yeosdejwSWNsKX9AdvuDeGb9p3NrsutCPzBbApFViyw026+c4jj9dZZEoYXDG1CbAPkTqmT5GI5qxzdX6cEABBY4vfIlnkUDnsVL7WKkmg402KNCyJ7A=='),
(7, 8, 5, 1, 10000, 0, 10000, 'b77aaba0d5b9b9c538927b356064824dfa7dbfb8f8754f4740d9e72d402fad91', 'oY9B66/Z/SLJPftZ+QnO2eASDxzzQPoD9CXBWAMaDHHYmBEPIvLzuKhXCtaeHv9Ajozc2TuJweS9t0/mz8SNiJBNky4s2hcr/ZxPaNimwfBB3rALT8HYGX+EenwVlnPIXWOC34uFaYzwR+l2Y7MX6hUZteLdIn4M//aXz/Lqgfw6vGSvjd6hOy0SgE0h6I+Ed1zinkwvzBOmgzH7Dp0GR1dFeTB6gYcH8zp72ekexB6EoHZoe1RZ0gJIzn5mkN9CVrZ1z2w9PAw3MwVy01L+WDu1mLLKtDs97KbufNxn/CAeX9rNgiepZC95x/tJLo8TOdP+5JURJKOHYP8uE2pX3Q=='),
(8, 8, 4, 1, 20000, 0, 20000, '0aa0f1b893d5136f6b2147acc3d7bc2e6eb4c6b2a0116151d8a26b001f3b481d', 'idXyy7TvHWUOal5HRVbtwyX2dt/D5yjMg/1CCzaHOYIMb4Ps+g9ExEIwZ+hG4i45Led5N3+caW3V7TCgmmguwV0qMiq6m7UEj7wf4CQp+VKoDnilnF/IYZUrCFE6nKVt06iFHRf8gLk7K61gbAqXYOYByvhzSqA+JAmVzOkYBFxaUj1HCFc0hz3PHo2xyJla8bm0Vr72i1RhjXwUBL+iCOMLbPpCoyUsGxSZZKgRcEvUEaH9BtupQK9FSlNAdNgkdpdbM0MzEc/uOjgsVMCHdZIwbEmHJ7Bw9nkQIMrJggNw5iY6yjvQQUb/wCtUMs7vMEhrFEJvSJPxyD0ut+QGog=='),
(9, 8, 3, 1, 100000, 16000, 116000, 'ec0f1870932e42ee1e15b4301b3103ef24e1d8d333c8696c0aa17da3222f439e', 'bjkFNY+Aq97AGG47HrnOe2ZItdmQane/wBtkndjTYfAda1c7Z4QSj1yyW9YYXaoZmlmyF1l/gZIyxftkfRb/keQ6UMO0LuRnCspwYvTfZN/wL5+iX0SDJkxozWUCckfJJTiIgfIpEpHID/RQg102t8DfeXfVxnaxKhh9UTSg2AzIamqDeyeZ2u16r8LJ67G57z9ONZ6W/GNBGAxP+PZqkml8z5bUZlC5u8h7vVq5zZNz4AbRD/ihSS3rYEUFOzOYdbDT4kOt6AuQOcPQV7CQvdk7DdANcOhwBuoQ0lgVRn6MldAUI5szjJ9OumIqXIAkM9Y4SsloI1DZT6QkiLPMLQ=='),
(10, 9, 6, 1, 30000, 0, 30000, '6d3c948fd3293541d750d78043dc768f59e25baa2645a6ef457407e28f1892f2', 'uM1FBtgfje5AHHCiCozVM8443YBysizwNJ5KxPJ2LSO1PUVkVYVSB7cyTc3yZowvQyukcQyfpR8qzSStd/oflfFLsMUiKEopqzEWpEj0tvz8vWkcnEWHhrvv0UO/3OisfoHaXqxLf1OzJKcvUlmIpZlsxFcmy/+6UxFjEBX5Eps1T+zGEvbT7Lu+OoV8wIKytVg0aTKPcGgzllH+DtVGAkXdw7pF3nu0Kv6Ya/cu4+6TPWcO8gsHLr96A6e6KPrBIiM5buSoaft6mtfzxJabRIsWRTPpqzgzfUWT90Ne3dR1fFUZZT++OPuV5c5vnmifREC4zMvoWsHdmLtl+59a/g=='),
(11, 10, 4, 1, 20000, 0, 20000, '130fa8f230eb4d79e0319ad3c2977432bf944f268a4c6166e195c09f9609808f', 'INl//m53qKmrPPAco88A16bowRrwajYRY9j2yYrxEdJBrV5nLhaUqelvyKolGM09z4UgFcr+Ea2R28HcooGSQDDuGyuwOM5MrErLIP18hyec/QRy0Y1TF7WAKyMP06B7tx++2vjS/0/Jgr3rdpn9RvMybdZ9LkywhcaODge8OaVtxPLsWmP53jBwBuUyAVkdqVqG1uSI8UTxAbEwy0ICgNuMEQ5GvCfnIYSa7iD8XRAm2AEtOxgDdHn12CcDpWC1ucnx4x0QJzZm/oPeXbKY2TnYGhaqlA2lDAGYv+Akj/BuB13jO4CNlicy9LNdWKeoLs9oVM8SonnK6FRHCi5fJg=='),
(12, 11, 5, 1, 10000, 0, 10000, 'c57dbf00966a6ce069281324bda5c0093db9633504de1aa454fa77f111789964', 'K9134gXerDa/sOmI2kfgFhXzEFIWW5nT0hjghb4Hia5jvXUb1UCOqG/7hY2CRDC6Yw2tjl3UfZIpyUpOsqOKvqd9l8zjbsm3fQZIiyq7xJNPkFqbkmibHQ6A46j0vsmHh9XCGFRXQeOoLhIuA+7DpAWUKBA2V+dNhGJV1HHUmdRpQA+fBZNZ8C8qrmZlxTgH0rt3OBz0vXMF/AXCHjLy4QL62ctFdhvfnBs0nJHHYbvpsVCSESi8eaNFvpQ56E+q43ZQbqJ+gb4vlQjgjF2+6yCIbBPqW4PVu8nF3k/hfOjBYTfpKFJimiDGOhi814fkuboU46/gaL0Gn1UdNVb6DA=='),
(13, 12, 4, 1, 20000, 0, 20000, 'f33874eb2fb3d05c3fe60346d54ef6ff3a0f85d42348a15194a87cd0cba155ac', 'JZiQ08Btmvc/Jwp53NozF3zqVlCMfdS2ray9Ncii4w2KMhnyldGf38jXFVE0Ev+0tWIxLVHzMTVtU91udDYtEaihvMs+USD9y+Sk/A4Au5LxxNo/ERQHGiiQca8M04OCmLhO21LcrFhumAHkiRxwusfm/KPme9lMkNUG7Y/AxNafPj0IBIaQXO7JJfK5QNnFCEcMZkTWS543gK25glqud0QnZafYjjS3SFYP6mKyp3OwOP1zNhgpJ6YWM0X+ea+EyENL0rVRT1AC7mgpuwQAzdVIiOgLAQ7we6/0h1wqbKKrqnBJW8kBjPonzYzjIaoWtgK/Y7m3MaG+Yp9iOeF19A=='),
(14, 13, 1, 1, 35000, 5600, 40600, 'e91255d2dbf67df77be23cd36138820f89a673719d9dae012397b2e19cf370d7', 'M2AUnJFcLdUmqVIodOIUiTpKM4V6zKpO8O+zyF4znFShuZNB053L9vZp5NzzYKIUdvufw5uLdVUOmp6xsdjaWnBXflKR3C7fAbQA9dV4cqR28eTUk/2cs41Qpci13m+TUCf9iH0/OXiHIokir8vTvTDQZ3fk9f+KAEoykArUFZIV/l0WondXNEVJkrNXLkSlVYzQFySk7b0D1b5Zu04REHV5r0j2L7JdNg+1Immh/maYcdxIFvRwkS8gkkz0rG6FtfYrsAt1dviJAPKtx7l+AP6E04OHov6Q0iY4Y187rYE7b2hO/7bX49g28OGHLnCR7oLLiZq1RS6KYpTCiNTg4A=='),
(15, 13, 2, 1, 50000, 8000, 58000, '7e4a38598138936f023159a939521c13eb0f7b8d6ad08a192ccbee0cbd70a36f', 'nrUhyQIQoTBrm+zYyG2HERhfYoiWaV3UqU7VKHRaD2iaAeQFWNd8qb8L0L2vTOesTteYcjt+/Of/kav4B4/7HtqEAfzRy4frwGAH3RSNPQwTTkw7/xpG2JIImmOFJU1gHaEPpY/nSRQ8Zru/1EGBQVC4SD8NaqtZ2AcNbjYKV+2TDefE2fnfQDYqRzFsOM1Q/qF84qctR8A6I4qhKkLi4pN+rZpdr7OWDyL1jLmWQbI8ZLT5WsgTAmxFf/+SesXQ8bXQ7zgSNz/CLePyJ9X/c68CJhUrgebuq12rD1BDNsf8BGBDcxg+vimYEr4gAV0fmyXfV7w6wpFvnW+lKLQnpQ=='),
(16, 13, 3, 1, 100000, 16000, 116000, '476a182f91a0b7f4411f89c37ed648643fe63297376019ddc6b5f8cf3065a16a', 'GJ0Sr6k0YG8rOt2YzLv3Rpv4q4SgYZ+QqTJZyQJtmm5UKENvgoigQgf0be3OXjxldkZn+jnf404bGuTfEntTaGJhaWr9Bzpwi/Lozqnc0I1SlGLFY33yAPih0SebWW5360EWi6wQlXt4JNWmpQ2qA7MsyLy/GvExV/mQbBz2UU1B/91JfXuHJhj/pcrxNblunoVo0ddqVDY/s0BX4Kd006HFM6DwHthTNqRhfkj5Vpb8Vn+mN4l9EFAEcVEFS8TIdH9jJ6oMQlpJFFWbT/aFDhKwiHa8FhFbW/8sG++0eWT7p/hjAVmNvLL9KPuBF5vb3w1k8mdkcWhGk5ctVvd6LQ=='),
(17, 13, 4, 1, 20000, 0, 20000, 'b5e8a34bdc75b46a6aef1b6c3ef390b16eac6da587390e0a0e46f6356b5bfe73', 'ipC9qQxAAm+cn+axS21KhKXeUDxAQvnSj/JWytPyakxX2wdyWgmfG4ZJq7PtT9wYV1RhnN4zxTFD0WU7xyZd9TEVDsqsfgl2Xflyd5kfwu5AiHQsy/35NC+XpuT3BVGpqKL1wGIxdq469amf3xtaOwXedQxbWYtxb+yMxDajHcO4NqOWxaM5V0SLeelLNtHsqS0kkGFqX21NDciCV8w5YXZfay+UJcg+cIu1Hh0C3liMfIexouRJJLNacJqLfo9joDn6WhiUXJPeZ1WB4UtsTDC/AFJozU2gIYDl/fQResxRgYqd3MGbQt0xH/tq8izQ9axc+tgTP7cN11c5cgmZtg=='),
(18, 14, 4, 1, 20000, 0, 20000, '184c19a2e19a32d47f1fe6155bf86b91f4fbc648f82c4d8b4bcb1517f569e1e1', 'Enhc75ejjw7DbudJZd0TXz3R5pcHbssumx6pxaObYgM5YBAZKnZKjGI4mD/W0qytoWsCbs89t7TGrje8xky7et6rwYVHyxeGzXbWDWlBD6EvB+74TM2D7TI0NjckDvA8iSnWphxCy1FsXtUvve91N/YjJmheCAmPNqPWxKY4J458d/p3esof6mrsrSO4x4S4YP7+v1eMADoq5mWu3m2oKtybweY9XCVZbV3kF7OIyHb9rLQJHsIevSelJMbp4dlqCOO4pyuawyBx1MgkLeTLyMrHZV3Ejw0hGvaEtfVCk/D6zgken1R4LVsNnzSDQr8rBYYhLAQ96zF9ecABS2KIHQ=='),
(19, 15, 1, 1, 35000, 5600, 40600, '5cc42db4c516c2b98babd3dba72e71933922864a52b537a8a363503bbd0a5869', 'qCLb0w9WZWdk4KaeXvIzS9OZlih2LIOUcuaVo9ntl3irvyrNx5blIF+U4VOUmLe9eGxzN2peBDIuNPEpyM09bwVFHdosK7F/ST3nRVGeCjG5ki1yK1oPz0Z0Q7P/BsBsWA1xp6X54VqpQtPtDzYLinVkeQQvlYLTK2Zm1+JR8ASSdIPsIXyjLy2l6M6eiOnQ1anC+JLDjJzFex/oZ/4xxIrPffTZxxyfL0cI0d3sCTCiUTidrG9xXrGj17i1xW427Ek25+cWHAdSUzYInLorhDVllDeiij9S96XUvawuFk0ohz3MGPZxcTK9Rw/1dM79Wn1duhuxjfzGchardS5MUg=='),
(20, 15, 2, 1, 50000, 8000, 58000, 'd49c22a30167511db15c23bf4d3e6b595682708ea64a1d491ee04c4f73eecb7d', 'qboCUr3brgEUui1XPWzrVSrv373PIHWq1rA2b73ZhCoPVoymQZSo4TWHT850ySWn2Qs8V5WzydJoB57HpCbE3RD4VW2pQyY6S/7h9EhVT8oR0jWmzbyaoPJH41st9J3pLfdBqkGtNtWWRRWXmGVBWg3bflMNzzK1v040HG3UdMGQw6AnWdVz9rUM2uZlfjJ32iJiTunQOw/uxBKYvKvvsi88YojPkTTmpvsIxsDIRPlrNcJjV1gUaCk5nFPQGfUHD2soxylXIm5kLwAH7WizHVfjdqruukokUDxo4jyQh/1rDzmRZcymB7s0yS5F0qh7xw9Ar35ZdBRDdO6Itj/UMw=='),
(21, 16, 5, 1, 10000, 0, 10000, '5a102576ca211666b6bede0ffcf536884d5069686e5a3c66b2a080a56a2b0f10', 'Z0D+POXx2aZ3SbWBxKHbEec0puLdI8aDc8pAd50FmHN8LLOEWDK1t1vcgDlpUGVgoRz5AyMx1eXwPAATvPIE2ZRPh7n7f7bEJPI+kwkZyT9yv7t4sNEJmmTIUX3hChmHsQh94QTkmDExl+CMuHbeQrTm2RjoXWB89n1hRBHx+XodX5tRfYbzaOZPMTwNMRuMA9RS+4RWU1aorMpxZm6hCdBLHBQWDyQgN+u5nRV7Q9G0lIH5IRXs+IcAjKnv7DQQAjdHSUjBEcgZLN5CNYFZtFlGgyx1brPad6nGCV1OpBFfQcPBXyrhwXHtOs8v7sixZyOdXSvwWyMqDOdQg89dCQ=='),
(22, 17, 1, 1, 35000, 5600, 40600, '92e344099bc8c82357c457a4254cee4b3d35b30ae0734ec6aea399e93aed5dca', 'OfPSkVTZ2OZgEz/FbgYwK1fvfM7NJqdRn6vzzOnr2O24/5F1YefzVAgSgKxIRP68zMG7yD/gVa9qovj8he4EOpRktvFKwZyIHOw9NLQwsnGd62nCcYz5Gn9xMJgTow7ZoAemVmXCpAyEVjkXxrJFKqU7sKS0lCQwQqcVRq6KN+tpH0XRsTI8Peiyvz66BfMNiB7EeinhediZ2M7f2tLa7v8UfCn+4by9tBIF+kNxFLanz/JthRjxtidV26Nlr7f+/qwq9trfkg3y3rHBDXvpfk5TbwHs/JnUMOH4UFo3plUnqpBYg/pBqL7AoCX2BQATY6PevaUo1Z/Qh1lxl/032w=='),
(23, 17, 2, 1, 50000, 8000, 58000, 'c2ac363899811664c26a4493a16f889b35ca9ede3d6dbabbf0adb641214f206f', 'irCWTRXMaWxgWE5Zp4ivr6/5qN+aJCY+UjTC5QVXlxauu4OWJIWhm1nrJvXcsr9UXMdOI/SZRLemNBTeeNfIlJIgDsCLQePTClRaIYJOQGdBfFrUYWJWBl0TRS26HkN2W3GTrcXF7b9UIWJ5okrid4gBHY07ZnA/Clv+o9exG79Dew29KxtdQWGxrTPNon44cQ+LI9LRB3wqMPNj9mm6dZW1Hn4YDQPssPeWb5n8xjGLLZXXzTCgs220Up7aFFXFS9QAi1sQLxleztcxEt+wZqvbPy8nO0hCXwvU74YWyLInsUJ1tvLPALzcnbwj3QyHTbAiDCwP68En0WjzpXAf3Q=='),
(24, 18, 1, 1, 35000, 5600, 40600, '7a97542fa0be449e90d0148db7aa73fe535e6b6e3b8c8a3ad2df69dc671e5070', 'eNjgZCpGdQAzmqulMAWliZBNYwraD3hMjGASaelTkmoBYltzbj7kf6BnKfnY7V6Fa2O5BoLfSl+GFzU3bCK+VYXWwWUt6s+ElHE1Ms5clunn13JHzlG3VBOHmtCVGoUjqPZPtzs49BRQoUXGqcazYUD170goNQUQFZ5/eosVLTwEhYcs2tGNYf30djZCevrAlKRC3HpwP20gS6YezvYPT8uaqQ4H/mn7a5BJrHiaKSgaD+GRptGhQD87i5GeieLJ0m4wAtvcC7pXOPS2TcQnl2Ixo8Hez+Kcag2SKgxbY+q3FlJi010+irHKgK02sMKzGXKoWDV8ydBG6Y+q5jofoQ=='),
(25, 18, 2, 1, 50000, 8000, 58000, '5144da18ebe6a3330cb37b5562ad10667af12c7398ce359a41ff00c03a53e9bc', 'IXOGHiP/gFXTz2i3OgYSRvr+59T5DWjMYHhTYsWNCElWzxGYW4HUaWcb3N/Grjva1bBDt7sfyzzodAvSpqOUHlnZihw+C7/PxVUUTgAdAq4iMm+twzmTfNLYuRVtyTvwfsfq+c9zQWLDUC6hICUPwJ/4dBqkmzWj4JQD3N1Icq2+hARJZJxl0ABTTBkEnRwImWo3BevHbP/Z708qN9BL1QYLrvCBBQ9tTEs8/Xz3aWnbX6qPZME554dpb/jwXBEgWB3h+qm3Fdva4vLPvunA9hUQOiEjmEPJfjByAPYBAgMGUPiru2HD2QhKrf3ZNSL3Yjf6eD1aBYg4oWs/hefOmg=='),
(26, 19, 1, 1, 35000, 5600, 40600, '4681e0619745549ed9962a391b0cee3b5794a52a47861f91d0e5ae736123d934', 'cQGR8poI4NW+yXgXBJwXhPantJSVzGGTZnnA7jS/Zzt0k+6EE5U6WH0JKaO7iMSOV6be82KYRA4pFRTlX8DZWnck1yRhE6/8XwTeAZ52FvbS1BlDygwG6gJTLnTn9mCF2GfBotAFsn1lEudYiWncIBhK6UFSitc0uVPOgOfFQtG765mXoxdaIYiHpmmuFl0zAey9vy0VACZP+23uutbU+dp3oFQK1juI/OwOl4tmrunb4WcllUKJDP1sKP4fWQ/csCv06IHHPN2TJPdPX2RbJUMaCGwUDv4ruofeZbbNeZ1rIuFZW8vGa5zukSZEDoQuPWZS2S2N1w1Fs4jei6zncA=='),
(27, 19, 2, 1, 50000, 8000, 58000, '0f7afbc1e152070872a6f6964daf9b5e538c968f20189834eb94c46b99884e7e', 'AKDYWb1AtqOJ1FKGyr/kAsNyxjPbfoCyfx0iS9T9shDiDck6RwAU0v07o7DuDR652Pg23rHmlwhskDQkPF0d1d6T7mvcQFjn4hJFCr542xdCy//xbVcJ1g1Cl+FzVYqFq7EkT7NKf1fq1C/y9VATOef6QRtPTMUPTZupci5oTgC34o53s7jzB+LXL3rcVoqtzRfAjw87+/99m0j5XTTifCQttW3Cj9C9NcGAeDYSfsgCrKxN33CUL4oaovvn32TSdnOHt4CJmwnOXC46X+SYIsK3m00t8QJZsgxQIRP6adVmQOgxv4R+uiq2e6ivTbrOciYAEh/s+AmEepiNVtX6Ag=='),
(28, 20, 1, 1, 35000, 5600, 40600, 'ab83f71d04a5d8c9c6e14195fc113a3dbff357471198e218c8ebca89b051492b', 'q5aQufYeGrH1xnHIQuN+einhGZ327YEuHQHrOAo/DMgBAr6AhfRGq1v9yUf7ZTIirQI+ddnoobMxOBfl97QPviUZ+Jsx1Dat7r7OrtjV6foG0De4ZfqjVWgo+mNlZJqRoFBjof7jHmlEC6D2PwsyCtDnxp9CF3QvOrhbip/dRme3BkNvcrEwvT8y5t82y/lBSnjk5oLJ0vH4cXGyEKgdCl5lmKl7PYsSRYWYZpxpjVTf93ETHrYH7vW905EQEZCSjJ2lNm7PQqlEQJ43euD1eyiVEWyfgITHktug07cSd9SS0mmWNVvSTfKFpT6pfnNcyPyH8YdLrcFsc+BH4Tyhsw=='),
(29, 20, 2, 1, 50000, 8000, 58000, 'b40cf1ca971533a2ddc77e658bc310c1ff3726b9cf7ec7aca2db4b6a7064f5c9', 'MsfxIyizh2oOFh5EoceZeP95VRmL3+3ABreddSeb3ynOFFjoZ4J3nei/9Gn1QyRggpM2DE1nSWlMmvJNldL/QJWJv7ZEpBwD46KJ29IYCmBxd03m8hsrzv1x5DtKQa+xBI7oBBwa0xARxHrSQgJ+Wc9sqIGdkZd3PxojuYH36PQEn3qCDQmWhx7e85EGvjeAyDReZeuzZC35btmVsD2LXMPKKqH3dlAAJ0WO2ZdM6L79JwWPAhV0ol3WBF/a5RV/P4j+XJIwJl0kyXEGjUDVUbQZAc6V7baflTK1/GVv1auP32f8WM/jCfPrrHo6fhKQLCJm5MlbaVMmF+lfmjbe0g=='),
(30, 21, 1, 1, 35000, 5600, 40600, 'b2fac3527d75e8a4a48a49457f14d9554cab3fc67db0f4fc694c8231a95f7881', 'nAoOrHuEzP1nwGUwp6/3OoxYUD3yQXjsVG7niJB8uYuDfm4IBUA8CpEhnqGHYlTKBKJbzGD2V77FxevRrAi4O/U/+x19zskIk7cj7aDPilBsHxXZfSUDUQPe6piCMyyToY8QwDSQhZmkwWRinYvBPn7NK4q0rHvafx4BFbe7hVRjB+hiiFl1FkuqV3sCuE61Os3FIITMW8haeFVMlHeKtx7zcbYKPnPKUnsk7Ce9UU9YmwMsblugH1lzotxR2U56dCdDyr6gvB5Wd7bAA+Ox7fmvm/VyMLcd4j1oGgHVmhHPH5vhCJJ1sEAXRqF3G53Y+pjDWDUrd5fIgtnKgRdDtQ=='),
(31, 21, 2, 1, 50000, 8000, 58000, 'b32fb133d9b4c54fcd569084eca047410057b16e8b72a14e73c73880b6948f6b', 'p2vORkB44qxN6/H+VBU1xAhoSG/F4bQVsFZLG3DksjDmI3VOpcq8Gbv33Ek8mmFIfHTX1JePn+wbQedVAAAuksSQPrpV5N73KRaL+IW7uZKMOPJijkEE4uUa05r1HFGQNAt5e3e5FanL9oyuAf+BJDiyHoJFqLAOcY9jI4A0uq+tkNAR4RqtDxjLScFP06BuP8mjDKg/6wdTKm2QS2OS2uNe6UhAYTjjNwSi0OUMj6mRFtOEezigtvUX2RPLnQqCdgIuzJ8Aqcd1u6oU+G/15ZN5UxaSUkopFRzwutpossr90tNPKkSWDlD8mtpfXqOvADBrBmCImVgqn/h1UvbPmg=='),
(32, 22, 1, 1, 35000, 5600, 40600, 'f9922d6a93ee6754de8db1f77a18b404192458bf48ea99d88426b61d98303fc7', 'elrW9mpfwfxleVTRynAClIRrY5G1Kxc/QjekCrhW458+bFMaUCR0Y7K9pJXPw8kQhcqX68YkCtwItSl/PFfEVRvT5OjqunA+9EMOjR7mPOJGoVegmnbmU7xaPXpINj3TQ6cJjaUdxA0ppESnX6GGsYNb+3yAKVAU7wxeOPkcsEjLaZ8ck8Zqu1voxT+xbl+uhlOp30SJT/XXbHjpj944HqYQZi5z71AAdiNna4tGuAw1MZxEOgAyMI0MtjI++Rmp/JhK/8n/QFKQpIChuabg7VfH4sA8dAdLmQLFMvoiajL6i7qzIl12fsvtu9ymQD9ngcmIa6lOAEeLZ4O8RtcUNg=='),
(33, 22, 2, 1, 50000, 8000, 58000, '97542b141be3670dc76f9f2b85aa54d84847eeb2b73129cc5cd5b54c690804df', 'IBC21fvOQuVfQvIOTl++hbwzB5mou0Gji9OyrzMSC80uUaqd7XGV/6yJz2zNwtTbPpdVMsIWLpESgR/gOdsL1oPf2ng6xO2mqTqPVFXVAYpJAH0w5AIuQzoarvYe8LaWFO4c7JW9krvlmXre7nyV4xUvLIfgw5QkhqLpl0iJm/OZOsGZ59l/vr3+eQG0P5viHW8ngRJLIwFSbhd/hIeD0+ILdRQ6YWG5ZqM6tCnpZI++ekPQvB8M65xqhXyMCCnewAXChKpkitbxiAdxnHyoZfGkNOVBrQRj0HflEgrJmmSv9/uecKXuZ9L6r6kUvxm7LrIYvOpJl2w4fmqitZmJBQ=='),
(34, 23, 1, 1, 35000, 5600, 40600, 'ea4d656e7e47cd2fc8b9d01257cc6bafcc8360e6dd0a22530ebba64c9b570891', 'KtnjIc2drfAeDi8nUGfyU0I2e+vam2ZalC9h59AhMKSxHFhVVtGzKf+D3nKQ43k2FE1k2B0Nq8geYNQF0uW8pvchZe4MAeZ+f9DUAInb9m+wCRpluuPANi86tjQBxTH4HmXL+pvEmIPGPNPuPjsh5YhObq/lPOH1T08R53Yto3JsFpDoNZQESgIiAfLCQc0qCKqU5P9jh51rmB3TG0cEdh9HJcSQsiEs7sRqd4KgxYy/Jdht/eGf/jbSPmteXBjiHxHOEEgI3kh0AN9LeGeDdCdXc93QlNtzuvY/8WLc6Pf7jAbjuDXjvzRx/eu00zODKKMglCupoeAjdaECrHD7aw=='),
(35, 23, 2, 1, 50000, 8000, 58000, '12dfbbff0e329df66abc8c5480c41f749369e2c77294611d16762467d095a039', 'YBGDZMmFvwce7PPKj0m9/0/D53/tqInJKQlRWzyt2B4M0a69gqeyvhq+NXLMz+QapahkP+i5oPfewAnE07QGkw0GqI7qBunBi9rdBFhz4kXoyDAiHKp8vIsY7ojS2REBxsrfHs02KX8icNopM/fqXBgtbNtAQeTmsTd0EG8tt2SxrLRcXmSvj7HMgpXVobJeoVwu/09MHlndxao2WjZs3uzr/JR7ugYVbTlzqjowO9HshbZtZKIPuXz76o4TzZyGTuOvB5jb+WAeoKXk9AxKhBskoNbNeCXGi1QbOHyKvnaQ98OEFFw22S8NGIau9CDLKCWHRYvUKGL+VXxYaJY0Aw=='),
(36, 28, 1, 1, 35000, 5600, 40600, '7c5a6c2625521a8a32cc245369ed33ebb90c052c441a7839961827e404161f15', 'A6qyHgCjarl7WY+UoBiWZXQ71A/7JZ9aJpPbSSZqB8/0hLwHlvZ/SzIkytgQTDMx9vSeE7D3iCktq4GQ3WA7gzZWyELvhg7sSzYSY3bA5V7p6AXARlgoQrp4PX/W0zsp/Nfg52YndfoQKd9h5E2SexMN4bHjMqDK+4k1EWa/MsECzjOXCQuZRZ+LgIuICFF3SNhk3j7esV5PhM9i3pposO9g2jWXg2Bm3V/d7dOhM7BX2lvc5aCXrhSrbPdcmze7o2LZLp5UuN5WXTbEiNluygh7g6lC0roaNjdm1nyufLHx9WwgWrU1ZcVkHnsqxt/RESsp9Hg26ZGT49PnkNXwwQ=='),
(37, 28, 2, 1, 50000, 8000, 58000, '003ef6468887dd128b06073caba6e9899dffa56a41df71af6004537a90ed2ee0', 'AN7FUdf4A6nMzBjpCooFhc06SRWBeSWEbDMSnppcHfk+HxNk9eZFit8nYn4VOeRxTPxomCpJjm2Km4EHJp3oi5c5r6hzjXBhNeW0Fr8jhWVQR9vQb1BFN+MONWY9GNoMAqYNBrxKf6aZko/Iij9GufKcPb5fbvbJGwU6+Ej5QKCKfo1Lyfv5djYW4ztuh/nxNVO51lN+Axu3kqVS+4vc+gg3Zk6h1cbm3izDySpH42P5zIVjTZYZuqPlR9DPTT5Jb8LewgJrlyH6cm5Fclhk0k5ikJ70NsVjFaJM3HAjx+ss+2PpToaUr3i+A9S3UHF98fNzFyjYaXTqAEkUEGpC/A=='),
(38, 28, 5, 1, 10000, 0, 10000, '7df36906a5c4cb72b7a1bc8d35130108eeb6f5cf21c5a239ffd36002a1db4842', 'cCQDBm2l7+0SJjxu5r5ThYsTQ6oJdpXzyqplNokuBkFbGqd+C2lqGXO25uK14w0zLpG83Rew9MdhLAzzOfLxcihr2Rrb71ylLx6JUXFXUwXD5G9Vhd0DreKqsfKwOjGtUuuKRP3Q4KPga2It6IRTu0seFV0KYXc6YPE/O26dePwfNwOF4etTRmeMC7hfTnSmBZqiwP9JbEFxbz3Su6F0Pw2y1xqVby1xRuZlF5fOQzmyWqO19x7cGv/LPg+hFLsMU075YB1AtkMn1S2/zF8LrTuJoSJHv3Oct+eFMEk9y3G9PLk7BrnJMUFI9N5hIf6eE/oxS1v2xt9VqChKx8/+/A=='),
(39, 29, 4, 1, 20000, 0, 20000, '87196603061af6c1712c9f23d0e8341218d965458796eaa5d78427d52d3eaf5f', 'ttqncKIVXVs4NRb8EmmyEliy5NDrD873hNnVLBW8NvKDi5wlHtoeRleVSUoTxDB7/PIjjkF0cBe43TG6qGWZGRqzgJSe2n5ueH1j7p5qveRpr73t9nqeY9IStBdhnB3q4MZi+aVEjqbCqikFjQtJz+uzmBCnUxz1pCgo3sO2ozQBHSnxTczd1XSC75C38vQ666ZN4BMOXQ9X3JEzR2PyBjB7KSG6XQeTSg+pbSnEpAvq9EuZTGH6zDcxUnhFTLkhsJcblYMmQKpRPutWqfxKtxwYPvH80Q9bfiJ0w/5y/qIEg7mYi8M/Ewha02WXSazf5nHzbPj8kgyQGxaa6lAI8w=='),
(40, 29, 5, 1, 10000, 0, 10000, '3ce61487c3dab7a9e5b1ad402943ce61d42596b4a8d05f755584462c6879ba06', 'iHHSHZ+M2rBpnOYSayGsUAIrDPgTKTzG/CFAs/z/T1gm59MmdM8bJTuaYaiqKHZ03yoC1D89+T5Qf3VRVy9Y/HnGlmyP8YjwbjBxqovm96vZhy9t3yItv8OiDRjQYBgltgxAFy4AbV0TPc+aa4fjwr005xUHuUDaodTcikLFyUUmHVw/TJlrM3j8XvEkrS54KNcdWBLPzYWIFTlexIBjW/CWPSSvPeSFacHkqQETGh3G1j4Aej2odTrPPsSJPgm4rcPXavOinsOwLRokuTfYgFQ1+m9MO1ALL4yKkumwgxNo1EJ0GpYP5ckMdoHLuMK5BNz1iID9GTlsweI1xjyBuQ=='),
(41, 32, 5, 1, 10000, 0, 10000, '9dbc589bb1458e61ca6c81329124e9bca29006fc0c04729b990928d99da8f84a', 'Epdkkv1jzNY/kawQrEojqsSNjrdz7QtPPXhBRpaS65eBSMYdzOiog01B2p6o7rdSqJn/yB67B2yuIfNkCutvBWOlV+tBnP1Cu/m8ABvmGghxde12Y3R6Q2ayKqZLWk7tkatMLCEfvKUuYf22xFVUzcZTbBGUQNay4WpNVo7r0Lv5uiiN0Aerc0Sb3l+mBL2UzCO3D4sJ6KIeDp5TRRpY2JvxFtyOPSCSPzORef53eFKTzpKNOY/XW+xOF4dEoOHAwMQYYzLhcCmbSKPxyH4XGDQ62hDA4OSw08F2aqRWxCZ8srC1LKRglQhRVR1DtvUMVJsdgu/wQKCIywAabVWJiA=='),
(42, 34, 1, 1, 35000, 5600, 40600, 'b7921ff7bb348c8dd418165de14d49083b510a5459d5b66235d076d21a3af1e2', 'q5cqkx+cdHbLezucWu+a1l8MDy6HPKmpwk2Z+D8RZcQsJi5wTK121xMDZvIbSTi4/U5uJj+6ZnBWtdEg6rAQrtAl8iVVpKgyBmsyBCb4eg1uTvwqbgfWKJqVCVU/sxMLbQc9aJGJfL3emlEVuGwIQJo9vGaKlibLPg2xpFIxlImTmoMKgtH3qyNkIhoemc7Gmu2gLglbfkFiecU6jXczuXQKzLn+HCwOCEracdF6fDWF/H8/Ae45u88SRnL+BGXtj8BjSijy+0b3FGolxMeu1OZGdBLGUN2YXiQo0EsrqSRtEnfU344rdgIRf+Fd9Z+tjCtELpmWDYxV030Lb/GNLw=='),
(43, 34, 2, 1, 50000, 8000, 58000, '92e1a656809609821cf867d4625cc3a3c3f4cb79e8b19e88db6371ee2050f866', 'lXp9IB9NOlYthGpaYhh2ZbmVQVcfW0Lk69VhwMmUmiIzfHxt0oYxWbkTtFgK/r588YTztlKauK2vX+alvN/afyGNgIs4IYat6SAqhKvfsfnWj3SaXxLNIkRWjIE0kecZarr0ErFD4KEKoXhMmilkK4ntE8xFyEdg8OvMTQQgaqKpTB60wzv2Vq3eXj3AWp2+xlP5lfB8RWh8HmoMPvx1lmys4Ejyev6931O3Mn1gAbAr8NgQxlDT7a9IGzJ5C/+U71/xmRBr5B6kzA3ba2SctpL+L1SziahUzvXPNqkwr1CgjmptHa6bC0poJbAH+7B9RsAnfsM28d7LW92fZgzitg=='),
(44, 35, 5, 1, 10000, 0, 10000, 'd869ca17fc58f06ff25ef3dc91eb4af2fcda02a39cd3f5b6e1e1505cbf3a580f', 'kCT65o/H1QcwSLC3clwdlbixFr5o9QBr7JrCKaHLHAjshZNKIjk4y0TDVeylSBAhkXxM2cHUipos5ZlBIljqQuhxRrB57Ng9OsSbFgMflQanur1Q4YCjfGuuzymdUS0BRO6NjqkNpYzIbC0/CUr2m5KnutZoRJqwj1yz2oCyeW30vgvg0Rv4HmS9ukaHJ2U3ZmoIlnHy7gZ7rOFt0ocpqPndz2HzPBMwmHW93LYXzXC/l3aHpnIEjxJ+w22p3sEoyDaBT9Vyy+Due9zfchuAZihxDqocIg3EA0CcRdQWZ9kS/zaMH0CizJw2TZ7DAwtgA3OCDQooqIIclLtcZm9ryA=='),
(45, 35, 4, 1, 20000, 0, 20000, 'cd0e08e1ae5b31f6b2b9fcd02f8af46646b679e096be73cec2265c24dfa82190', 'AF4eTyJJ8kjbVizaAtQY+YE6OIWaBLHYZpL/rOSUnHGtnGZfwVxg4yAM5RRMRPaDeNr2TBPZAVz9d/nV0ccB9OIh3KebOHPNKTc7TLLH6d6zBqmOSGoViJvN4N2ZGRflTR7vRXc4aIwWvn3R3vVzFPPKUwWN9nZzbCX22d0E2xyqwppfrIhwV16UW4ZpxJ4T5ErWMwBQG5FCfRRXZ5IhlFkad/6Qye4mcA/bYKyK/kY5D/kjNbBxAWfYMSJD/L+Du2JlQMSPIXeH8bJSJWoQDdTvo+qnHZ9bHLm3XTp45MpM9BVKXzVcidbV5Mvo7f1qsXaQOcHWlEp1uPBYX/T0tg=='),
(46, 37, 1, 1, 35000, 5600, 40600, 'bd2f7cc84be81e3dcdb50b4fc8ddc1289c1163da8e4c2217efa38a2ff948e360', 'kFK6tD6Gjqd4unJMbtztdiTDVp3i2YXuPFFuKPS4Taq74RFOozB+FRfQH9rNOJ37g3q2kHQ+plpT20+8LQXkEiO6tU93yQ/bNknHlZpJnEodk10Ud8+wYopvwe+utIl8oF1wlPJ1jjp06XJWjoIdKViXMHHvBy+5nd4lj39rJknUYS0MkfPmVdkp9vYV0BRWALsMQWe0/ncbiqqk41lTEDTNrAlklQTriBiEzOIgDZvOk+WAi4pyzabSQ+7RpXUMzSKLh8tUgQT8BOe1xOzM6irw/xPA50Vf03rlMFQXKeDcTgOE6oJ5/W4Lmdchsa7fVgvWRT2pYUJoiswmcKf8DQ=='),
(47, 37, 2, 1, 50000, 8000, 58000, '932a51428eb20e431c9ff229d710a02fff095073655a881c661610fc3be16199', 'jyHZUCyVqc7nfTnYoGBH582T21POoT0qravLji4YzEckT20mpn3i2nHDw82zFUnMff3nMqORb5woo8mqSK5+CpIbI642JzdEolHN8fTPggqzXpsNH2nsbBjbVEQ2/PmnahNVdkv6ThP+9spanEuyt2zG17RrCPeHW7pWmAVuJSbUlERDN//xxnyOn4Wk8114D6eeBTPzu45RtESBjJxxRpj3iRQAEMCb0WtTgVjNosJQByv2iCS14LaN1++zWb8HsYQZRzpnJSlMzPcr5EgPTGUUYOeHBQ3SxY9adDg+hsO3W4ATzGxzYeN7BgzqhJSL5a0/2gR+JkDPoV6yBiv2bA=='),
(48, 38, 5, 1, 10000, 0, 10000, '387d2ae7872824fd36c29228683acba8d185802b50ead524d0eaa9eeaa444e41', 'GUTDtPXz2kasbqyqyF0Kby2sbXbGO0yTUXoEvJAjUaDPkB1v6d44nZYh/9mYDZi1gzN46ImZo8ClQMyxSowwP2jPbr7gu2sd1CapnfXSCPHCJ7ZQY2UUEpln8swO3TVZUzWYyy9OZu1aeiF5eeqcKhLofcuicvMqZamETss98bOcT8tWFQyM66UgjBQBU6KSHindfB+OIaoRUv0/yrJrQNGrYG+ZjP63pChJBGgy2x2vhLL5Yu9nMDxhWBCFd42H+Oe4wJt3pUSw/ym3jdmunWLSk98ICkKQAdQ9A84WwnmjOa8JK+wYwuQjiX/EK+PfFL/C00Cd2Sgl4QcN21qO0Q=='),
(49, 38, 3, 1, 100000, 16000, 116000, '5348e541c6f7f5a7bea782bfd2c68ed17c4875d0f58f5f9e9e24f54d3832bfc2', 'pdNy/9LYnAbAHLvS2VL8+ir4QTZ7bmw+ZnpSmWFOmftsk4oddURQWNxDPnzBD8i/ufFBgPfjeKK1XX6pxXHyCRMb8GnfLtHzn3q7kYYVS2VgmDL/VAyNYk0Api9KNrXf3CT1KcTHrNpOtzTkA1nSd7aMz69lNjw7Qk9oRcaJYbHAWaJj4A5t0a/s+Rc5lRMxwkpUBsz1OrKbz7AwTeqffSVXsUNQjBKMpDs63WExfQ1icyvBj/kAZaYtJCfyGohmFMEEBPgxsBq5pYjdsueSVEmGxYq5QsjZZIjVFUWPXeVBrpXNgbIYf93Frpg6ECDgbsXdSdwKz18B7PSfTmDNPQ=='),
(50, 39, 1, 1, 35000, 5600, 40600, '10366d3d65a91c99be624ab3be810e3e7a70c46c27895762fd17152638f2bcf1', 'V5XBG5weXGJ/ASoBP9wLd+1gA+se2Gxqp96TsJee4GdlhwIs2Rgx5c+rbu8VTKupy91isjg3frs0RNo6K4EFUn2XVpG+5RicUQgE125AO5m0DEhTHVLsUq6mwdOp+H/ub2WeCoQhpcAJdtSizmYlCP8fbQOOCXKygJdPJHnr+P5djzLX7eicJYarh5HgFtnAVCgSJWAgaWmUt6utmdsqXSODmL9HiSFVsuB7jw3kddka+KN2hktpi3Gbn/Gx/29lBewIdmm/ANpW5hOeUTSV0qLEIxcQE7m1+1gX8w0fdasBC3A3+o4FbVG3givAO8rXsjwqGZ/gmWHpmpZxTudzIA=='),
(51, 39, 2, 1, 50000, 8000, 58000, '018f29aeaafd1f67e3d13cb8cf9c481db8568ef45c88e9210a5e3555ea4a7972', 'jSpGYWtJQM7O61kBNjXUuSJoJRb/5xAdTG1i03V1OOUGD5hobi1h9YcFPVANeH3a6JX40yvW5/MPw14OAqhC/qEvLbViP5vrp4Iab4V5YrQV5aHlBIAjFIU+2NKEhzpVR7XEoeBRx8Jd889JCvFBqcEIIGel1ZaECqNhAPUuG8CYCkEP0AyLoeIyTOox8UxYt/dGeTrtEJpf/J12AnqFORXnJa0Ve27Xn+HXlUdAsIkuXOJngNaqfupecDo7GzlXfRqPYlV1OMSLJ9GG+DemTz1ADUSBu1ZhD08ItbbNHl2YdbO71/8m41OOettPWlpIfh6fO452pfaCa70Z8zVSrw=='),
(52, 40, 5, 1, 10000, 0, 10000, '3bd81e9dba931b3261fc634155234117e2ab1eb012ecbf2fbedd1cd55ce1017b', 'HgQyLg+K90zpXSSA54AoCBIpaqUpBfIUJpp4czoUS74LXBACvBQWtUpahqiL1vhWgqKYYuueXoWYVtKV90pj2VoD/DtKQIshif1rfNPZpLs9Vv6FjsLunaIi4G2+6VCWjdSpAYlsy/m4EfvV6RsS+prv8gUegtBY7wr7YLyym1PAYS4+IrVwfMR5CBd3vx2PGYQZSsxNpVsgtsSitEdJy79dDAz9xsHMXVqj3/bh4dPbabbygR0T3AfoIUd2TN+Vw8OVeLowyBIoWfVjGJQEVd02qsDvUUu/v+2osB4MS+jHCgj8nQ8qEZK3xhpmyAhCn5VBQ3STtc0zbMCf3yLJqg=='),
(53, 40, 4, 1, 20000, 0, 20000, '4afb53454ed361cfa2a8d1bcd6f2447d86083b215a888a1efb614ce3ab13aafb', 'gPST+yu2h9yCINIVbNxIvt9crjDI5caAsejHI5GYANxT/lxJN9zoLPqVA1oce4aecIxPGGXwSHoe/wwAbFFb4sjGlpYiSFnRnXSwhRyr9+dPop3cJHAoCfeXvrmfiDmOZutgnb+boW22wokxMdUAV4ft/dODXULkkLuiCuORzFNKgLNSvgDZoFSf7W/pVPn/cOpr25bLWAes7+DAZ5KKPP7nWD2NqyheM9tQENgMQ6OOTShPVOc9oa88b0bNexoGQJGvcA2gEBkVQWVdj62DOEPOQDOPdACs/iO9pdNh+ZvqXQ3DZu95sSoMvnLUIILMRf6GPbJ0szaj2CIby6UCTQ=='),
(54, 41, 1, 1, 35000, 5600, 40600, '054ddf40f5d8e4294d584965672f7bd9d25c3944f05871e4f07d8913fd4a9750', 'lPIp86na9fxy+iLz05owRDddisKAdM8z4tA2GtZbaiQhIsaq+MKuALp1eLCR9IZI1GlbdM/yLfosXseDbRTM4EQE03n+jsETXCf+4eoNlhFGHIwnpgpI8evPhH5ZHfPfxfQqBuuCHsbKXBPJWpaX2zz60Yeixr3KEsMm15JDyNh8zbCRI0bPzfFBc4N0xqiEJtwGTkDI3eFUemBg2aheDSMzkh9uOGYKOhOUZ/FrdghElz6ostfdbQHi1mNU8E5xylEpShZApr0Th/kUr9k6dKa/m9EyZtI3VpNSdl4YEKdFtU+8ZJgO7eX48ZJQBfz+xhsuVb6nzA913liIZkrbMw=='),
(55, 41, 2, 1, 50000, 8000, 58000, '11ead2a19b211c4b0cf5a879823f0997b2b1603eab6d2dfbf1b9bc1c1ff27870', 'pgsmYqGPboLqT1WG9LHFShxmLF1GVITjv8gHGu/OltNEILhUXhuwr7iIsBlu2av7u1uHU1PRkdtjJFqz3Km0gVxpTIySPmv6wGGdC3Kd4cVmFkz1MIrN2bZgTUT/lsjHG6D3Vcg9vsiFbFr8uLDp2XYOLaQnQXcTyCnx+0zqSXAXG3LTf6qWd68XuP79SjNEmee5PGhcQqNRzSPQAa6nVdVCLG4eoL/4sn3H6y0TeZmLuB8kDLfCGelzSrvmszyCRVA1tql4446wvckwjviPExXnG0MqqHJvuYLyaZZz25NW4Wm1kaUNcM2VGYEz7z1UBlD/HePSuBTrtvwnpuUkcg=='),
(56, 42, 1, 1, 35000, 5600, 40600, 'af026caf814ebcc0591666a544fc0d4154e0335ba7b496d36b04e128f439c98c', 'OQ1eVyRtFjRIN8x4P4FWRErj6KOpIABQ/J8q7C/5MDwmk1aaeIzYT8VLnlPLoxdnkIU5zSIzRbZe7Pw5V3iRdEo7IeloNJenxSdSCUmUfhseE7hZYO2DCwGrIRARV8GYjOHXpQsMaWAe9WTwgB1idOveln6p0Ay+PVcrhuKa7yrM3CmTyito0l+OfnsSOKkN/2ZSiEy9xeEmSTHm6UZzauK0BO7epSE0RdNt8EvKQO2ZVy0s+iE86GzXzxqXgO0iD3YWsi5Xd+gAxfco6UcOmPgsaM6EI+s1tpOV++XcbEkYZTYfgWvWgAjgnIozYcApMF07Eu3rQXeXzdlzWc22HA=='),
(57, 42, 2, 1, 50000, 8000, 58000, '49c401b4290dade4d9908fdda1105ea7b2b1c08c4376c249334562253e089756', 'NHvR84Lb5UqdIMtCpR0zKgq19JRZoai2U+krQ6EyPzcG80e2NAvVpYj6FWU24s5Y0O2yeYG/nRc7i0GP6mPHZIP4mt0P1yNsYq0kwIyMKGWbfKV1hQVEBJflS2N8D60bh/Kp7c4N6PlKPvynckpC52Fy83u5aSUCfd9FtH0Z6iwHxp+IXJQV3XtUhuQ8uoix02H4a3p+7yCrbC/3eSOlsLWA6dChRn/rq+4fFzyEbnNEgEc/izu5FoU0+couCulzp36wFEKEZuBU2VtS0xbvT29TJmO8tt81j5AGalARGhDAcxC8KTdFcTOwZahIriMUIcVByZp6MaOruCjf1eh+GA=='),
(58, 42, 5, 1, 8000, 0, 8000, '04c2ee30b7ac40104125c782daa1581efea27a99d79a3fe3ae3cc87d08ea8e72', 'W6vqMSmoq34ieyYaWqg7QoAip/D8k3c957zQI0QbFIqJz0iQ7OKXj7FdWuqQmUdsmNUKHTRGIQLuF70S1ldm7lrWXfA700GNTAiM9EPq48kEkCFvq2H9PTvzbGqTP2Y9Y9/x4GvMBXqnghDijPretN65TpIgAP+GqM62AyFZo9nTDaPDkEvWfKgAZjhjGgJ+CBgD1Y6KfFJMNsEVEmwJhK+DhYUafeA4cBfRjYQ9fFxATcy7IlL+muo6z7Bs3vw7rx7WZNMZ/0xNKTXxHIaeFykS43MFiAeVigKxcmehtxebMxT4Ozm3GU6lNkCmbpEt5KXmGYnnW9tXWeZ5ULq77g=='),
(59, 43, 1, 1, 35000, 5600, 40600, 'afbe8d15fbe02a6b27f5d02991fd724ee5cb1db295dde63f5c08c1b44667fe75', 'mCImaHrd3m5iGCBW1UfXv6TYNFSqyHRr6MgWg2xEEW670bNNiIzai0lpd95fCYQr86ZbsrkidIUK45rVPHDjK3XuIQ5rO0v0mH+jTf3iYhGx6Epxpz5BX+sDhYyhkFFVEXjYl8ixmAuY84UIfnrG5rgkxZd+lxi8R0XPuj1IcMeZztqezXAruN1QOMNJmcVkXouiXJhbVWBf3EXWSU0F+7K0egrLJyJtgtaZycZRPxDTL5hwi7CCtWw/ozk8DFFOH5rtHNjv2+HS/CfdBAjC7MuHI0ABYbVVxKkRMh92vhllNN7GciEx0C+H05x0fjjQD4xNbjBgDQNpCWoAwJj0hA=='),
(60, 43, 2, 1, 50000, 8000, 58000, '10815968685c9a47c9791c154e4b56c63793f0d93ad4606ca46376094a455e15', 'e4uA6PdFwux55cujkAmFXUimnA6ktNW9PeIqw8Li3GExI8B36f2JB8LZH3wR1RFCiXYcUIO1ajkYG5bK3EeB1TMCKN9FyGiHsB5ABrPKn+7UlqVh+7te4cIfXXSxpHuJRtyDT7+wguls1Q1mVZzWSP3lPSpqqCgH0bLdQR5p8zRTWxl5e/4WgEwUKNhBW4R99CmaZJJQ58QAD3UflKR5vhxoJdG2rszWpQKkhJ6FEy+si2K7nwg62OLCxH2TUCaR9Lt1lUoNg58bktVbrW655FODRc/4/ycz26gQBRMWxKqmi8vo7d3lx/KJZxClJK6g7ILp3+9SD9Q+BySnGRakMA=='),
(61, 44, 1, 1, 35000, 5600, 40600, 'df256b9d7337e6bb397b4b24ea5dd383be859a35c021ee094f900183ef4c0da9', 'j8s1PbvDnzoJ9xOOjm0czS6ImgndmRfISZftPszmXI4Speu1mc7O36SoQjNhN48wjS+vkWvP9/3WZ5s5+viB9aWO2l0bh0DVATqVNLI/Ttii+vxtUSEz19n3w21bpFv7S78RHaez4pzMVhS7wlcARsJ+IHbtYQbI1hOUgH9s9+NzcgNhwkM5qvYbWQ37jXCfsB0YFi6F1T+AFfghSwThRAgkpUARJ96xxH/BiiK+hTzp8t+jJJOq9A0RfcSYJ/oFXeR9VOPttjklWAsa6VfNjfbdQw0YMJDBFLOi2WARRlluSWZWp1R6svJF/H5bljWvTThw+BQP87iwCBLi0GRLig=='),
(62, 44, 2, 1, 50000, 8000, 58000, 'e0b2e777019bccd521df1d0cf040b71a8806c30aee6c2fb3a67b80c34169fba7', 'TnGme6qeU8VsMFQU4HQyML+EoawZpNsdcO2tMm8HBWDbU7AxWPw3G1lWTp53s8p+ktFtUgjtqSYI6wo0R2LyTBZxsT0GuCQxlXLXo0aFJcPib2bXkFssMI688OY9y6eaU/UseHWebmKU6PSAQcNcQrew3/xwkv5WjqBBTBCi/y/CUKlPlpcmQif6B9oHvL22DAYZWmq34jhcZZPXrxSGogw8CqMGEnnPyKQ5Y0YZ2Ix5+ifK5p4Mciul22K6x6+Qque829d7T3SJwp33ZMt6vZ7kxIiZhT6km+dUMBJHN6USDiWih5F8ZgpRsvbEn7nu/1HrKF5rejeis75cq5g76w=='),
(63, 45, 1, 1, 35000, 5600, 40600, 'e96ad74425ef63d35c5f91c21c37ad077fa1160eeed7ed4c1ea684657bf9138c', 'parMuZmTs80RR6c25Jto2fHnt/ayx8BkRMQsV5rLEgLg7A1VxTdxoW42HLLeChtPvQ7fBR4iq8XreL0VPhx9iQXf8jfBHhEAPUgjnXglkGEPMVhSdJVm81ZcTMMnXqaym1oxn/pEedrEze3eXJLkGUTGmS7lmKbn1CdhGu9qT78ylOHAxmbEwrKOCeRytHynqi1kSmSpi3N9aXs1Dbx8tK6DYR6oimijiVydsBAotE0DDwmphFxPHGU/A2iIQUEZU/vjk5z0G5GUXbDODN1kQ7m33W/F0NaILastIuk+xE7V2ckQ1LlE6rp+/t7mEPK4UgItmsMrezj/eQojhE7ftw=='),
(64, 45, 2, 1, 50000, 8000, 58000, '6be45b1da63f34b8e3dddc7a56733341956862ec43fbaf3358083e221ad88c21', 'Dpvl2lzKGmKVWQvZGdj5Zvyx1pb4z3l83wbNyJt9vQRRaee6UOZy5MkgzG+SXn2a5Npy6aofGh30gVwzJKXx486vjZhbYRXRDNDctWwi+L+qK0xXQEG5m94VSsV4WqQjWnjM88tk/emNnJ8/DK2ie9t58qg4/WYNZnwoIwzJxJ8SNuqET41odx/Y8T1c+evsijdo5Glgl+LGQEljSsZimcVqn4TkpzHqvrMHu/FLWUtYgbRQCr79gqTD0vxrax8nYzHR3W7hAELYllrQl/l6fLax9ljKPzNL+D8Pfis6CiAgqdgS0+JadU7hRYzYkeEw21KU0aC0IxAUHYMgoejchg=='),
(65, 46, 4, 1, 20000, 0, 20000, 'c3458de231714696ae3e7ca540b9ec874913d1ce319e1ea6efb79c3134eaa1a8', 'IT6o3+ZeOjixCo5PB21+/0IzVciaasQVueKcPkfZUGAIKbAECcwkCuYxauTTv+OOPEuEHyEb6IH1DoFUgctCwAKXIM3iEswIWEwOJSIwFoHeyUsPU5UEycc0FX6nkVx4PfoizXqtvNSpFH4AwXwiK6eyWmFUBHwydykHJnd5RFU5BQUDO792TlIxSZ3LadInlFUGEH8LW6r0RtySCbO5H6gAIXYajlUxIzmnowZrqXhgxZUTmn1BZM7GOqejHAuJbDu4d2PcUI0QcVH59M1YbUa8NUyTjo91vWjsjjTvbdmv9V8wH7zwA6R7yqPgrwbeGRdDJVdTjpG2/Eo6CAliHg=='),
(66, 46, 5, 1, 10000, 0, 10000, '8d33267af27c3cf35d9f8a4ea9559a052c894b6d0039fc0571bf1d6e9eea1161', 'luxLeA4HZYJfq/mMlhmoW1RoY5VuVXJa3I9xci8gbik5GIW5BL//qPs0NnZbAhr7w9GPJnbd/2IdODNoIv+WWaJBngvYvNASbIeajif5tq8pOsw996JRXt6Dm2r3Y1E2qG+etUHoauw79itoEUiBCyIzNcTx+rWmr7muf1zj0k79w58qPsrz92exTjVHjUr9otbuzff/8fVSFaQGVyO+7GOXFR+aksgt0aX/pBuRRPdghRSGYSy5Qa64P7q8bT97W0c69yHl6rxXaDYHaQSre8Kyco0zxWciu97WRu646kKxPWD85swJMk9roAgpLsSRNU/HTP1DeWs8ALEIhWD0mg=='),
(67, 47, 5, 1, 10000, 0, 10000, '93fc2217b6235a0aaacd062432c8e877591311332b1586c16c9ee5608d89f61d', 'IuG1JSSDYv1Lsd1nEA2R6Xr0Okm1jcclK98qjC1sWPdTWQ/dD45GR0rZQCT3uyjH3x4gzrIxmztunc+/0abw16BIUZ0Cl8qO7nYqFYGKyf38wwHq+SLu1H4dU+Gq0+mUkH6Lqz88Yb/wio8MOXIvIDHPpvZnURs5/j/pvOYPCXcuLNaH1aLh92MG66HF8Y5J/PK5hw8W81KIsBC52oYlOKxVkSAenJuOcxr7flClevqrAlt5L3bmz9HLXjqk0OkxpZx3ax50jhAd3ejwZCmIJaUbDfFElLb7vI2k/LC8eK2QXEKcrP6STqgV2FfrPoNW//6ASZ2yYS0CjzV79/blIQ=='),
(68, 49, 1, 1, 35000, 5600, 40600, 'b2de0da64535c3e73c97dd6b81065956d88672da677fb9bf2c4e7ad61e18ab4f', 'ZZpxKVzeK9YyaIjiu+3UuIZAFQsbAT7+j8PxJnHqmCmfXP6qkz8iX16jxwsIAaSNMKsaTZJurw5FSTrvakBsXEf26c9KSDdI9mobnymQdUIZOlsDXGGITBEoz9NlWy7pW44HYe2lhX3RmMANWWcod2V/7nYiycn7yyjMe+xQQWCCwGiRL4UCbr14juWw8IW2Rp478HyHiNfpNf9DD3y18pmIKg2v9fEz/AygGhRRYpH+fhzZFocqUn43buJ/Wtwm4aVufbIppH4VJDWFtfKPuYynatYlq0NIVhEWlBzCAp2ypBcyMRwoRKqQoi1nceTip2KuxAM1FDqP07Dho+DUAg=='),
(69, 49, 2, 1, 50000, 8000, 58000, 'e5ae3e820b648a48a35b13d8d1b5de1800717d923f6fe584a7a24303fff5ddd8', 'gYtXnQHznOnd7Rwasn2DrnZrv2xCNlK2S573/d+PZE05/7N09rHfJn8fGt6da4riLwufakyqImJKOuoTZOedPh+lp8wAqRXiZjoBNYozo6jYHkSA2ed93VKhx0XwtvonU/C/cCrbzJNYEb59KL+/eOqar4nEqujTS++aixorVEjXt3m3W0PB3qs6HbMbS55wJzXBcTQlCvm87hk5xUwjKTr6HmfmEQFWlM+MnY5cx6782fdvL1mZkSyioN1ZnqyYDl8gsTNkZKEn0aZ455eroEWeFejSW4Hg/rHr3XHHvk1R7w4uoqfFAETe2n26JCUd0sJdXfsYa094jQF4PYnY4w=='),
(70, 50, 1, 1, 35000, 5600, 40600, '02ecdbdd719fa20bb599dcedbffb7981e51fb3166c7b16a7dca718ca2f4e90bd', 'Yb6BLLIi+r9Kx+1W71EGCq0JwAM0J20QlBegclq3170GMFZrvqj5KoUf+Rl8dyvvbkIg07aB99TeAHh3c2Irpe69wkw4PC2p76tvYhssVV4dcl+fuChGJVCPMoexKInTZohCSUsoJxHJ0VEAWWNCXBDHGIzcCy2Gc6NwwQ0pSA6vHjCJSkiS0W/FF9CoiARQK1TWUYfxDYjZdjpcrT8aBMZotbhk0VpbmhFXNkrqj0mncPBi8XSMERpqfjdDTF4qvM3zuOaDbOJyHS+GjAsNYWXi7To6bQ6eKriNPxoGhBTqaGjPZY+7Wb2jOK2i07U48l9iJmk3Zf4AFIZOxw84Qg=='),
(71, 50, 2, 1, 50000, 8000, 58000, 'f6749421f8fb08e27f3530939b52975a24bf7ac921d2efad1fefac5dd7ce9393', 'rUdoKmnBifbf5cBtgS9OGXKME8ZK8HPYV/wll0NVAVpSNB7J58JCirVsCGaLRESBqZUMZGULwDRhghUDm2VoP5QYDFYFPFGpuBLBvBlkB3cu5VI68wP4vmk9YDpONoBmofW3ya0Nl6Kmrzd/uKedFYWr4RDOeyPixsLL0LVwlNcOrRc81RAg8KpJQVsPSzojV6MRUCXTfukqleSeuzOsJS/8fMWUtpOXnE3V2P7966rUkPCWX3/io71EwwYEKMho/PMlYwpoB1j/3Sh+jltP6LwFYV8TmYsly06kBHlBUa+Ja8spRwn35oIEn5rEkft4SwfeB6EkygSH521e0TcvfA=='),
(72, 50, 4, 1, 20000, 0, 20000, '0167ebf0a3f94a69a2df6fdb876c7887e42efdefff97ca01ef3dcdd0bb1d9575', 'c5WMK2yHTUwdo6723UBlb9qFKsdwIuIkcBlySZV8w6redzsscclXyDdHxEkfhvp4JNIcmgxAPOKvtEjwx3bHcrTB7TZXQeN4Q1xPM+MA3rvuzOsTg9BMSfusHozOCqOGvUkaK0UB6n4hfkxrv1LPb2zrHB4vTq5Fe8Wt0Jw0dzHUTVMjFoObBeD4cv4BodIKjGU3CU0rbwzHbw7vo6QrbPVFSLzdzgh/FNe8eADer4aWDXV27YyQxyKfEG9v81WWgyov/Q3xyZNSzZCfaXc1JwOHrgVNA7ZkCIrE24G+XqrlPbJjsxEm7S9BXqmtBDrfeJWjbcIZKgO2hS/ViSYunw=='),
(73, 51, 1, 1, 35000, 5600, 40600, 'a4a9a837f48d49165e71ef4e9b825e9545191a4b3b77bcf17640fa84e07c6c1b', 'sUHa8r3s0QtoYhxzTtRp0EBykOxyAAknodZvgT7AZ8aTwt4l7NWmYrNDDj77RHt+wi6SkPDyQfLptMEYyH/dX+OfY+CFpMDAXYbZvAGSJAFdAnaPZ/OHdxN5l/esVi2d79UhIniJtTePhZ5xIzIzVPON/NTE0m8pntE/CXfQN7zcl6QeoPjyv3dG+Ej7jkFDT1U2cMjUXZJqGeENLooE+BVyO4d542GEDS/C5JO8scIcuPnZluPKpMsd46M9+gea0YT12Aog3Veo2P9XxK1PwLb/QT7PEgZEFGFmlex3hmYIK91oAF+MH4VsJyBnlbU8GIm2hfI9TLciAYLhZHaoTg=='),
(74, 51, 2, 1, 50000, 8000, 58000, 'd964785c6995b7d956dc4dfa383bc0f795d2e1ec12f63dbf114c238b7b2d6c3e', 'qp8j5UyRaQOHH9xejeeuW/pKdQkizPYWNPGSsklGqzwcARojWxqkCw/T44zhXHd/Oin4z12Q4xVISkWbzC3SQz+g00zvbANwnKIjmbt9WnyGqbg9ZnvjSAdAfQTioQpROPyotYNAVPc81UvE7Kncoer4bmY5JeGrGlkcivk4vVGw8qMmErlnXGUQUnOQJdzSm5LealXpXeFo3sji0fX/F9qtBPi8/qDA0ATbBPLNQYcEhH5vmp8MtjDBBzWDS7bOdLA5GQTvTk+z0ArTIc7lf+rdQfuqCvGrIHJFps61+qp6EaVILnuc35AiE4oFRlxMCNsd5FInperTNRfjClyP2Q=='),
(75, 52, 4, 1, 20000, 0, 20000, '6aa14911d97f9a2682e916593d7067c16faed2ac266776b85c005f14b967affa', 'fzLPUF7hwrn83x3M837wo6VQqEVUxjGlfEfILVhp+Sz12LxAkV0irLeRVs+bOttKBejab+FON2LDEl/aUdZlw0PT+dCSrCWTF0l2PB4D4Fp/PLWL+sHlsH+iymQfP5yrposXZOPnGKdvoWzod/kItQnErub6jHnlQNRtp9xBzx5xeEC/2QzYYWh/Hc4jdjRYEkcYV4L3/b0HQE/YC28DGEHXuhp1jAHZSyNuhGjTk/iPySadgfXcMDQteYsozt6psHXxeulKOsjTmBerdQd71S3bSFFxZIg2P8J/EaiVzBbASnoQX1lkVhgg8ySwDIQHJUoNNdn/+LIIi5H9uXx5zg=='),
(76, 53, 1, 1, 35000, 5600, 40600, 'aa3976767b879f9847cdf38812b31595329138c847886b15ec5f6dbe629de602', 'ZxhzBKMe981Dm98z7upCMgB2cE8GbxSlgWbXzNd7A04U+E65xDuHWa007l1iQiCErRzOFh+0Klv30HE7pNBhFf7leGEI+bApHHY8D7nQxgQnc0rxJyMd1Tk89w65Viai0ZI9FviEMgIw+Kmjaa1CzepuiQuBGNNLgxOaonmHBk1y17QNo6kAr1DFFHpRr6NjG4Jb3aL7ITRhw5HsStyVpKTE89Fh2b0+/O1zwR8l66iFOK3OShxNfRlY5btCbBGAvpRPuV1fdgEmzx2HhdoK+satzEFj7B2yblbRisy0rEesFt1qXaKNZ08/Qhzg3/bvWcA/X1Jgh4JSfBFMPqEXQA=='),
(77, 53, 2, 1, 50000, 8000, 58000, '963e51b08335882757ad7470cccb5416b5deaf16f48e08ab564ba3281d55feb0', 'CJpqgm9MALNydi5AL+gUfSad+xIyAbEMIlZQsVbJ/bXo2A6USYMPSk+Zna7Jlbc5OW048bfGdhxZ1EKYdIeq3+prg2kOH+VcCdFyv+fsb6tiCmDBFNym6km17tJjAGunKB7gB8Q4gQVi3QlrGcesgEjIDEPDdcu6CveKo7ORfU8b+omYBmM7zvZajV9WOEAEl3iYtPDFpAa29MwyWpBQ+jgcm6LvdaraNhBPug0aemm81NU+IoFVZcf+pVVulKi9xQVTfnG8L3e9ydYof22PftsY4Oej7sk29Ll5P1WwyMB+xqPtC9Z2epjbDpNWRTjBAAFeONy/K7g0TH2oWOZsTg=='),
(78, 54, 1, 1, 35000, 5600, 40600, '67cde9bbc2e2dd95d4e8985344a85a7e97e3d376df02ea5a37a5b0224ca6b5b0', 'tbyQHsjaTbSJbTs650WC8vT5cxjUJMrKIIO3wUdfAk4WM+QkW4SG3ep5OOGz+Ls+5HDHq0kZVtIaojErnQ3QiyGab6aOaEogQjq/nAmp2sBWbZfedRmTqh8AdTGV/AmfqNJ0ppBhrpzX0pUtYp7Ri075faXuLzZlDZTyq3YaF1Sg1u8AfLnf1Bx8hFtQBjLS8+K4fLLqA3m+zZDTnWOok+QiWrsaifH7k9b+ERZFR/UCJgHrw9gu90zeCB+ZnVm7/MUHBvNf7PZqFF61ElTRh7PF7AQubOiXeMuAyMGO4SowgPsV6Jtlxse5+Qctboujs0SJtcUBSiG9x4/8Ut/ssw=='),
(79, 54, 2, 1, 50000, 8000, 58000, 'f87ffbe8cf7e19f9f2822cb980a346a2944da46404d78a60103b764207ce884d', 'I+v20f2HuMYN8xES19JfFyFzwPmxwABoi/xikeGShM8wRMwNzTStHi1ByQJGgqVOaPWnqTvZi04X5SmSXnOCTDSgKnNT/BkU083nPve7Ustb5HdDhJ0n0JkkZ9KKy4wyfXKet3BqnWeAPhhZDSAdrltrzE/362Fn0TEBcbJVwf0ldsJulj7o2yZYsguucP3+ZR3RVRy8zT/72NvqwMXUgTa+ByeyFWoxP2Qf0yVzqtrQ9RHjUEEbvK2ex2eZzpJBSWEjWCVftkDRbcMvujzKkc78LtiqM0GGmCAGNonu7b7SlBIhoevTx5aJDmwmt1wnJlIip614995VInMkeOiDdg=='),
(80, 55, 1, 1, 35000, 5600, 40600, '1dbfbb480263f426d1b5ba6eeeacf6467b55b614f7476d65376fb0c732ef3e62', 'O3nwXoUlydBs7e3KyqVbKAVRi2sRql+P/i36GfH74/mIYOomfcByDjxHbAZXHBWXg+rzrknFzEVpUC/Z5BlHIfSo5ANh8NnCEsEhjy8O9DVXPHEl2eX5IMIT76o4K3xHx7EZEiQwHj9koI9hM4t3hyt5flp89H6//x9MSQo7N3fBDqArqjMCvO6BTfSL2XA079paYzjFZoKrw0FJ2T9WhMD27cBQuQM4LLrrkazTY14dRaSI92Rsf6MhKTG++p/y3ITsXVYqh9gqCtickhXCl/dnZDJBMBosZ2SX7IXU1ruoe5GY+OHagLwuYTw6M0Y4JluP/6OXukGqKplDG6nlJg=='),
(81, 55, 2, 1, 50000, 8000, 58000, 'fd81d67af4322492f2bc91f3d56a5aeed5c302bd335474b8b2fa0d4a4e4465ed', 'dvm/BcLHbQbWLJLz53kF/BpLkWqrCaKkurhFq7rNE1UyI/2QRhHbNfaVJd74zDXmjjdycDc4l2IdgXplBtO6sFOO1EVxbL7Yvg9YVDkjqcBAzUFAI6CmmQro71Gcxy+i9r9KcYBxtWPKIRqqB2q3h6l8UyHUFd3vwfaWkDKOfyy9asJ/YWYMCUbcX7RDHR9eJQqvlnd2EuWkpX9l6xw4sLHHrPbX7SUGsI1SYMxMbgJFFZnVf91aE2uyqPEUb2+s2cFcWnhPt7IR4Vm/ElQs9QKoy1H20rpXHAPmuUtywDDQI8HcFdjoWxbC5/JMCE775c8Bmv7K8WjDv19SrBhDbA=='),
(82, 56, 1, 1, 35000, 5600, 40600, 'ae1a68b19b181140c2c7d6e1e16c81d0d8ec091d24460934e00acd38a9c78c90', 'Xz6UqbxAP046DOBq/DbuBYZhqTJ0DBBKCc9yKv1JOFVby+gfEtJZOvda108gw/6fPHE6ag3SqCIc2TZNSpz/Ds3cQGcwLooU8Pm/nKuyEkL/hGHs6RYU7U+i/Bl5IXI77UuhDMWbSmp9J0kA5vtaAoO77XzQL1dSniUDzJp43B0ZczkgJ0i1Wamle32Y9eowI2m3r1i6AXmDY++Ek4JbK6cjjOoqgJBP4EXPSa19fw8rjw8yySKGwmx/dpJB0IfSrII90BD2gbzOpeSPCikU32JFZ9rQZ1M1td7HNArESZ70vkJO8PhBndkj4JlGgbg7W86F0aFPO/0GEstfTXbGbA=='),
(83, 56, 2, 1, 50000, 8000, 58000, '1a582d8a12b539205657e4da1ae65e2cfe0b963c2d227e4a678927a96d2e0be7', 'YCX/MaivF4GFCaMCU0EquRxL3e4maU0WIYoeMrC2dwaLpRXcVjao0XjFQ/HfLvJ8r9B7jx0P1aKonhEFM8R4KTc81lZAlRjF6AJK2YQc73ureAIf3hdnlfxKBtAgufEuGOG/uGhlz873DxHUo0hMqabmB/Bw+0ep7EEtCpN94DghCarhMIycyZ/xTf/a/kPNxV8d+3qk03Lim9H2L1yUCACbk4JXPx0RK7csAwCPTBk6xklezKHHHO8j+HVB9f4t3jExIi1zwVbpHDQtNrwL+CDXlPrNcJzp3Zk6/DDq1kJdDJAolhN/WGfbFAfy+pEZ+Cs06I9Xh8SHgyD57PIhIw=='),
(84, 57, 1, 1, 35000, 5600, 40600, 'a6ec76a5830e53b6694919a93df7f106a4cfb61e2d9a6fe7acf5090f55475eac', 'IcTlIc4LfKoqZc70I20jyfZLk2Z0or6fcGhvzJEbGXcmmzHZH7ch0QkG3321IYqvJNXE4E+rKIgexK/njqL6YXmLVFz4i+euEs7++Go7+ZZwEAZZUnLqIwtBIgPESlkRlfff+fNWMN9INsqYRIccA92+e0gmJC3mRTHWNA5GqhTiGuYqDPfJi+IdjWTLeQ2/jvbIMx/E0x+5exOBsNtDueHCW2igoBwbOJBsH44UrwlYmndkgDgfc1wchoz5qlxCFGuuBzPad18CDweg0DU1KSB7GWz/ng+8fRSD2l1UOHm2A9c5Fljdq+wYSEm5pnXSqSJFz6svxhKMMHwvlSxmiA=='),
(85, 57, 2, 1, 50000, 8000, 58000, 'dd16ed1acce68ea712590c2f90ba52cfd05a3abc31977fab205ddd95488ec8d4', 'Yyo80ES02KRLT//NQfVtUq099xN5ztb3PyS/HU4JTIwIv4jbq7ziuFoP2h17pv9Bi9YzqnJuP1qlq92n7Uf6J5SSjGBRrwefJHGQABuwZic1/AR0FBQZlXgs8i9liBouCL4a4jGaKG/WoICuig6OJDT9//L+qZPdEC/y3OzEDw04L0/85aIlMFnk6lcrFej4UB/pF7Oq8u/6PJ9WflYSoYk+DE3ZA1m01pu7xzCwfznJ5ZQ+7W/cP0sHduTzKJkNYzAezD2yBRX9WSrGxhm9SgJujcQnYe/HuVGJrSOSaiI8wsgfcDsgIHihj+dW+rencSyl624WWES+yq+EedW9zg=='),
(86, 58, 1, 1, 35000, 5600, 40600, 'cd323110408b0cd7c6427d1ae8dcbccd7e5fb5693bc0722deae9340e39086cc7', 'FRuPSbPyRA3Eku5BgCuxh0CtkvnrkOrzHgjnfZTPurAmRXUB1DeDqFs2vWKixZ+PkL04AKo52vaAudhLIU5+GDlqIUJaTqcBKwNM8c8z1AXJ9IskWT09bHS1XpEdxF5w5PlLQZg0bU7K8UVvcbJXd0Qn+ifo/iAgpP4bRziZEMKxbNFGLVSfhB5WlPVlfGUNyr9q8EAeMu9KGrZC/iwq4GhNNmiTuktGa38GMOb5WxEeszur2TVdGAfmjK1CJGIkhVy8lD5QP+ZGhqmgLJHm30bAf8DDDWkcXhnOfTdbUjBUuYAJsW7YVadbjFhZlcvFAOR+JUp+OASC3reawDFtgA=='),
(87, 58, 2, 1, 50000, 8000, 58000, 'a4d58c82805b4cdb39643acbbb0ac81f410ee050a58e3bfca93f8107ec4025ea', 'cJP+aRdyNSfFIb6HA5H/yVelr/qJP5tF02MBALQT0sMXGrAIFQJ1TgqnUCwhDjHuW7G4GChe82+4OgT7fAj7I/g5g8ImzSH/OyBumO6ZYkyYsMKhYnmoJ9k4ch/zekv3k8rMvpxbAvSW3zxpC2VXcN/Zh9WBWztCfjeWYllFDlnywb+XlNYSgegNn0g6cjQlIuCzew5MFxSVl3vp/7sWE4WUbgOWIN+1ec2xfIen8JFd8wUydrquexnI+2PogOWQeKHxuaQ8VbnTaw4Qyj5rK4wlOVMUZI19irbRS2ZDIjmanzKV1MLdmenScJuIrSwRWRvL/PKnz7hNYffSCMpKTQ=='),
(88, 59, 4, 1, 20000, 0, 20000, '1314794b1cee81695904ead9edf0c0ef04b70c28f7d72da8303f5121cd85d63d', 'K3DXxzY+N2aNqRgV4EzZKNNci7A0bjJR3br1ySu1xKNg7Muef0O+50n/uu6WmmpfGNbR36JWCqzmdzK00ojFpFMzHEqNDVocxQI9zhk98/+xV4cwzFIjl8YSIUEIvvV1iWD3yE3jhRcVbw31Ot8Tms1SZrATnhov4q1VIqDC1s9WWVG5csDZPWOpN+CjHVecZx/tN+n94jPBIZaoQwXHVd09KLVNRztC4Oa+sqKFeXBps09IpQEqybSyvSZAV91vIplfzCY4eYxalYnr8LICJ/jZluYKkRb5tB+5Ba+xygHIrtWnrwSna+dkFlUwe37wiqDSfmv7UkwLblDpgn9dQg=='),
(89, 60, 4, 1, 20000, 0, 20000, '309f69957ab9972a19d09fbc7a9e0c46fb196d498655bc9bc956686dfb36f741', 'Uo5+gOApKb2AmrxuPmLr9BfYifUBSfRQx2NPgrRk8nY8TfAqZ+hnKmMy2EOrajXKl20IDFm9nxqzWHf23ETZQTR1lsxYckOUS7j8nAlFOEbhPHPVycj5IjFq9pq1nlFFgQaw2UkPnskTYeiME/M2+UAVsle9GytAJ54gQYitIJuEUVnem3Kirr/2iFqVpKGeBVaYkgLZP/YYB+I/e45Qifb5PFe0IJPQnJpuFZvXStvh6v3H7IJtSGDqp1wEBiHN3jxQZljZmDMjQZUlIbXLrmhdR5OFuSf7aWOpO4NSSj+A1elHz2vvuktBQW8e035gtSNhbibyj6MA2D3VqnWExg=='),
(90, 61, 5, 1, 10000, 0, 10000, '2ce0200fc296b5de173d5249d27ef1a4177f417b054d46a35bdf906c3ff694b7', 'NvpWfspiBw2CkQq9ZFgkTj7AF3yx29r+eUME4TblU2HoV9kRM2y3Uq9DxEsN8WbnEQmZEZtbBkUS8ZkKEggb97BcHhDLiOUdcG149NJPc8dSAwQ4r6+H+LZG+x9sShry9IEdbLmXszRiCERm//zwyNQ3PHx0Pno6kj2RLq67ZWJdMm8uq2X1NAdk+3OgaXM/IgNHplwG3F2QyfrrBK2MnoR2/B6k7z+W9LqVNDc39TSwe6fm4KCySGtqLOdiEBxFTFwt9PazjEFf9XbYnVKIQs83pQYl3gkZ7HGT80mVL0K1Uo6TSEtwOhiaGx/ft7LzAeWPf+z6HUeQKWDGg6WhmQ=='),
(91, 62, 1, 1, 35000, 5600, 40600, 'e054d155a3590022c6a86f35c04000a00a7712f08375fbb9a7589e381ab3a853', 'CsiuduzV4HMwX5K8CeTvo9gRyBIYZVuz1hjOTZ+UvQdxnSkc2ehUZ2puI5nt58FGnhqPr6M9hO2I3VVTVKjwOtI8mDR3YCxgOYjTSVvT8PiH8nQhybl+KOp8HPwKPviU4KRgF3sJLJxa+onoeVQWDw1PMtB9ZhTHBHlHI+NH0Pry2xF9e7MJlkkEPOqAghNJ9bekpzyYc/IFiNbD9FXX0/LaAdTD7+oeBy/AJAPPIrUsCN+Ym+mK4rxkJMyZhnq4BKS0VscLUehO5QcN0zu5fngk24LbrTNggxnRsMKoEM3afVEXUk8NPWUfd4/klxQJIU4O4IwwPQBTZPhH+m8iFg=='),
(92, 62, 2, 1, 50000, 8000, 58000, 'ce63fcd8c92dff0af71425a4c52f248dd6e60800e234fba004e5bbad9e058238', 'sD3YsZuBwuHIMpctsoKF1pSzy6dyZq4DW+r3ey2sRh/hYwXIOCBw9VRVBFjPOvgLf9zh54Y5YTzH52fKXGmd28GgAwMRUtOmhbqvm3+280i36+V+8iK2mRarDrdhQpxmJGwZ7cC6ac5jtXr53KdRi+QuRqcY2fKdJDhz0g2Z+obrkn1OGhHlwpCJfU9XNmONM9Cwx6AXTFSjg5c2NlooFW11C4KEi05AhbaX+V0Bay0jBiODYoztD3JwIr0sQruFJmQDAwgkt2FjSS3t1Qz+BVy1wzd6lSDvV8UhLySfYER1upgQ+er4hvImNlUvKu/t9SIG/Rwxe0TsJJQWoTsQNA=='),
(93, 63, 1, 1, 35000, 5600, 40600, '02f1637a131347b1d3ff7b67b73bc20f4e62e95afb96facb5ae2c00145aba0be', 'NlSrOAhWlLAHzVS727Xd7MY2+w+6C3agYKA5b2B6yGUUYCSMc2sA5kid/k/h7rC1COoSZ2/Tlux3TRiJsgu0/DGpOdnsGXFFm9c3FwZo+NDyCBeo9VhtsOhD4r9QRqHP2VBzIXPHXjYZTQaq+tVfGZshbHNvItX0m26A9YyVqB4rLylLzyBAyZsp1YA6xSGpaxFxn8VPK+Ey6O/MwpFfMkZO0OFKuAhJ8l9+FLpxZPV/XCflmtjXitVI88d/uEQMySq5LMUHhMUZChdwjnUl+bid8/3LITYBw+2iL9+xFHzjUqp6NbCZ+SR+l99M9xSem2WoEPUH6TX1DntNYEechg=='),
(94, 63, 2, 1, 50000, 8000, 58000, '7d105b2683055fe9c48340d02084933e3ac129e72c925151770262ee3e6410e5', 'F35caxUldIcudZayghmeGNlLECSbQOTOGEYWWqPxHXRSs1XUh4R7/Zs9BB5xFJrbVqjKOCz6x0fbFHTk2n/AxU9FpMhwm/vmxV7A4LnHjBIdWtWTf2yA4pRt+Z3iVTU8/eDjZ/4vK2iT87qw9WQ8/l4Mck/vBsbMen0RBnOWcHF8diFeTpAqaTFZICUvMK3+MIhqIK4A2Nci6UCyRTQw4gfUmyt2A63i3LJuCug+OKN96Bfy149GIOTkQs7J0IJrOLV5V8QIb6K+RUwmcbjqwwHZqRg+hYVPt/5xWz5FCpQscdYaOTxcUjwccjpV8azdfhRQVOmr9ohHIwMIQWC0CQ=='),
(95, 64, 5, 1, 10000, 0, 10000, 'cac181d9667683bfe2a3259bdeb5fa7a62315c6e9acd9b28d1bc51cce63c4286', 'Rjh15tmFZ9IQqQT/xCUo8xcvubwwZD4GU1KuuJRMiH82E6r7i7I6HzdDx8Nd3UxyROK6qP3ejSzpc99QpnSPvngJWMVXGirnBWY2cTM6RHHA10ggv0ooTWnCmJV5c7qa4PByY4/dj6fVYQqICEpxRbwjf1LLyBucXb5In6GmpRzew1ZOBxfFxeguAOOQHQKyQbdinoXl4NkWF0wIJwfj5WVc4Wo6Zr1w5MhoahzaLsEFt5Z8DSaVm7O0gR4nK5yE9fe433A+4R/e4CtQ1EKxMd8Ntpq2kJYCIhAYDV0NfmrBT+ZC/3nizIuBbU1duzCyO+73draysCFCEQd2Gvpd+w=='),
(96, 65, 1, 1, 35000, 5600, 40600, '6963ef4d2cfeb1ca9ac0b78cd65ddeb606468cbc7c5f11b14d5961ac955d0772', 'C//x0bqyf0u4IEtGxT2ldf3hlA/jw7S9kI3xXZG1AD2p1xa3TMDf1/gAzZsCAc//aotaoAwvzXCon04jIdImTuFH2vbZX1JyihDTWjHHvQez2R9NhlDzGmqS0pe+y2mOQ2awAqLSMG4B3D44E/mhkvYIy6z1gFs3BjmJir2OSpD4JaeiN5yFEnIBAhKxwgLzopJ9t9Mekkrf0l7fSvkNTyRd1tKGq+SnkGOFkZOqtgJgnRUn1tHcUYmN6D7LLGo7mPIZGnDmXjodQzaIq+fgZ65yACasDELwqA+jZESNye2YBG1YwFvBEkWONntJXAdAzRXM079Cm4DpaTmTiIgjsw=='),
(97, 65, 2, 1, 50000, 8000, 58000, '2053aa5cdf4f8de4ee3bcf3cb6cd19a3bbc8a1adafd48be932d91b945c8d948b', 'HV29T3HdXGlzKIzG5HelsM/jhU9vMaZ8MohG3RXG0C1/bgVK60efu+V6GPRIoRrwhogExdcVPw9J9qm7xlElXC76d0T3ZbeYVL+g/lyWOArjnbGx0alRui6YD7OIo11F+CsQwPv8h4/61ip6wCkFBX8wV6/OiWhafPQqVyJXKOXAvRcbOCgQYNGWGC277Pjdv7zMAcHhVABOmvgAF9BOi4RSUxp8TPL9Grx6fHX/VjVqbwyZfMfnVt2pOKkQDyqeIWg5q+nhKKF806joWFMjp2tuJ3J0eF0zSG6AObkvCUGHPN4wWoxn301AEZsLyK4/E/ey71MSa1RcQ9v0dvnpNQ=='),
(98, 67, 1, 1, 35000, 5600, 40600, 'bc0887ca6a6332fb45549de89e8d32239d5f9b111a2149386e7e260b141dbfee', 'E+DiINRWl40F8SUJNAZagx0fFJuTyiF94M5bs6VSYynqSKT25BVKXSnaFOfCGv+rMe/cltoGNmGynVxoGItE+u0qyrndq4boKf8TcbKjB5Rpgfh+fFU5zYif6Lb6wqChOs4as3LpMckVDeR6HZpUWRe5JT76vXkASkf8m5rQEs2r333iX7qfluR+EvL2SeS9ku3ZB/f/0BZRGa6PJtiXzQxeRhkvv92wl0+thbXphr6XuQKTfi0QDNfQFf4uMJKflhqXu+NrhNd5mKHkF7ahluueJOVae42f/piHt04BREtZCJsUablhCO4sMyTVZlChzI/tMpgIzkBfhmM7GkL/OQ=='),
(99, 67, 2, 1, 50000, 8000, 58000, '86695fda61b1b15fa59c12fb8b95d2c610e1d4ca080b096e6677a9d94ef0151c', 'OblCZ591V0wwEEEtjYKg2WuPYlO5lXcxGXlyW4uN8H1rxTYi1CFHTYLjCe+8DoGYB3kmcfXSWLUabNB6MwJRJgb4qjmAENJw2/w+9Fb7kOIvpuiwiW+88LpCzQnvy/HqmZgyHEZhr2VTE/4Cb0doAE43KAtbzd08SvXoXev4gEo96KTZVFi8yVl4Eqi9AYjrPd5XupEwNuFsr599xmRcO+1fBoGD1SpE+w/9VAqA3BdcE22u+BCPZQsT9lLbC9lRPzGEAarraqZfwIY+x9aCWixt17Gvfobku1o2RawLTxKRhr6ytpddtUmpKZe1LCHpYtKcm4i+ySeDl5A14h3IYQ=='),
(100, 68, 1, 1, 35000, 5600, 40600, '276f1dfd07e6f56f3dff1a907b54dd1536410f60dcaf6e767f249af7ab2fe068', 'JTeHvR1Fe57es/X9qv+003fGB+9rwZZ71KxEhWhMXtJKYwLg0aHWvkFFKrRGn10qCKYNxWVz68sxc6Sg5TnMiX7UolDfatMUk2240OxZJrC37f36Pq8FFD9EjzmLfGJ9GVQ4RfOJ21zza6yTkzVeS62HqVmw8tiUdmHxqKAp8J7Pz+pb4naPtP9BAh5MJnEQEBXa380RqCMHhAJhnCSJeNTWiV3p3oy/h1haZ0bD+j7rPuikgrKv5ikU5ZykyNAmHjYMBbOHoG3/WJX9Zi2glauyo7DM0Y4eBMSo4cQoCx4RK5KrHxSuWhrzdboKW7v221Xe+izHfCbFLdUKITff5A=='),
(101, 68, 2, 1, 50000, 8000, 58000, '1bdee2333d9fe252e71a59ad3a7e2df139c963162de880b9d78e69e9a6ddbf1f', 'LrT7oG0ivoHTltwzajvTtXbaPc4JDxyr1OFJa/uFKSEdMDuhs/zolAkuSQyuF2lVTbT7sT8Jtgrs5/scFfdVxxSK5o7OjiIY96wPFkNrMNIKmLCFizm6tlNdeBfrDvh6iiBMgXN+fjjcK7IsQpetMQt7CnTiMM6b/ovDh1Tn4Yywc3hi4GUHAs1tl+uKRO+8/B30fyyGbROpf3tw9JfBC4pFJaeuNoBkONMtosHbSGNIRH40lPB30VlVpKcVcuuH3tNUmv7dRIvS02YjytsTzgxna1s05n4CdRaZpsBee3iX/E5o0FR1Q5CHDLIYW5bq/xBgikmOWNHn+3r5UhUsng=='),
(102, 69, 1, 1, 35000, 5600, 40600, '1dbf57802b924d6cb55744ce8ee97b44e0568360f85dc4731d9b2e03dd44a2d4', 'UYDxUiXCJKzNCqk+toUPsm/55B3qDqngOhWyml4rNC+Ms0oXXxoJgtRbOoSEfskQWvzhH3pFwNJ++SA0XpgHprzO8Ztg5C5h1Qq6W87MKN0MqjflS1bOlwl57GfnI19V3jaFkPf2KfOtJ8f8LcjGai+FNQMtmosBl/KMSs4o/fv+7QmO9TDzmgKirw7oaCGrXt93TF1opPmaS0JYLViuPWyorz103bAwc/Eq5C8/1SiqEqga6yizcvzhD9WI8VES9xjHcZdxdIf5zNvaq+he0xxX4tOeqhkl03iJmfb+Ar0X2ta+83sGwBpWq+wFkHb276oQDOYkIx/Bzzq5eBEvWQ=='),
(103, 69, 2, 1, 50000, 8000, 58000, 'c6104f8b2a93a1b0fe7bb00628ac6a82c251e88e772f73d252f530e26d9e4705', 'HuVO3wjK4MQshhqxJ8suZPiJLu2Kxmp7nuAucDuQ2oUg9f5ESZm3muFPx1pz4I/qIlCWtnRLhHfgPau3NJQsUs7dEQpTKW4/nrtdTp5AtZ7GnLxOPs5ybNQSiCIS5wWs8vzwbpCAN59iDk06KQyiL+qBmADkZ5oTxPsMaG/f9OQnCiBF6B0axiUr2BG4ls1hw4UZfOtPDDDMn0e5ahLsTTDp7yba8M6IXpHp+vpzLFdaO+FglQB8l1gCIk2A5cUNc/JT4aqSAusuW5kz1eNj8WEptL1t996IGjcP6cbqa82b7xBaTdKDjyoeAk4CUjzKqaB/7105UPL+2FhbUAj4mg=='),
(104, 70, 1, 1, 35000, 5600, 40600, '8c6a0ee05c628140fdcb89ce2bf6076bb2d3cd032a6ab7619728b67684db8ecb', 'AbsMW9qv7qUn6vjOLpQey+fKMEr0OauGUKzxyWm3ql7lFh8t7crCyXQ+ICIBGp7OZopdX2LwHHzG3bdjNXPuqSsRMmzA8NIQSSy+kyvG/lXpZBqHtgaX38MLB4Su8RETo+/RTUbCd/vuM50qpQD2EmAywW6JOt2oBal4xoDZ9rdojSTq4UI2dnBJ6OuXYwMOS56G/dwF1judq5Bls6YHhlQEE9gm7MXlcoukbHuY31OOZE0+R+CTz2hTvHJ4gNqw5ej6wb7tGvbiPxSVr/d4CrEamTs5GbQILHEpZ7Uy1vVrz7eyotTHoJptbuV7oaoEmbt6BO0eJrGDqGcSWm7gaA=='),
(105, 70, 2, 1, 50000, 8000, 58000, '9521e467dc546afd6c0bc93f93944dbd3addcdf1b7290eb18250ccb090778213', 'GGCJ1WFKdzo0XcHpOA3qFrNWGf2ZNEjfqZJKGElGwC1J2xXYqTJvD7AqdzR5tu4hWXf4JYjyPJ3VlOsTiGU2eLIcEdzBufFo3eEHXh5QgHQKTaSoopVCCcV2BWUB9vz9RoXV3tl1Wo/NSkjotgfybM2zeTXBcjgMU/UDG24iWBnN237WTmrrorYNJCbFOZR7hdqRmDiRPpq9LcR35/O862IhnnG4ItLZM06YIs2t4tMUHJdTcxrx2/gSkH6NKSUC6/g/LwlnpnU6k0TuQoBNCM8wfoC7SJUNOIN49I3Q5Erk+o0NitKl1NkKl5HLspOB2HZNlnxGoJLakueM7jmHGg=='),
(106, 71, 1, 1, 35000, 5600, 40600, '529ed5c606be88e79e0ffb41bcfdba424cbb792cff40e637c65548a6cfa9042f', 'nJzqlf4nf2CqKur/u0JhLN8MgVdP5RdLqLfRNX8rvnRsxvnxM7SU3IBhDmFiNk3u35OVEs+CqNtIGuurkeaFe3Rts4y3/6LDKciHzKXKOtlxjf9f2prdx6iGLnHgLnsWKs0cyNjcBRD+cJsNK2xEaw4m6C1c/eP9o3sC/LHkgJAQ9yvyZyuUwj8Hw6sGihE9RdM4m1B6L3mGeI5oL8Ye5/LWZTJq6h9/ERtDYk/EBcNmxdDchGVqcT6+ExkUIDPBN77BaySVP9pFFOvnhO1c2HrzoxmabgXwsfBYS5RXFVCMDe+OCTIBZBNoHmukf0gOXRY4pSD72oHEXxCXSeYG3g=='),
(107, 71, 2, 1, 50000, 8000, 58000, '42f0047ef20351cfea2cd2269d5ac6205360fac28d1ba319876e71d112e13c38', 'sCicU5UD6AqE3uf7ZBAQ5izXY7lyjbT8ot0sz2Iolp3bYp2RqvlP21O8+Ra9Qjs8xnA8kwbvzU3hvITPEfmwggHq9fQp8jcgPVIo++OziEUJQpKQBFlIsL2xPX9NS1f7YcAebkdcR5VkW67JUM5L2fzbCFU3FXWMmxySIN0CN8T3R97HqI5yNtEJwvYHQ3UjzeWMZjyir5IZuUvCQ2w2cVYX//oxhoxrxz6Fezf2Rft3SUCWUDswCbPydcJPYT9j6YHC+9ZqPBAcF6CzcSSYoRQqwbFurxYv4HAHIpi62ReDBXVpgvk+FsC7SnIl04LCAeEEF/vwijP3ZMSFJXasFA=='),
(108, 72, 1, 1, 35000, 5600, 40600, 'f1340b4c9e59235ac7d6c7ba0e05d21b37e48894c8e417b2154a9d942640b5a9', 'TaTZumijmFVNvJrghARqWYIRzCXlUJylr4wNOLkVLXap/VO2hzBtGVOvmVSe8cDTgmT4sLWFERnoW1/mM59PV8BpaKLNlvhfaU6wTSAK0ApbGCWjG+fvI6y2dKBnylCjFiAt3wkslJVuQ8Z9qYzJJCnE3WOftw3kdMDhTHmRWnMoWZvV0agjo3KMclh4ezpcR3v5nyLgG/T7LtMyYWSbhR3ds/rvLeYNZXoU+FRfQb1N+D+xvqreAFpCL1A5EKgOj1f0zhNmHt9wDDH2WWqNi/QnFj5/Fs5f2EvwYNYXjDEXAjwPwCfPH8M3lAyBndOO0yxbJF3HyCVQaRmyfcY0Jg=='),
(109, 72, 2, 1, 50000, 8000, 58000, '3310ac6c944046c62b02bc34ab8e41c40d56f26206a35141d5928db47ca0e772', 'LEt66sTqSI6KTPFgZdiummhgQYfcWctqwRl6vgPzYjU6A1g5cpUkIjNVHvx9yhoGIxVM4SqzM8++ukD+tlMA5RY1K5DKVA6pkQD34DMUylUT/XoHbHnSnLOOpHvumQUeZf1l6EZGnJ3Uc5SuytR2+uGQmPlPNGQVy75GwG20faPC46Q5bMXZh4W3FMDKXTczhB1OF77NG5MXGSxGeBggbow16rckeiUV8LWYpHi6kPOEVzntQ5QkWeMl2pp7MvAKcNsfNv8utza5gdnor2b4SqXtSizTqBMToIEFiJyidVCDy2faZyFZMpjpLsKCN0bpZDZBp0rUIxGOarj9kHcZrQ=='),
(110, 73, 1, 1, 35000, 5600, 40600, '27213a8f62fbad019a2e56a8b7775f43dcb1ba7bdcf7da65ed013950bdd3dd11', 'Fx+9zkLCPrs4F3ggIz8hU0pE0qjOgL4Vpbq1pSKle7e9xlWMI25xjkcFpD8XW7DB7iQ2lP/bvp22PBG3A522uVl3NqQ2vO94e4f1zRa6X4s1pr4o06bvv0XdC/wUGnmZBAgLKJdsNl1KSkShD+Uf/xBtBrdX6TRfIToymHHOctEIC3s+8hfJN9l5YC/mlarAv94cUZQPam8D5EEvrsLxc7AY43WAemTRE2+70TSWTkADSHoKf9rkrx7hccFPkpGwIpPbwZdzYSOEDu5lgMDNVaXyE9yMOZAu0iZQ6Hf0x+QynKxoZoE2O1bLHh0Jqn2wW8HABSydttZTJLFLugFRGg==');
INSERT INTO `rubroservicio` (`idrubroservicio`, `idservicio`, `idrubro`, `cantidad`, `valor`, `iva`, `total`, `hash`, `firma`) VALUES
(111, 73, 2, 1, 50000, 8000, 58000, 'f107954ed3983c26dd6034b71a4ce2f88b8d765ec35f38fd2dc18a0f0bdec00b', 'QzVWnpqL7IOs4eJnJyu/CVLdLRg+Q7yB4JQ1/HyCIfHPMmgWDfjnFXticsPMJkmMzQ4Yqr0OOEhpedpd36bSq8vONykGFg9rCir7ZsQ2PiONZbZpQ93d10Gr0v/kyg1KVTimSK96snR2fa0HqC3dxV35kIGASzBn1LHJUh74iYXbYmCgpn7GI2txUmSd7fwUV9XKpPTWWMB7GfGzKPYwCfiutnO9v9LGqEvH/HLpj+jNnHdgPmiOlZH3Ai6ED1dMhKzVX5OnL+c/DVB6skcwCCQ8dLKnlsOkDB4wJZDzZ08bAsgY34iczXMnC3V6Zv+P6TdDV2zm+RB+5oPv6r3ikQ=='),
(112, 74, 1, 1, 35000, 5600, 40600, '528e78b9de1d112ddc3d45bdb25f635964e8b717fb405cc7b8d2167ab22b2909', 'NGg1jRHTrxygvmGeebf1dwPjl5NVwDSyXwJ+Xt2FbQm2DWlkmpSz7aLj7gQg9FAGlwPCiKNaDPHntSfCcb4mI8kXvB9jkOdy4vwYCkpqjLnym6y6/LeoZLv+nwEchk3skh7FamqmtZlRzHrtwLiGlGrkMhzVqDaq7n6cYIrfAax4PGh/LTMNwZuis2YFcaXci/KSVHYGrqsMrXxea3MAYjK2EyLhuNVcuWXX1S6Rwi30s72fuPYkI4VPvWq805BPYssyGcjGJusgFzzsI9ORWDjFZKmHpVu3IyCjQh31PjNY0jehdAJvQBiGWHYJ379Z85hU2ajRw+K3IOT5FpPG+A=='),
(113, 74, 2, 1, 50000, 8000, 58000, 'f753b05ed25df137f55617d9f00168392c7da76cdf065b91d6cd80c2d724f27d', 'm5U5gb7OTDYxRkN/18oJGTtMnVRxovYiLkPBJxPkJwz/wYlrWF0BrDcyQ0GQJyTsHMnAv49+y07ZMkkinqioeOUndXpapN0HCk2FAoDOFWRbO2y+fyDuMCDTP+NVoMRfcuz4VoGOFf5PeV9Uw0phmKMwR/gIYSxSIelATkmKYERbLxaUFTZiudzEWe0krcGjNZ0jXWlWds/NqjYxQ8QdgnPSodqfdcvGtykLt9YTWFgcBHo6xaw7qstcCCt9jvl+CTweTixeSC3yE+W59hZCqq3lv1pmVqOh5T29887qalPqQoWl38CfIiE3PMHi38nDO/vEud2y7tWCxpxV2u0wLA=='),
(114, 75, 1, 1, 35000, 5600, 40600, 'c18524dfe4864e1eb6f494c3703691f2bd1df371baa93c75b6b67c6689f5b9d5', 'Mt7se2SPKz6ZJXS0Cham0tnwyk0+47e582aNijaO1ybKfPcCMHYqOFfyrRqa+ttVK0xt6uQ3Pv5ZssEDsEWEzEJkfhzNKt5NUaOJtSzeqzJK7DwvCCCYvwxMVzb8i0ai8yfr+gfJbeIlxf7zY3VoEURevgtA1bq9RjejCthXuzOxBF6KCFQmvNHzJaFS8uicobNzaLLBXkiSGlMazlG1R27BOH4juc8/Ue7Hmrg7M6BuurtalAFaucnd0a3U0R8vbwDjaMpbUhaS0/p0AvghkzngPZnus0sd36vD5/G7QMbEItzxRApUuaBKKxGpazbkzUvNNKo8H+V4wu+pYItdWg=='),
(115, 75, 2, 1, 50000, 8000, 58000, '68462cea807cea204c2e52fe8bf38f98a732ad641290bc97725383b88761b9ee', 'ecl+t1nbWsjRaYrg/lV7KjKdmrvAcVCGZYvqzytnLdAbzqH7z5iqy55/uFO0SJoMzBQ1Hati7ODKCndtUkcq7DupZxwMDSZoAAKL7GbNyJ3TS/XbkJYJorNssQZOxWb7jLb3e6zURdnewnleWyXmpJEXRzob7Lvo2O0lDIjva2SFDt9fOLqGDG7kvlapikX/yQkeKHuMzA8mFJb2rLPgAiM7jhQir4DQPXrcuHPVdoNlnqlVVJLTiOWeDu+0c0kikGpq9fxnUSz3NkuGzGBnz+xxn9NuBUOl+gH+k/HPjKtuvnrOsz9r+VE58/gY0qwbYfwMdEhXfIGv9U2uRobrOA=='),
(116, 76, 1, 1, 35000, 5600, 40600, '8e8549b5ee90a55acab59f8262556fcd415dd0079bb2633640a17a0d71c28b86', 'TCqQdhcpstdKfsZcNUEjaDwMYkeIiCZmHGWbN3t8ZneeLLhKZx5eqP3YveZYB66I4AiJtQLgtGwkx0Bc1N6eHiKj99tOZRfS4bFDCJ3qJRNckBAhNTcIgK9YBIuAF6SX7X3Rkpbdc41JMKSMJpsbdqYmpa5Aizv5AxNdNbiu2XwYjErFG5CzlfYRFB5A1RM+lVzCac6y89yATxuKLKonjTgwOBQV5B1WQ9VV00qd55S3FTHVKtaRFtZ6UB30HK1jYwFCfebKQy72ySnD1194nLqyUYb3e4vUdLbEYtPPpZLBttJ+i9vHNkGT1l20D5dkirvcjr6mwipxODZWdRXnXg=='),
(117, 76, 2, 1, 50000, 8000, 58000, 'dc365abba2d33320802d10b2ffd0c28f5252c73445b3974d6a130ce5900e96c8', 'dUSX4lODKyY/rPcpGq4Ptkw3QfMouWfgR2vH8fUBi6KTzCP6vs9hjc9vBCGagrN+EvRZhNQ0RyVgCnA3PpnYTFLszIxZPjDMEKQwzxAMZR26hcl0T0X8tW307FfCNxi1OXRSIX6Gx4tmgNWY9J02GNuSys6DswJqikljdiNu2QutQLIH5dcec4C87Dz+OYijlZ/S4r1/CNX3SaMSAbdU9aKSkTFB4x0F8ZOOBMh06QkEWwhQcTmSzMq0JxBwf8Hq0MELrULNQcOhoMvrsuy4Y+jnuGpXuwgv8xdmZ0Pj423gKXV4meBloOjXqsgSXBW/WyXesJaj3TH283NAUzxqig=='),
(118, 77, 1, 1, 35000, 5600, 40600, '37b9739e939a1b8ebf33ef5944b1a0aa8ce9f0ea92f8ad5f075e8b2b122af537', 'r/28FMVUKH23TowtxmppLfvCnfudSo2gSHdnMcVeiSdn4MVQLAQOGsH2n0ty/4NArJYGdMhQYwucBc3EC7qR98/HDX+NBoR8tMxEpgWOh9iyTXB+D7Td5YedGsXNwJNYdABAlFzwSV+jPBorM4+e67B/To71ArV/Qr7BLrnTo/wH4cCuu6r6h6f9MawNUG6iul0xtCJOyijjDIhvgyJb/fZkEHr2uxZ+58DVuuH2HGq5te5IkmSzz6fLH406JuB8I/xe/6N6yrwkovGbB4aP+LnyAf8fzQvgmrrtrf/4ycPV3+h9jKU1YVgLqWPlA7FT11KuVzuMGIIjtEpBCn5SSA=='),
(119, 77, 2, 1, 50000, 8000, 58000, 'fa4687b9b350a9849f9a0bb0d77207afb0960c9cde4262b0c7abaebef11c9459', 'o7dIGKtkDkxP9kElJa6T209VDnOHaQMdKS2Nsq2XileaaucznWa0jxhLdbc52vd5+A7JDeH/8jRqTzLiioaKmOrkOZBjxQNkGvbF4Ma/dYy4z27uyOZAzNVHkOlSlcoh3yvkK4QRBBRMepeTmUWifkWTas75wFjLrm5sr1nGRbEjNz/C8AHFNJWHtFVgxVOn7mtK+OLLlQh5EHe1SuVTE8axnmxXZ4WZQgyg3BuC9+utXDXKLKHNobe4X56jG0KFORWf2h/uxOif3DVk3aPMGr5R2syGDYALVGE+BXtzarTk0M8v6fR1+sfDbBNmsoiKI5rVBj9BHng2oCTeka+26A=='),
(120, 77, 5, 1, 10000, 0, 10000, 'd06156341188950c7e511f220a5e6deb984c18543cb02d363b90040b5739a14d', 'WXa+eUshuTRftPWTLE3hzB6f/4WjljeObuCqZYWeKjmixW8wFXnHoIe5/3TNazSFFtDyUun2cha/o8NJh4EtT97TcCEzp+qXxEOGemdZK659hfBzqlKpo8DhevdHKbVARWR3SiJzZFmqMUfag+5BQYvBRNEMkgzJNWmhHCSLeOzlyX2gaoTQoJTvLv4VracZHrn6DFM++PtmQfz8w20Sm3ay6wozhLzoOPLIXL6gf3o1jZUWfELYpJIf5Pud9mHa1rs8tErfRYkuLQbQw+Mp4FUMBafjDmDDN+b+4ni4XNBiJh9jFuElqazVk29uCZPsSLBHQZC6l7rHpaJXJkIsTQ=='),
(121, 78, 1, 1, 35000, 5600, 40600, '08d5f0267e7fbfdd5c081ac648b58cd88684b949456242d9492c19331dbd46d0', 'WK9U+TY/t20uDyEmShzuL+3bNvkx0uJFj+okxdqG/C2D9GT7ihba7PplrsrHP1nn0e4lnq7WhzZSxXuTMmUhpIJTDQnvIQaLdcK873flCv/JFEgcprZNVfPONPGEA6AczK3XPrZbiM/iaFS2D5kc2vZFdPkKrWauQCk5zVlYdlDEbeu9/kmzyBcOhroUKz8GiO3Y4B1voikZmtCElhTXs64Q3QbxHX5B6ifYe8c54KCOai97IZeK4uGnAIoL4zq/0kD4NE1B5GeVwk8oB+lrKSwkNh1COQGr5kWutVQAtCtEF71SL+2Lo04hmTrqO+GZGa3yqfPjfzxKLmQFc8YPDw=='),
(122, 78, 2, 1, 50000, 8000, 58000, '3ec13038dd7256c06e9ccd37ef9ab7ddb555481ba2a2e4f3e4c43b3289bb3a25', 'GQ7gj6sdHtzjVB+O5+hDDBUk8GRle3ZEYdy+PuoMGpG4F4FySx5HvQwHKIMJmGpN/58BaeeiynPYtHujbMYGbePUfnQ5ssRSHPpqRgl1I9ZkzgELYEzalwvN0IrdZgfA4isQmJxuyusy/reyxHj3X7PNy3WbNFAA7Lpoe6RpdmSPObjIFJuwFhkuj0xl0ZI6A4SlYVtIJr2vj6/G0egcqGIpyPedY8kXMU73vGlMVG4EVAlSA5eOGB3yUotY7+jcMdkS2rR7kPVH8SMNT/fkP0I3QfFgWXG+Os0JYvFi4+mRTrUUl5o16ggI6EjtLu4K3HLAGs/QvTPZuY/1v3q0uA=='),
(123, 79, 1, 1, 35000, 5600, 40600, 'f013f811cc361ceb3a1662729a38b45ee0751a9e5882c8d8dde9abe9463faca1', 'VDeUwxHqwGewDuCqRTMEBER9jDeJhtswtOwvwf6WF8qwAUnGKumMDtMjvMVYM5C2bEwN6NOiQLfrFCuLfamwqaC/OyQJqwj1mdYZnuRMGJx0I2FxJmcEHwut84IDxx7cUlsGhSlCpaTTvZDAstBnX/oDEd51t5j87vjAroNBXFegF7GOxuWWeso8THMBjQV3cx90We4ZCX85535FgK+8THw3Lh5/6hIJHoZjWp4WyXwnPzEbqN0xHcNXHvS+c7NTOQeZIpJeUVnKaBCDAzrfXCC2TIegFHucxyVEgVPdFWBXDPzqJnw87NmQB2eOfvisE6FYOFJ/7RR6ZtO43cdZDQ=='),
(124, 79, 2, 1, 50000, 8000, 58000, '640706d6933d1a200cf15b194d9fb24033c7cf49cbaf1ebef61744238e163036', 'hwy+juGYC78xGNzq4FsBuDSnjBZPmNimQ+ihtHzao7eLxBW+LeKyeOaULEFaG0Ps4X4Zoawiy6Uaea/AXoLkrsEBLcu6EFlpDW6wMu9is/xUGZOISc13mJa0e+kGLsf7EyThB3+25fbztOkNFkJgOaWCrwHW64nYA7mMoQrYdO5HBTSmtLt93QZxFvHD0ggVhdB9qq9Zun5wEfDttNY/DzYPf4HAAgo+WxdkXwCH/ZJD8FbYBoUP39fAnRQ8oQdGiPpfIttxWtSQu6JjjnFoEZD/ufF38jgCthsdmsgSS2mH5y1kRhdCh7Nwyjts/92+umSGnVAKJ56Vyhbg5WpzFQ=='),
(125, 80, 1, 1, 35000, 5600, 40600, 'e07427e0e65bc7804d6cce48ad92b384bb8111696418a81eeb54647c1be51322', 'HCEV3oeVHcElX61BKuM+mr1BqSYmH6h8XzK0/uXful0G9rcrpIl11n7SS8HYXsB4Itw3x7FKPMs7lRSMWOOLb74tbBLQj96aliTKZ9U6FjdXGYMC553p2Ynq4RVxRNAyFsyzltOQ2oIHpZLBfqbXC54tvfdAvzNT64Z+V5/04vMMPEVuDJCq5KyuquWvFqwUSUlK7iQItEyAbv6q7fFb3pDQL6nOuu6BboPBJ1IpEAR4sP1dFl4z4++uGET4M8x1GXh4ImAPKWg7gUE0hewzQQ5C/QtinZnvhxQ0wUU2TwNiEYiOjLvLJdCX/zwqD0dM4SqUL5QLK2weqt8+fLh4Mg=='),
(126, 80, 2, 1, 50000, 8000, 58000, 'fd8214a83facddb6b1a71446c153656702212adbdb33c8700df131be41d4c635', 'tWXWs/D/LLcctSqA7iMzMxXZIBePKZiAescJ2S/sR7FmdmaSWgIrgd8ffbP5tFWPwCknqaUGyhcTL+bjKA0DfvYQvkeaqEg69B64KAcLdim5k7rlwvQ5uvJw4xXdk6aklpm1W695AYb2OAuUmKUY1GQ8OIvk12d/ia0TC6bmrujKeP5Bzgbh5OET3WqGIHOdjwEYJ7EpoKocEFjFH4ZP1HWx6uSQzfY23+8I/hOaoxmmczjSf7D/Zw/VwePpNgdh95Ej/CO0kPy5wbhQ2ATRt3bhZj8WaFKT6WnQ4vB/JbVyR8JKzhHClGzw+UHvZXVeN9VHzCz4RRRDeMNIIok0eg=='),
(127, 81, 1, 1, 35000, 5600, 40600, 'e71ad2ca895bff91cfb5d6038889a7c6c485eb24c8248bd9a2a37cc94cfda487', 'RiY9xjBiECL3PTSkUgokQruPf7RnIMUjCHjWUEmDcklfSuZfpseXxLyO8Tkdbe6QxS50B8fVROdzx+e9zXGvjCM5N/eDo6khoKfNerAp38BkzAHxC7v343ta1yoEMJodAC//yc3Odqe7xIqyHtp8Ge7/VI2HBUPsM9fwhtZrZsm6EDl/oUGGFSIfjGrnfJYF+XlXg/q1LK/IqVy/20OkUack/E9UHoSstDqv0MnVY8y6NAW7cByd+fhoFLNAik5mjmRHNgNEAtFZnzfDtQqUSPLTrxK2BV9xW5Q+f8caNHvK6CO23Wg/YXtYsYNiWTHm45UxDWmoYF3L1nBOm0OY0g=='),
(128, 81, 2, 1, 50000, 8000, 58000, 'f28ecec29939b7c74db1c55729f252cca73b1c6f00c94e721a691c0c112636bb', 'c0A7Qc9xNuIaKZXyqhDP1zdKl10dAG8UrA614HcNJRtyb8j20/fVOQ1je2fd+E0IK+xHuCl6XPc0ZDO/uH4ByEeXNxvhrXZ5G1F0okXQ/Am2yO16/z4xlsRM/V8STW3jQcwWCeKKemI55d04Zj81pXbV6QA9E4vJjuHKg6dDpkhFtwGdHR1M4M2FTf7payiYb9S9td8EAb2wk0lDWozvq1rGvI+DdGjN0WaFM0CWvlAutLzi9lmmsvQBFsXzwVva2cDPPBtTrPXm2fwzA6+s8MirW/++POp5rKqjUImKbaG1XBuEYvpm4RS/uU7WGe61lZMEJtmabvMfWZyF81dDaQ=='),
(129, 82, 1, 1, 35000, 5600, 40600, '197a48d1ab7fb17e890cce0e8c896e69a62d683192f255f820d87b9176815f85', 'mybNr2FBPQx68n/AMGaqCR1AuHYFX1fWz9osWuV1jtRvAb6Ujr5guCX4xwmYlB5XziL1t9fUHrutHfnhYykTTw+n8c07wTibhoDCHLZYjTinFc+cYVBpBZd63QJea404t7mL8+WjLmW5eBis9GCqGHksPXqlQc5pezr8E6szmY2fjjry8NkxQX2dL2tbAv4Wdcwk1XpYpwqlyjU+5MiA/uuC6kLC1WmT9BED/8y5qx8j1BF+2f+Y5YjEZTslDcGIb5wAentTT0+ADOuvpkeOfiVb4ozEevM8jW0z1+8ycBZHeySPKre1NBsmd4e+bOHw6Brv+2cykufoPZdR5DKhow=='),
(130, 82, 2, 1, 50000, 8000, 58000, 'a3b61bc65d0a516a322c7e645d306f7300565830e1da0650c9ba8a167f2b267d', 'tnp2ipWaxF+oD7i7dIETavZIzVrheYBWvJFlPNR2YNGwezoDKXZxf0G/3uBdkxoOgeh/fZi/OVUV/Pu+0LXieo2WDFS8ohulNwRlr1dnnUgtORfA0pB5uyksQ0lojCDaPcjPvqkrnz0NdUb7/O8QsF810Z0FOJTewoYd8ujTVzgxkVPcP3IBJeJXL8oAgisS6ic4Vnmx567bKTfieo4eefIdL/eQ2jI7jF/+1MAP04HNWfcSGa8puyXCeNdw1VsFh1wXpDiz9xcGODznpyuY2nc9U0JNvajY6j8qD2r5N5gzCRzYWmumZT8hRKSziLCIyH0jjiLZdjnkzVfzR3H8RA=='),
(131, 83, 1, 1, 35000, 5600, 40600, '60331b49c1c58d5bbd1868abf4e00c34ea966dcc318fd3430943cd0e9aa7ef3c', 'E5z2RSc1hh2VBJI5YXnELvJGb1/+x8aWiFrTgmsid1p40JY+hEXk5T1IDmJ/3eFmhKBH9rvg8/c2qGRM65WOcqdEPORLOrFk7FW0/lJQ/ghf/QXe1YX4j+IdJuyx0xUjyXBVuCgA3+nERjGDaoV+/KM5OTwS3gEzUDxvQl5uKFH4MVupNAWAy1DF4K5HgfYniqubQJj1iz6PxGmzQtSBt1HCaA7Tt0hVRXWj7kl3gI0YlL0ujd80QwueybA0UE7uEyc2DBPB1vbRnk48wQKj0X1GyfA+LO7RAicDmGZZihD5Rmlvm41j/WnrhFfLT4WcdkdMOVb1NC+0N8lh2SE2DQ=='),
(132, 83, 2, 1, 50000, 8000, 58000, '0c1869082a505c21baf2af6c95cdddd6a8ff1ebc1e2ccb3552af862ba6f2c65f', 'lz43elkszBxGOQgs0bOWSYPDvbWGQ5LWrfAZR66BYSYbDqqknLnIRr2qHW7Nadr5MUJ1usNKBvyxHdXQ3KdNarNl65cu69pInPpk65TlfavdesBFEvZKOL1xi3CBzSiKYLDnIol9KR7HLHGYSWdfYnOrBtH+maZPEPKwwhMIBDynqOzo/12oXF8x/V276peUcAfv/2xkrTVcXJ7T6c4EYBdocOBQtszKxbeqWr5GPfgAzmE/ypPDXsRBfDTrnNHwp3kdpLivYAbbeAQYs/y6/EYPbtij8NQguOUyhLCjpEA/ZtM0bM8YcDccjldBW6L3JauuHHeQxPzPm5GjqzOvgQ=='),
(133, 84, 1, 1, 35000, 5600, 40600, '489d6afac722c17cf2eae86c02c54e0af1a5e93d3e61016c7ac0999ca1f729b9', 'dzy67WAxp0cHM+sZj8/qTl5095euN0KyErAzTlMY4rfEQqZV2OnUcVaOFcFKQv5/q1gWdfY09bpMdz/W7Obb8cOviV33jstj72PCwosN4T/5fyB0Eb43kPCAuVBJTsEr0iWz8BlvdaWfFuEKzq0aN4ZdWpHCn77UTb4cwbttrXaAdVCdRHK/+xuHoeSmCutisHv0tCAlr6/RovN20gE7HBZLU2X7pEvgXSRsPy98dr/sYc1Cc/pKwxpHelao+mzMqXSox+YgEY2ECPWWSeaHFgAC8nymYOfAbeuWPF7uC3Rtumfq5csbPy44F6sFIUJYXmWAvgdc5zCLKJyHTIl9Kg=='),
(134, 84, 2, 1, 50000, 8000, 58000, '34dc711aad27be72aa5078e56cc84af3d25aa18ef65d6ba1e1bee3401ec39b43', 'iMcXJvfYcrFFjQFOkCOciW/2CNiuUUujAxUv/KPOxFF6r0aSOhcWvZEVFuLmPNd/1jPTmzeLQNknggv3SkJ2GZUmZ7ou5xvexqOME5uZqbue9O1nrfbMXeMvNpOswA0KhbOezp4HnsYFkn0UEuIeINA2qhsVT3wAJRGL1E2UHD8bhbXZpcqQxaJGyYPbGqfvzpv3cn/XKjVgFOc4hTVauNyaoMiB7lBdHWwI64SnWI3qfT7Bu0xeVD5IAGT+Ck5xMUABTw0MKK2sTY9btZGkaGwSJ+CX3fSm3WlCGnqEsu4wzhMWxm4Cq5bOXmZggbIZ1mFUXukn648JYVKKtJ9ILg=='),
(135, 85, 1, 1, 35000, 5600, 40600, '8253965c02e4b671d74a23db46d884a3bf73de38a3732835a182125d8802f968', 'IKTqzVoS3p60vKLBoQyO3xOVexlgdG5g8OMdad0v2n+C9h2/edy+qkAj2AlWG897D80OUw6lh//J2MSnJ+P6vvGCu92oGXgNeDsBTQilla01TXztJYdBvq7TN+bqwbbYIkMZiF6DbyFuvMcfHg/8oU1srBdK37w1bYKZVK+Y5kO+WityaRwIKMTgYvW2yf+IB6/FRl0iC0iL7Ej2imdlegiBebV5lWLwf0hW/xkosIMa8GNUiUhPL+V7N0kfnSZCy7V/oLiDCbAaSqvVZM2oVyfTTpaojyVsiN/EoKnuGRLNK4QSCXeRK/5p/qsoNSuAm18V72qQNq4cyr7Q/PWG5Q=='),
(136, 85, 2, 1, 50000, 8000, 58000, '6a92297bce040727aa46fd4fcd2091702186a61599eaae44ed877fa8d1fbb41f', 'YkjIzIO7mv/UiqeeMPo/AjYmFxAq1mCeJv3vt1u9IV8h24PQotPrbjFzSz6/sL4Snaxmos6hQJ98P7YPYhP7swowgTJgKScJ4cCha12KvgdpSN4SfEhgJCUpvIvPgIZW/Vagj11PEhm4JJCGDE0lZVFS7bkUdUKhzOMpN+1SFx3bZYH1MVonEVaNNCZZKNmUDu6Erwy+P9TTAR5jAEcJSTZUIpPH6ydsvt6c9yZFZxvT+S2+8P1+RpoXPiCALvWWQZG6Pv7uHkytxkJlespYgQLHCWF5SjlpoT1XBv08IRAlqaiRE9T/cEcQSVKLBZxdbTTwaVA0HSWyzqyWuM5aIA=='),
(137, 85, 3, 1, 100000, 16000, 116000, '69ad706896b7f4964495036a2221e1bd64ba51b9205a43dfa3b8215195f1173d', 'Xzkzb9voIOeyN9+ijXl0HnmPtB/htJHJVhKLoqso/su7eW+yF7u317uK9CkRB8klBOaJYugCBa/u1xTxrxLX5fddtgp1VesrmB0BjQzL6XDyBmW4PsnJxViu7hJJAsg+YAc6qii5LgWVk24Cwbt6okfS5h2TbkmDhZuG9FFLfwFiWLUVb5tQPho0ObYVDugVye9SB0/4c4dVAqSO/QC82FJF876zDByVsolSKOTzJAdU4jECfloHpyefIDNjHshtch0psz4F5Au1KadshLq6hpHCGS7bewTqkQl0q+PZQRpxRB7nskMLoeDe8irSHO75PtseQDonir2BjR3aIiG3Ag=='),
(138, 86, 1, 1, 35000, 5600, 40600, '50b585405f9e3b2acbb2e9bf2f7bf18665710c7a0e0bbbeebd07f126307cdb84', 's3KFe0892wlPtURyWg8Zun4jtEzuceol06WLGFxYuhFCwiHIrBzk+e3Ar+vuPWM46zbP5oDi7bXP+Dse7zW0B3LWbFOIPUrOave5Xuk7CbZccNwM2+DajYgFEybjFSkTdzOXTFPi2ReSfhBb/VavOxvyUEufNOH6Xc/ECYEX3QOhbUcSDkHkepjtpL5iN6PVIDFKuZieR/l/ZMa09srg2e7SOj0u4PzzaL0y6CMK4osmU2LWBj6zk/Sb4n8tUryBrLcRniff/f6QU6BzwiWkdD8Z4Pq5HdM3+ZTYvn8V6eYyUPw1wKIvEaLptD1mls5OFAlvgwtQV6NQdvUhEz4bCg=='),
(139, 86, 2, 1, 50000, 8000, 58000, '52cc3fa0ac9a7f0e159988121c4b5d87cdedf749d1276f5b1c2d3e06535d739b', 'Yi9LkTkDsSvw7D1u8Cdy55QRtuPJSpJz5kHQ1nH4ig6LLv/tsxvQ+AM7LyGxsS5tDrEGH3GIZt9Z6pWTmjA47i8ywd1y/k0M83ZFF8QOY92LFN9KOzZTmNUff5eZBMMx/VtVnJ53qN8drnMrhxj43JAaDrnEmreIoBAIgUKwtFrH9zZjG5AVFtSedhSj1f9OebrRvFzXX5AqJ6xKLLpb8Y5Zyi/g5CvBllO374l1hxyxfSfe0QNDbdBJBgNhitP/sq+cD+A9wLKzn6kc3MYrtdad2hDP/hz8Ur94GuPs8kfueppAZsJ2mE4cjBBhcaPbh2YX+zyhI5LjSudGYI+cMw=='),
(140, 87, 1, 1, 35000, 5600, 40600, '3ef784fa722b5c35e551dc46ff22b209bdf9fb7ea687a7705aaeb03eff54b2a7', 'gQ4gKJ3ngf17xRUrt1pfGlS71eJvrxewhLrXzzMCLb6QTWuFNVKqUVMpVSRuXWxT0JWGFlZ3Tivb1lq090C2oUzJHYq+Vz5g1pgRF2Gud5GAw9m8m/rpJHCxWg7DbKxf/MS73nqrNAQ7dEz2h1P/Vn+8HqfImemcJuohocANyftnkmtjKk+I8Mv/HlZ/BNFenU/hOEplBizkT5dlnDRhl06NT1KmgGtd3QD2wHjlXIPL6owdz5oxfffjWnUV+dXPuXW+Yy9G+neVHjyrbUPsnA1d40VFIl0KrS7giL7p6BiaI41WRR8zpHuhWJNUFKtsMgYwlUGH+sYmYJVHbXb09g=='),
(141, 87, 2, 1, 50000, 8000, 58000, '014771a6895640ecd567e67651f009a79e11433f28fe31122a2212aa376ce867', 'UyR8sQaMNmmxO3ieB6vPjlgjHA/9C2TbLle/uZSLEnYtcPrflQZIM05O/9ekLpzTP6GbQAl6EQxZbTfTQ9Gg8hSw9N2QGonrc3/E4we0Hg3Bix1ZRsRshpQYSByB6jXKp+Whe4jAD6p6Fd2OEf948Jw+LNKC7ZiUySqFkRJHsHU6o6xw3NrVhl/JlMAGKGpvnXSd3GXMz6M6FnMABe62g6LpzlgDU3ufIJRJ7syvaHwNoy6tT+0l9nJ8zFfcMn5CZReCsCSUrgEzhNsFuQBuybETpXpXPiC+UFjB6yBYo8z6BCJEIR2WmZh7gf/VX6Y8KFD+64tUgCcY8Lxl6T/6MQ=='),
(142, 88, 1, 1, 35000, 5600, 40600, '8471a05148c1fd97c68e09e27bbdbb27ae23aea6a23b4ea425f83e02877676c0', 'aKtr2sLf68Ew6kMuz67GNeTmzM50u3RkKQsjSE9rswMRbfU8z1t5MCRxKj+4vJzn8Yke1g+ZHbi1Q0+KeDJXCKEemZtVxiTOQk/XxtZXNsdawdWMD71lE5Jf6Xf4AFX09HHppF6jVUj86wV7krl6mwAWZjt8ziZbcR2d8WQMhW9OAOkgL9HUXcBJQ1C9IOhUySjHIj0LS6rX27BIdjsMouTAIjsCsbHIZT3caEOFUNZ6le9U/ewVJU6GgzaFt8heaYaqqYOoUJmoAmQDbzHfK1KK+9hzheXYWMOR5dga02Y7ikk3VVwSwuCLFY95P4zZXJ+738+tKsb4ssfIuj84Ug=='),
(143, 88, 2, 1, 50000, 8000, 58000, 'd2839d5bd448984de7334500f6937d32a0da25709de736b11a42c4a9d558b442', 'J92XXHW6Hyg26gW25I22Fq6S/0mLY+oQeFl2/obzNKugI9H8S+UlWxzS+I9DnD5+K6puW2GfZR1dBSgotvqPBR+t1Xv4gAMyOg6pUmBKswR5VHSTsWIvs4hzmVVtZ5P6qp8BRPc98t5VeDKlwUleStnm5S7YVoiwQoTa/2xNvEHLRd5fyLHYrrzWV478/wrMSmSj5nacLSRKsO1HLR/qC+dYidt30ZETP13aKMC7dnAi84Ajd+Bo841QVjM+RYCzllpY+Oll9mBmcUWiDcQDoUO9EKACrbFDp0egudmvwueAaR//rLo+TZd+dSzPbMb3QsnDTs1sjlbCGnFG4kj1hg=='),
(144, 88, 5, 1, 10000, 0, 10000, '336b99363a010e3e73c28360576d69c207f35a69708d37084bf109906b0e433b', 'J69yr3dswxhPFf7Wp0Sv58+8Ko2aglCZti9yefL33zkaCdn6ePVVLrYV6NJ4lYaBOO9QPUll3MB9SXCZIbIDcVkGFQRGKzknFxzvA7gZ3CqQGEM3jX7czug+cIKgprqQCLGN3zDP5QYCiaUYqFbF3whWplG6J4QUJuhaKowS+mfhaYj61/CdxsO64uTxwuGCD9ghBVcNLC9qxX+4vOCGd4lz9Twsu+ofKrdu12oyw+Zc/pnAokB346vIyQoZs8wUnxGv9OoSV2W9/tZf/qo3HcU6M9j6c4sY6nv+JqJhKvE+XagyfvAeazYPlIZIYNOpHuiOyI9Y3dBJUYiZ3lTYtg=='),
(145, 89, 1, 1, 35000, 5600, 40600, '22844f320ff43af1627b84481d4b87df9f4be15823e48bee5e4596c5bec923c9', 'bcRT9h/Ol/Xq68jwhw+2Jo9NS5x5bEIqv4u8LwoySvHy83mbOSRbTr1eP8QoO+AAwigP1PlQqHNzPO9OvGJN57j5Z3Ns8P1icSD+uJz3G2ii6NJ+e1aHc00klofBu5Cy1LWQr3NmuXfLMkQBlnk57PTCOPfJ76ZskclsYIa3BnaQPzSs1EgT7VMUx6I/2D61UkTOYukw2N65wxf0/x5pzS8M2iKeKlRmvGdeGtHhQpIuh8dSV3MO2zRBSvxmZMc9WTJCJQYbzuJa3va9gndjKRldzqy8/tv5DLU+IWRnJBlZkf7g+lB4Hn9DWPw1GBjuieXbOMNuqe+L3UMrReFN8g=='),
(146, 89, 2, 1, 50000, 8000, 58000, 'f2ae10b8de598d406c8ea194c77d81ae22aa6d72bd4bed8ddb80a69d32d42910', 't8hYKHkn70FfH108whfEGh/E0Gc53AgbwcynDqvTtF2SsD69lztJvy08pbD9eH8g6oeSTDTd2Aqu064Qj5nhfarhMHahQ1Ra7PHP5DQ6zSae+F1lT0bC/nB9WTTZKHzwutBSgBXxZYlvOiiDg9J3Eid0ibxv2AFkB8M64OmuES6unXHEQ448c3IjgDk4hwooUtQLxJWc+oUc4JJYTGG8+MYH5Z11SpmCjGJs3n8VgUcWRlf4DP5S5Aqz5SWgDi6YYFM6aWekr/ZYu+ZbDTscZ6SPGmSgFXqfe+8VB8/z93k25/D9GNQeNgdpaYJtvoHpLQjrahWFLu3UA2+XXgcrlQ=='),
(147, 89, 5, 1, 10000, 0, 10000, 'ebe7ea0247a652dc0ee02eb1f412998d1469a35e54a3b05dd74867ab448c1b7e', 'cg6vQ1uKXp4qnFq+VPkCzEZkb80Cx1DRMalpaR7pxGXMBPjrarjDrf5H8WmUKl/ZbPmQN4Rb3Kpz6LABzILhoyqySCjEJiGdCGM1pJ/awC7E7iXv1CC2/CxO3B7H6kF74BhcNkWVDhD7zQ9APidgYimHxrpYoSl7f9thYVHqJhha9LHZWyhmZyjV1A0HokR2Vo9xRNMoADSY4QAvL1Pkh99P22oeMF3O+Ug768SrBRG/CeUpw3guDpb4tyKSWEYCK62aUVxHn+DxxiVaNYcoqcxCKheoXN0f9f8Xq6qbdpy7rv+TJtxBpBFpvAo2rpccz493xCGiBmGMRigwdiA3qw=='),
(148, 90, 1, 1, 35000, 5600, 40600, 'f7d6ff436cba3472575642e8df52b5f600685dc7cc07ac106303bf46492abd03', 'hOFULDVy2hvxLO9nb7amYRAtlZFgkn79LHaQEUFwF30HYZVZOXfjkMzI8CoqQJVxAuW6bWXCXowjK38gOZ61MIn/8JukUW3cTyJyvCrn+c4rs8NWOcPAcEpdi1Pb4xIhu6UuxNJop2wJo2dWEwfQVUX4CFNVWAer2LQRthczrYdSKoYdKyEQUql66NSnCsGhqC5vqTQzw/FVY+9Tsy9v6Uazkpu4DMD/Cvc3xN8UbM/3SF3T1Is3j4eDparORZss5+8ZWsrpXlhZ4pk2MddFel/+C4+X1+r80RCa5UuOu3KGi7QsbnDp2Kt5En+PnmQvOSbwbj77JSVnjNhFMpH3QQ=='),
(149, 90, 2, 1, 50000, 8000, 58000, 'ae51b9c9cb505e0fa9f9768bc8cc650d2120af51e3a001145fd336a6f42cc99a', 'joSX0rdKsje0tHuQE5PJ3k9dCTQ1H5+5wlkwX+V9g6w1G2KzTCW0iNjXiwT/3eBV88025m3pF74BSgIEbrxKzc864VeP44tuDCmLultSXuBoa6d8k2chshjlrqmVPXcRxjo9fGLZUOGHr3CWQ8uso8/gDLqMuA3aTR1UbXnFIvb604jUcytr5TvQJC8BPLgzAGfPdFuADbBdpFfBZP5GmVdgre/LR4Ib93US383YslG6rvEmeHQuEMUdqypqv5AbGPpElWPIDJDmbnbXqUPkHPidPtU5CQtJ6muc7cAUZ3UiqFV+It7Fjq0eKarOFBa8McHeWpsV1Ch8o901Grv4tg=='),
(150, 90, 5, 1, 10000, 0, 10000, '1342388c4a7c3d729620c6eddffdd01184c98cde7f0aad3ec9a8af8ae6e14572', 'RLITQRUr7/GFumrzXvCe1SD+2jdScLWeIbNpy9x6J9m0s0mdF1/er+OMvT87CFmWdlOK2AW5sOOPjj/zZxSqOhDIerYR1TshwllnFTluQQnhE3S/cSDV5MSf9tx1tszyHjF17sRpGtShxknjbWUNv/Ym64JRrMBL9iWLXu05GZghBNPHg/9PqaIyFyECrSNPml1DxljLA8Y51lK4QeeV6rBMyEpHtVDrOwtQXxs25XkZ2mQFPJT8kRqMGV3M+NRMe8K7cwHQJLQs+OEWXmqWbTCnbAj8ZRE8QczfIR7hbNob7pEqOBQBGvhYzeH7zeh2vPdoMaJLM0LatGRFqWW2YA=='),
(151, 92, 1, 1, 35000, 5600, 40600, 'e7b5660185735d74338ce40c7e3a126433a0985995f8b6f9b8322037f26facfe', 'mAUb3TiuFwXN7TlCZgVDZoldi7LduWkKbrUh43fivIp960HJqbgMUZJwwnUuvvV5FfaIEEuUj1FPb+ib0exDeYTKUf6GdYUIHkWqcWArQL5y6fIHTM6Krxli5I4UkMObT9sBP6aGIz0QOsa3ZMwuD/+5Zj3+vEF8eD0KB+tEYjD6Ts8n329r6KCE7un7ZGDFaoq9r/Bgn7eFR65Hu1r3ajxAPNTZ+GlIxIXAqtKcM3tHVVBLd4iw/f1K8ku/xuUnor5Om6ix0WREaIbI5mswYVwgjRRcP2MYQpTFUyu3z+LPotxf8yTHo4qtUE8AboJIwwtvM7tP8ho/r61KoKPbFw=='),
(152, 92, 2, 1, 50000, 8000, 58000, '7a92eeebefd1385af0e2f254258e0f2bb12e6c806c2852542214f3c55a2a3928', 'kIsOAsJqIkI938J2Ey4wpCqdJOi01BSVdpxdWIjM++bhbi9mr1FvOhMidK0AO5j1sHdy8vyk+KLh0vD+kQN1XB1g82k7uurxc03INWgsEUwEOakQIQA/21iBIyjnif6gRw2ZrAZ14Nf1/AZEdrbUlv0aJvyi6gLLvSpDbWFeHBW2iN4ZC6eflkfbrPDR2f3cWxL3ETDKJdUNfE+dOTBrwuR/uDtuh+r92CVmLocZivxtBtlUrPsW7I6XNPg+SF+PjWdHz+AH5pctYIxnozmaFEtIDVqlzo96s4Six4uaLMygufONQaqu3H0M2fLYkL325spsWZTD0385LK+r2ILG8w=='),
(153, 92, 5, 1, 10000, 0, 10000, '1b004d581f9146bb3a6b20d25f181f498f4a49dd0571e390f2fe2a7bfdc5cc4e', 'J7KjwrlbtRXWC70hRTXad+udO6RTUUG2tqqXU44mHZPScnRhMjh7Lzfit3YEnYvjz9I8wU9gZKKthivp1s+122JKyWRpGkNEsohtWMJjVNjWq8Pp5L1NqlK6ooFifu+Uj+k5Oogkoe3LSGKbzWfR7F5boRPqBkHlWpkecbSfhMRqXmR1jgVqyoFLXdXd2XLZ1sOHYInaaAF63+xg3cimHP/ZxovVjZggzxkGZfWtGePdw4wIeTEMksYkG3jIY6raEhDVXs0rAeUPP4X0hq7DOt5sZrNNQsWYwm3H+Tvz8BgdGHdkHgqISbMOsnEazjE2j4nN6q+b92IjPZS+NpUGJw=='),
(154, 93, 1, 1, 35000, 5600, 40600, 'a3cca873834a90c78f19b6636c881db8db2bb54601a21e034bab4bd3357191a4', 'Px7njKZsSZ7HW2EGmPC542WnUGXl/PI9+cvquZF3ghGzBWcKL6wIt0dLEfjC9lNBCwXwcp9//0+Xd1i2NKzRH8otmXXbtDeA52Nv81IQaU0RoPL2+iHe9R1sxwLvMWjpkXH7g25uHQGBfMlJF6IY/nzM9sgo/e+TJFqVWew+bsU6SYka8cHioK5LazA/MLGcjbltJbSHFpdlVR1kWHlGsllSJe0wcuOCcOCVgkm1G+hTVtUNthhG0Y8wJP8ikTYAqpVlrZgWbwcrmh3+l23okApJdwOUozGDUfeUqtfxoOoAvwHGrO3Pu10o5vp0LtL78Bo9iREB9pJAkrY0+h69lw=='),
(155, 93, 2, 1, 50000, 8000, 58000, '62c6c05fa3b7eb7d527ae59ecf7f44c24254065728a1253ef0bb9da1fd06160c', 'm9h1OvVS6rwcmrJ/2plDg+8S/whxUd2zAZ1FG9pGydo+yUrB1i/9bocOGEldx2tpnuDduQOImPUzKW8LKULsjFCRowOh723yTvzoEmP6f7aQqPMD4y0cLTxcZ2a3ILVOKqLFeVMFKoRR5bjNJIZj7RlHiwBt8cbgZ52b8dlPlOuUjkv+tZRXfqn4I5nZE/Q/tXvaRRMk7OC0XpDxuSWCSSn8z+BqbD7iC6FWm995s+5mjBs8CNPgsYqN1EVHegmo15RkCmML04QKjtWq1MONYtA4Ib1MN1QaAaInW9JqQZPE+o7+B8GcDUNZZFFfmbHX54yDHHss4CRkrJyYschhaw=='),
(156, 93, 4, 1, 20000, 0, 20000, '57e6696e2be1515366309840836a8540de63e343b453aff0849fbcb03032051d', 'rUla3dHjg7GiCbgZgYsVZtfppgQkXRZ/yEACfiLnqVx470PSFDfnbegXXaAGVoIYc9E3JRaswyBcjuBQwJqVD+rJl0Wlj0BCijzyzaDACVPC1zl2mJOT73bIbnKRd6Ad1ZaZ3fdke6Ytq8eu9y+9QWH6FAlaRJF/It7F62KpWpA59ZSe9Hi3+bF7vH8HhR4OjbPvme/dI1x/kmhsiRphJVmDO0X0nmh9d0VX3Q8pIMPI+Au9xeYc2XiwKFej++G5yo/b5+hKh713YVg7VcdyF8AaTZ3/Stnu+7BuRQ6LSL/eV42pabt/lgBB73aPbalsj1so/yGaeoJBtHlAEhkPZQ=='),
(157, 94, 3, 1, 100000, 16000, 116000, 'bf07fe40be4439ddc3d5f3eb5d2bbac6a860bc6d25ad75bd339e9de6e4497ff4', 'j2DKw9PtdCV+U2W82tycJ/KcdgiHaa+F0ztWC9pkt6/pl7hytyreBTooY4OUiC9HOMHvtX24y1Tsa1fp9z4AGmA+VDodlwnK5JOp06Wh3zUYekZHEUy3lh5RtcmjMzemSo2QSP2jH7NLtX3XyDBfaEP3sN63tSP+ZL/bFLJPgXyDx3lnG9LjOpprJECHo4mLahFUkboYz805v4KE2wUg8eQmqewmv0soHUMzbri7YAkZdMPdlYjNPiG9KUKwfZAK33EocBaZvmANyPc/R7YH7IphVGlVG/HARWA2zKLO1WfrmlvCIPYGg/wXmUMX2xq5zZzE0ETYRkk9sYO+OCtGow=='),
(158, 95, 1, 1, 35000, 5600, 40600, 'bccfa3b0f4c01efb83f8c550a7a6571168c27414c4c78587984b071912bf23c7', 'pQh5Ux14SjQIr0XqyrfcZP4hRz9nvqlWTcsl/t4+b0yiV2vxTw1+FV402nQP/uUXFi245LHHeSJYdKo6oueDVf+l59jUG435J0DNE5xAf3yGl9sfD62SRhcpQ8ogTdaWMCUG3YcEGSvIUK4mV1AudXKuH6/IJPmcsJuN9PcDG0d7FIWusQZ/8ecSlIYiD6iaYglPQqtNhNG2uotYnudZJF3Aazn3iQFAE4xqM+r9ZEZmd/8BPbF6/fpV5uO3E6gDODw5PSJ3pkA/Cfg0oteEjwYMzaHdTB/jWR7gDvFygdvPbm4stlb1z/AIzqMHFT3M/0BUc0mlpmhp9/cdeHJjRg=='),
(159, 95, 2, 1, 50000, 8000, 58000, '5f4fd5d9fda40ffb5213c1749244c794d636e1b5ba49b274f02e0a6770639356', 'S3FxpIZSVn/MuQPxuRgE4J1okAHk+N0MtsusHFvrJ4jDzCqh/QLQWOrltB5rQrD6vMnNOERWSJoVcyJWWH70voCts/O4wmrjcg3KESslB8Bz1UmUSJT8Y4eeA/EkGjQNp2A/OaTRL+lpqKqxdX+pBSFHwokmnbRP1UKtDroO2dxIfx/I77DmMwM4zbKUeHYzUmpA85ZBjLeIvWbZnvgnT+ISViZHkDuJpqmbOE+Jo1Sx9kFQ4LJBDjgFbrkJV8+nPiSaWMcOeOXtRvwletm/a9R79RDpFBXYwxyBMLvMfr2KQgYtTg7bLFyoPISIuICNhE+YnobE4wPRjatZYPhLiQ=='),
(160, 95, 5, 1, 24000, 0, 24000, '29432862c22656fd225c2a2ad18662a90748a6d4d198b6d232edb568dd8dbd4d', 'HPdxN10zMStWEpLBx0VX51d0Sf6tZWAej132TcU7QG1y5AtnoCh7CzwZavUyb09vEPVPhApRUIYdi1YzyFpdm35c5SlhNOiIqIcWGnDSfZ6ZrQXlXzKLJej7XH8zV/j9/OTh4WirQbjEX68oles5P8JxAcBshA/WB4cHhXQpCL7KIuma+wETde7SEpHJYXdmRFwBdNKf+P82g8fQVxWc5GuG/fEfyjX5/AlCqdbeePVI2FKqJLYoLRL8f0bF/4kSwl0SUsI7tSxaP0y1IfR8snQcWpEvjri8T1IbaqanD9pnc4OSnbKRXbaXW2kJKz4JZrWNNcBC6AAeC++viQNMQw=='),
(161, 95, 4, 1, 20000, 0, 20000, '114b1a6198a938a3b35634cc12ba4ba692a4624b67f69e75f79d8fca2f868bed', 'kN5ipgCqMWm85LVy62uYfdBur5Sj9ZGNREQ16DdMHypYf9FJQ53fw+yjWA5egBuQlGJBGsVkIlvl9X3pPUkx1pV/bX3odZWlbVt3/2hpxyq2LAZEgWZ4nSJAS9JNBw4I03vk3MhbQqSlgJfa+7OI2/D0K3t6LzpVIOiHLfTsjhvsIi3XZ9ffFNgtxo59AQcOr0iJwi+F2y87jGUBqbwvbfLiDvKKKZ3zcNXwNMvASqgK6wZr4WVEaBbkGDVXvxlCdF00tv+sM8wpXFQbsJ1SdT9YatEP6d+AkgkZyeTbAjwwwkqr8E/B8FhY3tKhMuUEQP8EixKVS5GUZfjJF/M0Pw=='),
(162, 95, 3, 1, 100000, 16000, 116000, '03bce8cd0bef69f2d0795c0f772a1eff2abf6454e19e2b89956bbada54fcfa1f', 'I3MCkzeY7DRjLX8NQMNAqIuTTEFY591iu/m0RZrPSmGo6DWhtP1P4BxG+Es6v/lxcfOSlwJ/XhJgcyvYIHMNXtyYdLhUorgg6ZrDfBQFPAVeG8f8kSNHdjRVrSWH9FN8fw4rFyB3VDSkBanaKxp+PGw6O/yYvkXs3mSGncP0umfCj8HZ/L6mahFh6+7xNVq70+oSabwSx8bxv0IWOUVzG4gH4Lg+TOQixUaCk52+x2JMEjfsFHMZ9QVnNZx3Ec6SPgkU/S1jACCrC6mrAbpZCat4DUFheqKzzYkxWdC1V1bvrKAZIU4kRn8eauOFraxA6hbeKrLaI7h11UKVMTvM9A=='),
(163, 96, 1, 1, 35000, 5600, 40600, '6b0ab994b78bf7af7753e833123b7166680bb04b2e026b7fa485869dd434f291', 'fe8PV6a74y7c1/b5NPHt0CpGn42oY58WBBsEEN3uHEyFHlivttQEbunUPphClvxceci8i0nEHYySrWxIf839O+zAFtlfGu4slC4fgwxkPbXEFlBAAv2KF5XZLzb/2ZVRIL+A+sRGdXeGwh4U+gFi3FgkwscG/LKZOJLx8/mu1ojdTRLaJyfERVfZZ1AZkJ6KhgmuTVxZpIlVOseHSW5mWOdKCXG3TFcU+nQmJYlBob3pV5ISl6fko0PxfygH/MYYdPCRa85ew4n7vZYP9ayIA5gmFYQUctPe+BI4Ewaw8TItU8b/4Bw0OvP664OOWOsa+BqeXVnOVD9vOdHol+s9YA=='),
(164, 96, 2, 1, 50000, 8000, 58000, 'd5fe94fa1414c7064467928c99812416ad40385bd166ef28cabe02ff2a48e832', 'fGMbHbzzSI6iToCRXmZI9bkjblkO88MmraKkK83uV3ppm05Lm5Yn9NjEABOJ/RuXjNdz6b0gbshFBTvMw2sBjOwvj/JddhNvrS94nUJplotwJvLhGQYWRx18lk3RAm8VsUCdyNIc/Zcni+8IBuSGx0TJ0FYcIYoz2W2igsgJ3U6Qap4WR9HO3lQ/YVFnHeVqG4P2tTM5OSqO/XDuuiOpJ+e+rTZF1bG3NN3mi/48PCXR0tHXA0G0wkUkfsIvjPqEuZRFXtmwMc+8MQv2/Y+eXSge4TI6zmzEIP5r/eBV1HxN9Y+7NsjbKa1dPeflIpTSKy18DDYwX/Nztvlyvdvk5Q=='),
(165, 97, 6, 1, 30000, 0, 30000, 'cba026e19291382fb1b73531434ff066d340f3146a0628f4e43acd512417de53', 'FLGnFFzD+G1o0bKykz11w5hIXPBp5EVhRW13P+zQN2vWXt1COgkZqQ4acCly1cp1WZAg2bb8ZZgU+2ZtyeE9p6psbamCXYFOdvaInRjmo/GdX9rTrMDb5EnJc04Pr2E2kjtwcz60eNoBqp/+IhULOAFCUktIOmORWz1jpviIHeR2mCpW3CvrnAnkULce/mS99zDB0V4LgzydzKMZErd4kudH+UY48k4RK5dvRLYLFDqZ8Oyrq2B1F2JD9SwcETn3mphd4FdlxpLwrbMeYiILE/cE1QT5D5zFkASKFVKj6QVQnVitYgEuyrI9HFW4Yg9asG9D6l7pSuUaqzQYTvCrog=='),
(166, 97, 7, 1, 40000, 0, 40000, '68af634159bfe7bac7e9c4fcfe0ce1e1b25383e4ecd500c4c0ed5337f807240c', 'PjlsxNmjspGC7/r6kVUDQaf2BICPaMQofYpzNJUCohTGXpTiYXne5TEbgiL9tFH2AORhK0xKVZdQn6AK/9pkprE+k6mKsXSa4DmNFPmG8jXEdkQVxOBCa8bNhlg5/H3/PqNGgbrmv9Xep2fohREOVnXUikz7Hcoji/MQmECAZnxEmpCqTD96haG1FJAPAXybvJ6GoVbKSpEbj1Uq+1WFKyHWUXPNIbrK2wbY/EDjl5s1ziumA5TsJhN+3l3RLfqaLXAsHVKU8F1Bc+MQDSp/sT2MuskBiexTVMXSi9FCkGjWfGdFX78U+WdOd/sv+uVz4bcldvERTbNpWtqxYXihpQ=='),
(167, 98, 4, 1, 20000, 0, 20000, '15e7205a211ad32b97306cf73cc9e2cae700c6fb48925bccd96235a3db7040fa', 'MAe3wjX2n8NZ+TyJIShe3fyat+HFIdI5hXvCBug/h8d6bFIef38j4mGG9hBcFAZ87hY7mmRV2uS3g/RJhgCf7GvwLCUxDjgzNa1gxPmb2rVAKmKVl3avEfFfO1uSUXVBdXKYzZERSdEgCMhH1mZKEne3enz2crNntmQiMrSopYisHbKkMxkzIvnh54jqJTgb9aJd59OWyy4FzAw15Vj0gJ0SyYLMKPLFKpzbkvvPBGebByo3zo8xXQW+HVSvAr2NjpwTnnCtp1z9Cq3gGixcJODvWbrX9lCydS5rqkSvft8324u3b7f4ZX5OM+eOXaBOGvQDrEIFaoPVbzeCnZl9TQ=='),
(168, 98, 7, 1, 40000, 0, 40000, 'f37809c4b665092e793320f945c78b55f5ee4c5b78467602acb7691166c02864', 'vYVTDr512YaJAiGNFopTpE3VxWjVM/T52YQfq8cZlDYgmaV/KU0fgLFZAJUI+c5FKJb71gBzuf1wpvSUT9zyamDw6x3Ri7G6vX9NTtLNZVMjf66DGeF/iIAtwoejRfdmwaeOIrHhLUyxwQD8LrWbu6Swp1FYeBWejIVcA83oLvB/new3afafJg52rO/lSh/+2OdK4eNZnQh37c70EWXNHL4VazhW1znJB0lkfrmI0apLMTsfiBxq4o86SnEHmPEgQBnPD0WrIOp5H1weW0peHmMK/AuJsbWvCied28dy21pVWCY0FbDi3VGQUhz6phlNjxmxQzRXH+RiFCqRzpab6w=='),
(169, 98, 6, 1, 30000, 0, 30000, 'c08107eb364c70e24b20fd388961fbde0aab5dd970f5b34692cbcab457a2a471', 'EXl4WfRmpntcRltcCfikBk7IL4Cqd/CycBqfS0fQsvl8N3TMo+J60X9RG2oQGG35jb2bHfi0v7m26zN2q6+5IbnShegMG/FYxPEHtJmZpunuMt7S1srWDzzY/uSHozP/nwLYDO+4PsgAUKHNfEFRhdx6bPGMvBPrWvx0q7HB2dG1dqEf6atfw6SSpJaPlc9d1+KFCeQ13XZvNLJOdGuX963OdzSpI0dGCbU8Bahdf03J1bEf7LWnxlx9LRDwNmxNEqXHcVAcMODv9fbETHXJrIAsqc6GWTFoXzLhHiqfNArxyvKzHc8AC9udexTHBg8gHS4H6g1KHuqoNE3QWAzXUg=='),
(170, 99, 1, 1, 35000, 5600, 40600, 'e2010af4ccc6664ce7c11be7b235544169424606c7c8a448330e19edb5c25625', 'UnRfl5AF/rpaLxvdCdv/W4J6s+dn2CtPHozfuMjOoFAEe5xfZux7rViivDencslq9ufe2Z3NyYlm4kjigEGcq42khN22KqihcblLb5AdPdrcn5rpEFDKca8zneXXb1K6QqaePk+G0nsG0hE+Q1aHM9ZZlqzZx0B13C1zpuAXkSHICBZwGmBFgV6L9LE3ngTlVJXKm8aXtfUiZ94BORhVDPk3sPX/RD2pAoaPke2Yhuv7QYknAMb2NZpItyGKBCklDbCBtNwABuhxvJZOUxsZPm/DAlQR/LQIp7qwx2bQAZM7kx8YBJbD/UO7WusZM+upUdFlQIpSHgScGTN9lPenZg=='),
(171, 99, 2, 1, 50000, 8000, 58000, '5fc7dd770cc182cf325f17afba6d0d9838fccaef89ba651c01d9b9fee320ea8c', 'XD8gU3IohjJHU4l+pVUSxH23+TYCp4EoZdMrld/+6QuatMcveYHF8qkOfTKtZRoodw+AnOLyYrsC97JJGQ8MLonhSiTvuNFgtl5OFijlrdPQt5Bs0FRYjo2Z1xrkN4Y+ohZl3uKoQPd1SoZRePn2rpk9RPsuaEXx4Ox9hoK0Y2zSqF+DVn9ZdcEP3F/vUUsrPk3jAcRsVs3Ap2PMJ5x3afEgHz3yj/sODLvw3eIJhNDIyZ7LOn4Ymg/KIuliqGUVzPfQYjvxhayIv284kSpK7BG6yXLVZun8a6pclLkrUJMII4K4LOJJn0hjrGZBaq2+5SeSDngmF5lAKmn+NnY5ug=='),
(172, 100, 6, 1, 30000, 0, 30000, 'cabf6371c75dfb89fe8dce2ce5985187e2dfe3b2f8020697a1149d7f48b0fda2', 'XLuPeKvvWgNo8y3C+dUrq9fXc1lheSoYOTxhfQtlhOPbkOgnMJ3WPyrEd4iw1uN/fOe8hKLLh7+H+GZ6PoI5G1at29zma+x9Q+CSEDIp7A3eOacg1441gm64CUOmlNVDGRmn+bViWyH4za7YwnPTQQlKPR0XwSRbLp21c+8wx9N/qAafbkgqYCoRBn9pLrMLRRG4k97MThnX17L895Q2EdCKNq0VMUriDLaZMXTEp/jeA7Up3CG/2y3ibwiKsKrKPjI5AcNW9/bxwZk6sMyRl3j+wRUbfTfZ3fkGYL+qJx6MGbh7p6YdsAXWwJtt5hmqWoOXGF9XEJtAPzp115uIgg=='),
(173, 100, 7, 1, 40000, 0, 40000, 'e7db87e724105a9a0e245197fab76ec871ae600e6da8237402d6c84cbd61d980', 'MOHaec8z5iV7w1zlJJjgNc0geAvL5vVikzeMI+8trJ7r3tvmSyeUxWBFHgp2YyeKCtMFDv+NaENyFH5gCMzPrfYFHth68adl4DUK3foOXyqWvUbAOlfKyc4miJlQyiq6rUy5j+JALLz/JJr8NfeCmj8HdzW9Vjs2oZVYLIqTUQm/PWr633k0/ejWh7s6AUTUTZvtlYvYtHAFL2v/HWm62Vyw3NRO3Be/qxmGa8EQjYNPMND0mgGUkLD0Bip3ycxIIAgCLaWFDX0hYHZmZ7ACNg/mgbLmnQU5f4dj1lLsY19pHFYcnTpwlosHmAol5RO+wX+cQlvHIF+LtNBQgd55aw=='),
(174, 101, 1, 1, 35000, 5600, 40600, '3e3616e6f1fca5908f8ddd83b5e76f08bc6ba70afb5885e104fa78d29b80e203', 'ZF9IpjMqvY2NB//eWV6VuD9UADjyzwNpCvN20r+UUzXju0k+aCMU5KQgg5lZyyZHy4cqK0ho6B8d+kL2UEQzgSo2G48PWR4aOVmM8HPUaqycEaHfBJPZDa0dr/pLv+yeCYOdRVGz5AdLJBGPllNoGi4uoi6J5VCwBSZ4wTg385nuKxooXdSDl0j1tIx3m9a2DuWsyu1aLPhVQV8yiFrNCXJJ39t1OO2q4epW2JNZa1eU0A0zW2HhmwdBaOcCitBq9UL9dk8xQ+JOSVLvOXFHMtDmvn9IeGUU8C5NxCn0lUO2YuoJuz9tS29e0IICPWrmfuaJaBDY5zwYB181NTpdvA=='),
(175, 101, 2, 1, 50000, 8000, 58000, 'd63ec34a3dcdbc34228463cdfe062a00351b4dbb559477efd8b1eedf166acee1', 'bCaBu7JAq9lU6FwxPHqUxSBUhcFyZ1p0zpxZO1uBR/P8wI/bCuMXDMtNDnhNc5Afv9wkCkzuwUG8+uOWP6EMVCZg95so5kdV9DBEblqY9Ju11Iy1y5zegfCZViEUpRoE9t1xwUkS1ZuWlTzbrRkr+WPt5YvFmh2Q1USTeJtHyKR6Ue4FdQMVcnojss6huYO8FN6HWh6wI5BOdyh43HBH78O9wZKH9kLDEu0VZhJVg98doH76GQinoMi1/Us3kfJTGMzxaa9DXS0qGWWJcFsFy1pQDM0iWi9XHNadAzYgmO3tiiNZhL806Maa4fhrV6nWKPr2WeYxKm3xgb+5ou2pJA=='),
(176, 101, 5, 1, 10000, 0, 10000, '44fec78b08c2619b10156961e1d13dfbf51caae99708f0f51e83cf58dad7d130', 'YdK83BzT0RCAenBhzJJBavc2Nm/YCbSFZoY7BdmZ1qpmRw0jpym9NbnFe7ejKbNUyu39dFNT35UUXZ8SkXJmUHIdaYFLyOQgVGEQlkYYAsAfazSKLWva0yM4eLY2RHgukA4TgIeo1q4sAMzg77deuCCdE+rk+LC3gupltVNvD/vv8CLJEQOUUnsnsOfw4ZGi+MpHTdpVMEXBjwEUomxajyANPZXUMA6qhSdrlHOXORvGXqEwnUrvxp3jhXiEHO+IvoT1uUaEet4MR9mkgTrqlanSXqWKcbUt4yyCEAVik8eTo5EcrdsQFVOg7Aexy3heA+GGC0QaSpWpALPH04GA6g=='),
(177, 102, 4, 1, 30000, 0, 30000, 'd6eab908ce6c62965bfc018517e2e4569a28fe467006a8fd15e851d14a7c5dc6', 'ukJnNBmn1csNXgwcujAZ0em8LzbbfQNbKj8YRQOaOsTD07JgPpNiRUpT4JffoJ4g2VT3vjYKCNBX39ofhlgacvwz4hMEnH4GgU7yrTCoX5SvKHOqTQXFJwZEToGUQxWB1TiudYj3xs1MWftDm9T+QN9AFsfNguNd7Wk55w7or/sprn20g1Qa/n0nJNlrd2wkDyGtx2pORHzA8TAaQKlsyNw096s6A47R6f1fqSPR8RCZEKfUWN/1nNCHgRmY8GoKTSHZP2+IMuqJioNrLJfajV4Nz18zedfQvl9hR/SGv9YS8TDBys/k8iplqMDze0CZfwRAUrd7pQ/FJmC5fyQ7iA=='),
(178, 102, 3, 1, 100000, 16000, 116000, '52101c3c8d3a3c1c3149ca2c3644aec5c4d45f5900ddb56889e0ba44d4440928', 'JYg1I1LYr9X8EDsjx5kiKjw5YDNKWwG0OOHujTXXTiXqPqza9fmqzZlSznUqBVKq24ug0bp62WUntwXScOPXazuGLELBEmmox4wRKGJS8kLGkQNEgMO6pb1TQb7ucXN8dmk6NyxkBsFg4OwL5uEN9hAZnT7mGiiJoSDc/P12A9U9zb/CKF8T5RWwbnOhCzgOV4/smdKu3IhQfLZYhkR5whUMIgLFYGrdBfaMVCGXMFgrDnHJWMrKO++jbRqUL5Xn7mSn4nmteC/3W66Bblhst0YmdmyAVmEV6S79opqjAK2cyG8uaaNiL6bEhUXMlkkBx7hsSBkisfQSVS79G9E9yA=='),
(179, 102, 5, 1, 10000, 0, 10000, '7e914533b5e23db222d552f5b5b44830fd5143a827d965acd624b7b163156492', 'lZdzOcoRpSfg+e6QelnYq3sxMp1nJh6Dkdd1yu4iB1HQWJX4zX0ct4HJvJ6XAI+BdAYFtWuU48NSpUIn3Vh0tkFqBzvpLvb8d4fhjxV1CuvPK17o4yMhM2qwQ/RoxlySIbVdxU5VJ5gAwiqmzzo6ACWj3MSj1yVUTVShDBPbqejO5r0U9mV5zZGov8nZfj3ZSwulViCXCC1TqISaUXYNpkvRjfCIWr1hYqWAoj9VgwPLAvHUkqhTqBT82jgkfRDvaiT/xStRS2BfaL840D/imnQ1m1Tso6VaO9cRy5mudVDxE1nxWmxa8UbZFurNnlNivZwvDcOzHGglDRa6gb72wQ=='),
(180, 103, 1, 1, 35000, 5600, 40600, '94598c2339a0dedb013d7e846abf6fe31c99616004398cc79c0076ae66e3e207', 'svjXHQFIs1GJXgd6Gm4dJjoJgDLMXtTLYhIH7W4gJOZ9k4GY/qt/ZQ0/h6bNIq2qANhHs3XFkAC99I60yuBJxwaBVX+GqQFaGeYZArZBcsJ/EL4ugrw9tePiJa2CEFNuoubDTd4Uq4nbo4avCHS7/CGYI89O5HxL1+BNG8WbH63uRJjDlXP/C2yzPwMYdpuYs2EIccKgJ6RNZQuHuS3hEB/WmtV/fRAd2NXb8QxZRKqsXFr/kCZq7Bc2ucS0BjPPpZt6NLSrMymF5qhcvVcmM+gcTJTckmr2wpeMPF4OqfVc7IPhxtjLyqCYt/S0jEPlH4F5LAVYwsU3zUyIxe8ctA=='),
(181, 103, 2, 1, 50000, 8000, 58000, 'd9443593cd42e2941b20e46088b1c2cb6c330920907cd1d6fbee6794dbe71cda', 'p6ZNwrwVULCB/3ySc5BcEiEI81ds49/Ym7D6luGwt26S2j19VWoPnyBle8FvFWwHB9XRp4ap+tcmXMjXTLKflF7OR9fV2trGJ8YN2/dQpgt3T1B9atZsqVW06bzzJxJplBQBn6gXfsa7sFclBF5Iq/sg4Ok+RC2CbGDVfF+njE2E6pJS+inofNvpmUBpTNv7YJcgu0TYKUVkyN7vU4DCd3sqTfP9j3o0M74dmtYY/ac9vrxDPBDjWOfnywXpg6+23IRuOcInuQ/X0UXIDDPjywgu3cYyoRZ2o/WYuP9oeuo/d+twM+N1wg/HOB2kbYZA9Ro/i9ZknvJ/1kAziulbRQ=='),
(182, 103, 5, 1, 10000, 0, 10000, 'c49ad388b0433e3fc1f40ba8f101dceb8e531fa510f595c0675efeb23060bd82', 'KChJ1peIfWL0NHKNWd9xm1/ZupURXZr9oaOlArjuC5ldY8HtEq2WyvrcNF41WIu7XCTbTs4cpDTm2xVbKQxAqgFC3p9Dvvcc0KRXXx8EFs3I7AXJQrlxezz96Z2W9j+W1a836DeulsU2WajK9anQISZ2iuK/Xibno6DuPUgvYx2acuwqBUBAgjJikpw26MP9Ls1xh7l7eWW8U2UNO1hJdounPBPPDkPMrykV4DdHsc0TBaPYcg9fE+hg5fmW6ATB4ZyXrVDqfkbmcxvHMLjLgJjiPOR6YOxIYh56dWaWe+L38+uFcSVIgY9hhEVwHk23hRbXZOa2EOKs0uKfkIxjnw=='),
(183, 104, 1, 1, 35000, 5600, 40600, 'ae61b3b36e4214dbe60cb3d9e02e33869c07b463ba3d1ce971353cdd5ccf3952', 'ZV5oEJvyWHHfW1TyC4R9r2TqmjtxkEua9s1z/wdn9MWa1T7fPcEcrbXNq17J3Hc8akqe5naO9hVWX0MfDZlEjyTANCViiCr9sn31sf2PqzD9xd9HuyRcYK3BePFGoI9i7BBOutv1vJB02QOoa+2BXrP3b0bfmyhXK0YlbYcj/mGPUDW1p6jeCfVPHv5AZ0ecnQuqKHXm7jlmf+SaVtdDDqTotUE9BWQd+rVnZfRjFA48ScImuG9Vrs/52ML37T3rne/sutDxY0zTuoGEL0/O0P/rJOhtHoNcR+7eU9egLfJwVwIAi5XvlnHY6Qigq8Nx0ahoXzFKy8n02XTBvB022w=='),
(184, 104, 2, 1, 50000, 8000, 58000, 'eba7a6354e2d4c564eaefd722c92d2a5f81ad5c167217002ffebe7a012b13073', 'S/vbnxQvHBdKqcZadbKb3UrHLb8wq3t4V+EJ+GbF3moauciZ2IhI64nqFQyejrCXjSgnChB6x8LWe2r3Ffj+5iIhgKasvRjQYRTYito4mqOwxo9wZzGc6ESvztfJGejF2fRVTGy8VMXBzz/cDx+NdbHeGLdihzdBod0Z1qY5Nsddbm/RZ1406YYzhODOLmfQYvE/knABsV75ILZo3aModwAbpgU7rdL6HCU8YRW1fwHo1axm89R23ujdGnvf8ef1ia3rXBZq2RT+5kTp511kUqZtZkwpI7lmZMzRYTR/83QSIZ+9Z2NoT37MS9p1a0XTTGf/Dsamvnc3UzkgkhmQNQ=='),
(185, 105, 1, 1, 35000, 5600, 40600, '9ab24348d842bf120c7da8d866c0e35383d587f27b6c61b5c5403c500ab930b4', 'L1RJj/a/c5ExneTxflL7EUWDa4uBmMWf45odc9YA2+/Ryp9g38R4ztL6TKtsqmbh7/RlFNgdGvt49pRBT0KTMv41eAJhSGPfJMg9U7WMrmdzDqzjokWAMPesvf3rnSjHHqOgD0Jiff3p5DaoVEb1cTz3ZqsgExtGbRyWU6omd3p9isNoOn53hbhzNjUX6HZAHXrddUdK1aRjuCg1OxkjTISwv3u04Pjre7T4byHyPDgsXwIFeERxZ31+u51+92NSW0/S/bkMfFqO/qs+a0Y14F0bhHnB6QeLgRgniczAFYlBCc0tgy3/5w8VgmdNBTR5yKhlL4xm7GRocfRG3bPy2A=='),
(186, 105, 5, 1, 12000, 0, 12000, '721ea0ea44f5273f02dc572a553ab08b66a7ad3c1e5f335f9d7b2e9a0ff32773', 'JepFVgfxRzGX0dvhgbk2uatYlqXYGWepRktZpiGGUcx4aFDLV/ofnJPS5ErBfGUnTfhji/CuqAr5NU3ZWLoc8pSZ517VazIGhIE4fWIeyJolxU9QIUbBFpVmETF+rIT8vwgQSeWnHsLjp7TmzLaoApFnoq64C/QPpwc8s2ZhNZZvHjso5NwgzCPPjaLZp8sdRzoRbSa23oddEAclwXmyNhGQ1jrcfGEHO3hYfTxtoZjj2NmPxT7N5a9cY+QsmfRFLLqvX8xkMazmYV2moZXknPbPwVdhPHBC8QgW4WPoyCjSBq3Tb0T5nhWJbP+CUgJFHfyZVqYkILTnP9e7juQyDQ=='),
(187, 105, 2, 1, 50000, 8000, 58000, '80d874c10fca78796594d7892981a5d443160f770ffc9344b98baa5d27f2223e', 'sMLJuxb+M1fUqdzbLSRlnnYZQk2N3g+/iuFoya1De6YNvjeWULTyxZYI4+YaIZJO303sP8c5wJZU1ZgmFadtz+KnXasdoXN9dtbcsaZXUpqJy04GMEMGzLyjkYRc+cGuI1QZb7h35JGlwR9gghavDKz+wXbI1EinXZWw3DUm2Nl99k7qRSzizE1bHX3ZQr8+/YR/y9Wu3ve2ejDiNAEChkpyTXReQuW/Fx+gAdhPceHNVDxaaiqHWn9f9o/okSdA+Wg9VUbaWhMS+fUKL7KnDyL+vq8kD3k/LsslvrrieKDuedUoAHTQCi9+NvFPaZAAusRv8u80dntWov99po9Jag=='),
(188, 106, 1, 1, 35000, 5600, 40600, 'fcb1877213a79b3814bc04ec20ec7e159d11e446f29ec4c8841c200126cd3d8a', 'oP8uZuQD51kulk0W5E11KqsemFtcvgmjsRKwE3ZkjLOTHcqcw5wZo/kxjOSOg1k6xxSNRMUc4EdF5qHKFHuUZNnpmC8ngsZYdABmJaHYHL55OqsFKUnr6t/aU3C4paDAaEQyTJZKKfatCHKb1m784tIaTVQ/0YZjSUH1iLK4d1G9MzoeN5n9tb/q8HHBF8J9vvgre1vFJRtn8mguXyqulG87k4amBCTitogSm/oClUpBsnh7Zz59gnPyufqz+rXWjIyAL/X7iXe8Wm380adeCOJKzPcBMvXGNq7fxFKMFprq8oWVeOx0hVTs7Fzld3GVGzDU4wjd76GcdScN4ZkaoQ=='),
(189, 106, 2, 1, 50000, 8000, 58000, 'dd16adf5149a811792d34c41d23fc461047115554e94aabb902edd34288a23fc', 'hvKnGx7QLifnG+ZNk5E5/gDubEThTsAYMdeHqFb3FxDUFKQVUxAAxaaL0Fechk26aV1lUB9lniCr7XqM7gmL5jGxGFAdc3jUSAvqihCPj8avSkJuQUwsttio3kaDjAvIS5rMOmlwYgr3Xxm0NbYciSuhZz/tZuqVVI0mubnkY2X9AhcNCf2MQ7Aj35jZaz+Nhiqn7SShFvpF07EZ8Dc9wavwox6JQMQJhzAHq+yBRbzExPGwWznkvdIfXs7txpKGfCz7NnsG/NTKK/8NXmdtnqm0VwXfmVlR6tzDh0eL0gInLgQ394etG9czprOfhNfjU1l1Qg43kSy2kciYkjlD4g=='),
(190, 107, 1, 1, 35000, 5600, 40600, '3c3d52c3f6c3eba76554cd6f91aaafed23de1d8ea3202006e0d6dae41a63fc2e', 'FBvIPkzXEVrZSnRxTT/qkcuRtF8oq5B0xU5uKeoT/zysP1bEpbe2YfNgRBn4/OC9n9xl8bBZmIrQDMuZvjxl4Zo4C7wbXHjlaBBH+koYteFUb4TKD656wGtL+WfkDWgqGAB879l/clp0kUxa28lvP+SmDDwayiN3py/RDBqMpYx3nhPc6OB1/2CZMaidhcAKr5Z1t31bkBaXQtJO5gnqQhS9BJqUFaNhsY4StFe4SElY9a4kYnOgfrpAAhOtqxLzQnGVGDY7QOW12AORat8kPBj5zoRHrxG1jd6aWFeqNKMYQEVvKSl3g8L4w/hTwGmviCXn7c0kd3RLX2Bcr8oTOw=='),
(191, 107, 2, 1, 50000, 8000, 58000, 'a9b98cc88edae8b5bfe131531c0ffd7269f57c1b1be73d79e5502ccbc08d2b0a', 'jkgVhX5lNGPQR9t4M28z5pUha190KrCvHtwkZ5ja+d0xgq1mmm3vKc4SLJfYaBHcsYr23XUhHPFGqLzx62FQ8PrdtI4GVTRS+ZU0zgEue/8Ey0xoEw+AKChJt3upFfo9o71vzoCVc6pzz9MygSMdOqMKP384j3+/406M//9tQYVNVZ/xZr8/9lPl5xpk9kmGje8enB0qVQeLFQlMhTh9vNcIazvpZWsM0mEn/g5TfGINaxhtDurtDNGKQY7xrKtkKoCeLhYLdHAH9Sh6TXBQ+a7wBzmL2dYZ00ZYvvCYrSwpyZ5Vo6Wl7gjXku/x/oPZE7DFwFRyvhiRF9aD/8D+dg=='),
(192, 107, 4, 1, 20000, 0, 20000, '5a3304c12265d6898e61ee19a8bf97ccf4c2eab8c24ccfd7d0e7ccbc699f725f', 'kOEyRu/UU8VO9o40GVOU2+qUWGD3WGlvveetrEcaE3y7BHKEk0GDMrsHsFcfqLYfWfIjWBbZH3WLE13ZfM0uI4Dm49cwVJXinAGdnYZ65BZp4nFL2DQvherBaKSFrhgmmTSlWaH7kaRYBHDR89H69+YOwTozWGGo1fnyFB0FiQWVktndR7b7dDemFgEizsfSbCEH7DgBqiblPx68M0szAzqqjVh7H0P+FPT/lCr7K/rdi97/HdPy3E94PqDeCYrbgmvArvIhROgRLNZ6Z8qIbpivNW/c8YUfbZdV9WsR4jrxyQheeLFTmqPNCULRGAX/6kmSkl8GVitYeiXmwHGqfQ=='),
(193, 108, 4, 1, 20000, 0, 20000, 'a32bc0ab64de3a44680530d656e560eba7535a14992b6f8aa5c8332e4d9a7d2c', 'b1Am7ZSqBu875ZIxKlMMCXiHzVp2ikDoWmjTy4rVElF45EYGhiuYUNJ8maCfyXsRprNwsxNFqR3PyFNofuU+rDfHyd3PuiJt0HojX4mLNaCKOugY3xDpA77CYk8tmrtJBXOX0LMJrjwoj8OEtt7iUG8kWN/RJkPQtjqA0/awOmz6ufsynPKFjMIRyBj+budic7o3KqYIh0VqaLDFsmQC8cOuzGgTyDRfvZ3b+R072tKiQBfwKf4EQHHqKXWKpJ9o6P+XU7OctaUDE6ptJKs+lUYCQ9yevYyDaM2IKwKkJiHAJUUCfCfYZ94CY/MvbNE+ei26ptr06vMLxtOavNO/ug=='),
(194, 108, 5, 1, 10000, 0, 10000, '8d52c20b917fdc21e399f795e8107f6cedb961bfc676fdd1d8ace7037e73e1d0', 'IeekFDiQkq4xAY+KgKbZcdpqxq7z+DOnXlEGo1sF45eti5QALJ3lWhaeyCUvD7Ax2ogf4qW9JcHKTXs58mSiiSxFEjIvsisn/O14dz/Dj5JfYMDTqK2h5pTEwsN9DzURyMglAT/MTYAJQGAhY3Z32LZiEXX4CHh6Pr+LWvqN0GKqrb65AiFHMlqJ70Rxb+PSDjt6zRRJ+h3lR1PUsLTA7Y9uqr08Pvd+7YhA6CIZzSiisWByBRIjU7aLuZOgydFDHhcnO26xsAAAqiEgJU85EIL3MYTcOEpH2brnbR27takO0DsrVpRbHZypgw+hQbBfyh/NySV4vcxiE55IRtOggg=='),
(195, 108, 1, 1, 35000, 5600, 40600, '6cd09cfb5d1803a0946ec509f55b5734d69775187c695cd3325f8f5d648b48d2', 'KwB6C0/MW1bVKu+30Ecd6ndcks73Li9dCoVQhTf/Jv5LodZ3i/gpQ93QpzaE8BOtq7IiZaw2CkEBGglgC7q0OJz+sit24jim04X+Mz7HHTfTixzlT8/4qxC/Md4CPQu6o1vwgB4qJj1L6Q6Pkoc4Er4uboPJY0VOMJIxIt6ByD7X7i5yF5KtSeunnqr9fzBuzb/a0NFEwwKLsXlK8mcnjnmo72HWnu64leEMwXeu02jmaKYsjiYeXuLLoXNJQuBTnrodPjxpR1HPTCkl4L+GDQLe8xfVnxfGVFvqS7nxJYFJUXU4XoSo2ocKls7V453wkmP0dRJgd/wOVQl4kiqcmg=='),
(196, 108, 2, 1, 50000, 8000, 58000, 'cd8dd1b02aa89826008ed306345aa60f0b981769cf84d99b8608ed1c6201c4f2', 'f67LfD+pMQsMz4wcBimD3UrvRNNetX07gEdbTaJ6vJkYpPXXNoWbuQdejcP6/ovztD+cOX05U9KWh7BErr4nApUddUJwR2TONUi7BTDqY6S2xtGI7t8xHrejiglTL5G+xmO/KE7CZqDIYHkqgCEfHWH/VRL10JJdhBY1laulZm2WQEqBXmi1iEwcNTXDHUDAtrpq8qYkBqg6Drl54yV2+QaTC5M7qQtRYmAGXqcS6toD7exYhHhdqc5g+yVXlhqbLVhvjCvRqwZ9FlD7NZQ0j4NkEiZiKS0VZEnNBfoG8dwbwibmOqdnRoYrPJ4ouYkpiKXSAru+eKlb2U4LnFmyeA=='),
(197, 109, 6, 1, 30000, 0, 30000, '4aa4e0151abaadf7b991c61a73dd024b89c9da289c81c142f439095cbe2224ca', 'H8dcwQHXwbRgvQ3BM3w3DfRBHfiqj4KuaVKnyRxnbr5bxJIn2hjTSBc9s2DByMkceKc2Wh9GMZciEvLN7yC2CL6JJufmHyUzbmGEjb43UV+NclWchGoYn8rdYitJglHM8rxFr4j4PFLgGFKbn5fRDf9kERpThIvsLrJ3h/eopV2Raj741sVSDJbQLZ1RwNne8Ellw5KBto7Bti9p/NeoE3zAWvVAEYdclkeZS/RlCcrJKz1PnQ5TS3N2UWv+andUL/g1oD4KzM7309L4Hn8tuOSX54FHjOLdQyM7IwAY/fYzO6PPOcZutS8ZF2N4NEayccaeysnlp/9cgSqwD8aTsw=='),
(198, 109, 7, 1, 40000, 0, 40000, 'd3ab55da48f8b7496d13665bd5ef2098f0badbf974b79d905727ba6166d4e346', 's3DQcEfrkA2mYu006utqGdqirEbJWrupVYXyQQJcL4RX8sLcI7xcKA1QHCdGDcgxvtsL9LH4FQ0wCVHGFD7D7yYQkAD0kwATwfxh4ev2M2D2QkPlD1aQ62P3PjjALxzmyKezHMxVb81+ZzTv+Wd9gHd4eOcB/cOrB8L7MaQwyC2aj1dL0btZXxlT2Hrlb8UJu/pmo7BMdP1vUYyfek0NlBktA7qwnk36j2FvZSlTfFedSySfg/EoRYk++IAKq+e5CeC6lKmOywRQmIe4Qft5WpZqeKmasQtZofQDFg6r0knpFZgcAe7bAtLKFk3DSVAjqX0+xwAIZMwJIgZRYMbSuw=='),
(199, 109, 4, 1, 20000, 0, 20000, 'c795205aeaa186aa90f7c4be7af70bee9518adb75105787c585e478bdebaffb3', 'DcZcgEFf2ewVJpTSwByoB1TR4hXjtInUPVJFnLlft9o9jr0d7roIymnt4zmS2Z3pJ2Bi9ksAmIr/7wpEFGpzp9kvgslHXjn3m6sV5ZyRp9A5WWwJBfvKtxnHACgOJluwoFsqQbKHav4NPZl8Q+OZZPn3MuKmpAhkDKKxUgIls9bt5GmWYuYajLpsZ66/inD4Wn8zIBwU72GhyoRk/df6pQcYmGW1IDo2oxBhMv9yTKwu6ehG6kMagMq9YDcM72a9OwdvCmzWmyGfxqrLCzxBtaC3HmsKqb6GzeVN3qLtUCFi6TR/AuSUcbJ+Gy9tCZiw8SODjND4GF6jra0iznBSzg=='),
(200, 110, 1, 1, 35000, 5600, 40600, 'eb0779d34feec13c776938c5368aef3655d66e569bdc8a4ff2d9a6f29dbdd090', 'cFFE8eOGOPJoBPybnxufj5eajmhsmkZzxesFvbVKxkLIum5vX0fbnd/5EyRijJKQWgmpaCAZYBXw5GRLmSwGckohchmIKfmAOchCYVp6MJISBWZbr4dA1z6nKwZre/NSZlytCL2z0LrNX+wZlq2ygYpUeyvfxUXek64Cji/BoEOlRmMfnEU+yFX/xGm6RFdsyuCEgO9KJ7LxO7lcWYi0y6SmaOBY1DY1RBtAJNX4BsUFV2MoodrOZGO7DZddBgm6h0k/9o2BEZkQpGwQumDb8DOCFdLagz6S/qOUB55m2kRy8EYJoWOeGbKLzb+od2p6GWFT2yIJoUu9/ZMUust0FQ=='),
(201, 110, 2, 1, 50000, 8000, 58000, 'addec999ae173a1b69572525383859915f17d60e1145f53d9a53f57a9e4aa623', 'dUPvz2Wp46CXZwvhh6cno+j81vMqJ2SNYOrEb/61zHP5KUzsq1Y+VYPOOVROx1dHpJdCFwECLYKzdLOW5TxEC4uRNH8zA1WB/p9+E52fLw/PXpc+HswinQa4waj0hth3lQBn9m3CSpLa0JGM8i+V3ddiHNOp0aYNnooHiu4Y+rdv7A52BOHxa03I2lhSqnYQmXqazvb260flG1BcG5cZLn1hZVEgHtwFQYNHNpxlgdybDS24RBpf5ko1pr03voIxQG1f4Jr0JT9ju5Skw87IBlg9SKVtCvxQx6Tlxw2ivdcNMu103qRrTYhlwXitO+KTdjRTlt8lKC66U5+rPTWn3g=='),
(202, 111, 1, 1, 35000, 5600, 40600, '5085d15129337dadf4b5372a239aa47724626ed69e17dd7f0a54e5b9aed53e59', 'H3VjEVqbVubrPhl15n6YGbf7VMqm1jNN8lG6lOyn1BFixjpbzj1RnuFvXwifd4C8rAvpo2mlEVZ+SEzb+2RaXB/VaScLcFaUE0uh6xLznsSphCdRi8b/GwMBvCMsTrjGRAqetXubKBAbGj0eaH0dZyoXGAEIoCwLO6E7WMU6hCrPBDtLlqd08O3imD+TnxS7U/gIJ3XO6Q0Y56B+zo1yXAA81YM55IIoMDG9863AB7ln7WUBtkaodUDWGkku9oWfCLvnOYzdG0iff9m1YP/4hG8Sdy+McPyw/onYIb/H2vaFlIe8E8H/ATCik2v2xLVSPOS8YcrK/Nu+5L5Lg9BWsA=='),
(203, 111, 2, 1, 50000, 8000, 58000, '1ced98adce6538fdf7a4b598c7ed12ae59ffad6f2697593a54bda23ab0c0409c', 'I4PxAO1USZQJVm4QIPm4643pvUys4AaK8R/rBwPC6uC6Z+ceimj/gTEA0K3w+R9/AlMCyrkpmknLkv72khCL1E/LWnc8Cb81MbqFuQMreWeMIpGvNapJNmZv3IPz8xbJttf4SMdT6lZOPyOngYSMPksZMu6codpZMO07GVf4gPzeGvPIRcv5Q5CV1qzGlLPQhdDxops3C7ZQcz14SGJU/heozQTqspX3TYSLk4LJifEC4h+2f3ISC1G0WTN6RBDnfk24WcbQKNtTWJ1nP3Pi8B9IXMMtjl5Fo3lL5YOJIJq0iLCwDQbg6RGUzgi0vPhsGirfQ/5mu157Gnxi737nhg=='),
(204, 112, 8, 1, 70000, 11200, 81200, '01a47cf1da4cebfa522d5a5a89129c1805a0a2ad5e78537370f6341f7f31d32e', 'q4Vhs3wV4Pb3DnxY39uy7lxcRgC0s3rUSgKiJRzmACJCQCt26OKZ/dyt/e7EGYaCKmWvAgSeACiMXT/qDaE3GTvB5MolfXXO4Ai899jNe7F+treJYfIcDRVghkeojweiJ09re53xQGL41xy5k+tfRDnT8Z4hZ4RlxIzQkOJivG1biDjZr6d7gpbCzp22Vb4WfcauO7I+/QpkwW/eUCjgG0XYrZrBe7bbA8f/vfn3YVmJDLAorxNRrCrucO4Ox2Qx8T3fkSPpOcSHQ3O4RdCr/DvfLI2J3WzFzPzfVeG6X7Ojn4Kd7DdkX/1IgZW/vl9T2oNlos3DCwm1d+9X/GPEIw=='),
(205, 113, 8, 1, 70000, 11200, 81200, 'c7bbd1a49f327f3059baa0f72327dfdfe5dd8ea368f8177df6d4d2bb1d678a76', 'QKpZwYTScj16kbIfBjJSLcpON2ratVADNWqB4zaNq3u9niWC7ZtppxGUbrfNFE3b2HRjWWFas3qVU+x7nPJPrlI88uTtfPzv+SrUPYzGddTHkh3r/1ZzjQtGUk4qkr9OSou2XZUjbxE8kWsABya/9h74cmdU3K4dhS0U+TDvcXH8Ec26dlUUaeWq9Bc+UciGIjAePbZsQw/8wUIJ+vao7HTwVpDyDw1MHlg+w3vgH5MJNxwgaa5cwErJ0fouRHUS70Pd8LrP6oBv7aysimcqoyZBI/s4Uqzcqv4oWxTgGvWtYIZF1SGzuAR3Dvl6uIchry3JW15bqqvSPJCgSubk4w=='),
(206, 114, 10, 1, 20000, 0, 20000, '1a3e6af85a9db0136807ce261a5aea29f23e18e7384a7bfbbd6834cb5e205013', 'QtR+hvXfnsZH+hd77nzRQTgCZ9Rs+CuzpH4XMoxY6x7jYJJN6LeHY3i41XaMXvHnXjXoLK6opwyMAsun+Z7WKhZWq8NbT/cd0+kyKhsEPhllu+yA5zME5MpEAMRQyUxzLZyDDACMscHhkHvylqVzQOjwUnkdriMcAKzLqmtMi607b13zpEXcbCd4uathLVG3Qad2QZUhPgSP5cCJhbAOfOCEqmDdyzz0FEQNKfEa9iBA1a4K68QnndUzjmX8RC67vWwjeNeUjBoBXRKGRTmX2A4in03z6Y7E6Xsgv+ByRtuCYwBLC1C4MSPyhFru1BA45eh0glgG+gfUf73tzk1IPA=='),
(207, 115, 5, 1, 10000, 0, 10000, 'fb64262574a7231600c6b6aeed76a4e27b0e79935a7b217f088d10809c86c926', 'WqKRqr+SUOsxuJHm0XiMJYoodmNNHZ5ZIlMnASMN1jblX4z5g/Lv31jKWYNdlZXvLsng9pF62zY8VoJ5DFNn69b39/5wuoIEp8EVJl/aycZYN3sFcSzD4clWUMAoaWhsC30hi8R3MMwGFBIJaEcSY5ES/UQUzXMv75EGwztKxDk2YHxdiQAZQQ1IiVmP5C/ndZMjt5dlCyLBHmQCB/cG82uM5582D1Aqtqinf23Y3NVxc2DuwBncU2/Q4glniLik1GNsI5o8qLFq7ER9ndXskhBQ9EypeE6OGOcZeSSjSFpgTqX3CHO9YV1XGUCtV+eB77yoqmXfubPWzMT8crLXCA=='),
(208, 115, 4, 1, 20000, 0, 20000, '11e4109308d770a60d6ddbd2701d763c6edb421c470ba8657206e049186c0e4e', 'oZXEfy8wqnZo3EISjWr0Yt0/KEir5UrFzCvUTce8FjxH/XHWlP/ddA/dsdhxOaod9EssVJmkBH/vNuCo4bFydSrxyDj6z0AGIUw4PX1ktvFTS3dJl37RnTZzxcUX09TEDu1ATlqrZsOwrqOVD9SRof9WAuA1Ccbm07RI27B4yKAIVnHbFcHmn+IEzw2NZ5DUp+MFgOwe/1ZJZcf7dB/DzE+dcI9mWP0ZycIqx2IllwoPNMxxirZa2xamof8EGQypQwF5nMJOlauYaDmwFYKogNQvmIWdfeKmj6Ds2jo5zVTLU5ZdebIt69akMjNfDCr9nYA2dOzJpmaNndh1QYKwdw=='),
(209, 116, 8, 1, 70000, 11200, 81200, 'a3bb4a64151cc4996613118b52f1f213c2a71c46834b7475f265cb5b9cc724c6', 'BPbvpq+PgtGX4AdX8GpjHWQJAJ71KK9p1rpl0ssOSBOZFufu7uawq5VJQVOdHOIwJ3CUS28Fszsi/rklPjkl9slV/nks6dVB11TZXnrWyrnVkSBPV481BakAoFO/MaQXBnKMOpOaGZxnxwXSNa/3pl0Dp6kSj4svWmaWJyMIzFAjWxqz8xKTNy6tLMYS/6LN+FuAOfd1hcxrduKu8SDm9t21H8c7ib/d84HTZD3v3BO8L1eoAFTxRNkDk0pX3x6eiHQ+QCS+liF8zFZpCSSE9iCS5sJtpGHZO7fE3ftoIUZmBjp9QOHK0rAsAWd4dbIwd+YqekX/dZvEs9RjVAOHgg=='),
(210, 117, 1, 1, 35000, 5600, 40600, 'af34c578db2d6599fdf3bf663ebacc0f432926e37b94b67f918418e646f9b897', 'ZEh3W4ydftGYF1piH3ITDUbtMPe4XYoexfhI6lhKqKuRuhO9wA47hLslWx+BFmcKCiOXcRrcPyapdS9TjfwN53Krpt9HkkwiJrYBkXrEnP+TJyA6PiaGC326ZucVmOqsw7ZwikFphI5P8WzM6YpLprTf/ygjObGn/YAXmgyMSnz+z365ahJZtTzM+FDlwZLQ8THIlH+m0izYxP2Qd+PIuJhOQSTLO0f8cSJNdi/Gi/2Q8ysPmTeMgavnwaD85lPqT3V6E/CAHRK3VF+grMUkKHxzjZaDfzJuBc+2dHti6WyyKV3QhUj81C3PLXnV4jS8iwdqPzy6u/0gBOTp9pyyaA=='),
(211, 117, 2, 1, 50000, 8000, 58000, '276377cfd3c36faa1c84bcc6e362c00a0b6a217043828185bdb45839f9936c04', 'P43yMHGdSHigP9q1wKjzcWb5FF0BXk0gr61e7pMp3tS0XaKoEbn4XYcZCoqIk876TI5rguI/ijKuRp820jmqsNPaND/lZGjsTMg9DwzFJM/AaacgfjEsTFEVrSXQ0f8KrF5fj74UG2E8HLePXxck9VjOOEuLXy5Jf/eAUCOWq0pJQjQkcCgXhnXPtmDmKVOgRXq1ydIBvxArMpSufczQ6eryWB9TdHI7P9RrPtiimDW1hWyaozgAPz28lpBljpnhnEWYY8pBI2tTULI2nFgTJVm2DHFRGB1mJ17ww12Pf+x5xVJqKMr/eGixPMne71H60Uc1sb3rMpeVDM3PZs/cqQ=='),
(212, 118, 4, 1, 20000, 0, 20000, 'f985633a4b16475d945ba93eec6b1c8817be9c3f089ceb11ba3b82d0df01e5bf', 'VOkP5mXnvPeeo03pbIFLM0sKb3ekFX8LB5V5uyBIXBQskXb7tApYZJ+NullBQTBd4NyiQBSXBn1ugaGeJrxhH2PEP9WwLfIgSbLTmthb+aqo4nCFVeQcoL9qWwXg0ZVd9Ne2us00TK1J+4NjkxVFupZD7dmzMlsTIjFfr9ydke9XDHrEjnt2l+9v59wGrv8+CSsi3cp6rqioshWELZSADQtNp2ZNWWw0FVrRvIu5UtQfq4ZQGI1+FjgYdzMUadoRJc7jz+biqlLRtYz4q+35vQI9hRH/EAJnG1FJ/qyXLwhJy45nassxevsy/2ESGQVMj0yJ8aGGk1/2PyK8gwzvrw=='),
(213, 118, 1, 1, 35000, 5600, 40600, '316be9f906ac45dde829efac488ddaf5539813dd6377c46fa0c964d3d7a5cf6c', 'SkM43ls3iK91MKIiP8QGdpsyAlaa3qRTE7/hJLyBAHTnIdVZWELSDwCME14s8/CPc9E4Kig4yhsaXR9NXltU1rp2J4JfNda9hk85YtJHXXOK3x5kem5vYSPUVRt3+nIF/NtkGcHXCwIvUtLYYvGJchtpv/z9kMFbaWcOv60vP+P+q1g0l5pdapksrQkhi1lLIz+PsyzuXQuLRX3HA5CKrn57n1Vvj29WeqBvUQDDTKv5t9mA6TnnMlsuiT2WB2itgG1Mw2w+BuSlSgAeSQKjXFCOLbaSmp4a8YV87MPmA/oJZ9J5lWoNjpWIEugQKxLP5HUrTZ36zyhiUFLoRIF2MQ=='),
(214, 118, 2, 1, 50000, 8000, 58000, '0d22f43a63e1557f295d6d02bd7937aee1a33ea70ba6bec3037171a0a8477870', 'Xl/m0yAFqZWVPClg10ca/T8ZbFlxqHYszopcRFjMUbWCcRS4qzLIHANzxLMcYS483hwKkk2TxrXvB0d+rqk2rV62uMLiQ/z7/lZuSRTb4BLBys6L5vLM1J0qgrdDsv0hbPFRuHxUxdTC2DGMet/CQNb21HkeB5AcNK0fppN/P9scpzAjCneP9X9pwHMeLZgzaZxfl9fphjPVqKq+PH6D30M6nX2GXf7m0N0T/vXy6/Xcq/4fpz+7U8LU31XIsGl5yLSsY+pLoxTkfwY9zvGDayIEY27aCdLxSQvpJqgulgk6itdv5ZB/jwmApT5KhfS+URRr99wd8aCjXsfol+ollA=='),
(215, 119, 4, 1, 20000, 0, 20000, '7fc01d62f0404e460f39c00c093976150f638501f9a298a0ee50aa590080e327', 'cKu8zz15y3UnErKC4853/SC0RJA0O+5AqYdcMy/ns0pI5l++m/55hTxMsMvg5zzk6PMjXOdNPU8qW2A3bnqfMDJ+i8WbwLoF9+0MYOw3aMzxcAyhnhj0uErBQdFdUElYZHwGJWxmXBJEk5uXnwK98iH6OzmmZXiagDScsvQgdXHIc8hJfAqpMj6f9xFKQc9fly0Xb1X8ysw9Y0vP9RDSC96dP3vjlFoxgKvTac0RN4oJyFGTbYrU/qMoBx48Jayy1tqVe1Ms8Lxr227V0TyigDQ+S7lvrLa5WNSURaisEuolWNiD3OKhF2t2dM5Ux9sn6oKIM4k5o3/r+kf7HwuCSg=='),
(216, 119, 5, 1, 10000, 0, 10000, '8534ad758a30696eaf6403436399c7ee90a610e115ab4755e9138b5ece9ce55a', 'SqJGBgqysemYp1kMHvj9vXyFrOP/NdPpXaiRHzWu6Nz48+cfnr0FF8zx+pVVRwHqz7grBMjansrDAyEcJQNI86Gmnqz4FXwPvsxJ5MoainaYZ10M5SBrNROeZ6GYyEMTFwFldL4nOzNbN/LEc0aBxqeGZYsw7AXyv/c4GlXoDNK78RNz1pNxcFr86pJ8MaPgjgMQiCO5FMKZSHBR5UkPepTpdOAOvhPuNtldb+MP8z8i50DRxFn0DZ4VmuTtYoKGCaGZNutu4v0cJQObprvvhg/TcSrl2/KFYo8u1sOFrpUcPPHU3N63sSomIJFpQIOdPlB2b6a3ESH1MOfRNjezNg=='),
(217, 120, 10, 1, 20000, 0, 20000, '3241db4c5a2cb418a0fe1efbee2529cdf1040468b87031c351ff326e1b53d792', 'Pf2ogmRsgd15bBs0hq2ob308OI2FxPAvrix6EPYCxHIVKo6jWBNrRuR8nBSmiaDI9D27Qq1IES9i8jLVYQBlIo7jhtVr007xGIE3NUr6GAsZu1t0Kp4ceDP7iFQuDtx4ozgro3ZkPdLAfPDqpqVGFM8gHJNuCcSFErLOB/HXACNCXohAosnIUVVwt5nwarmynatF10SOChYMtzRlK5wkd2bpWQQ8AREQGsVG7jkfmuS6K+GVQO3vtXgyMhXaXBf1BRV+IyF18Rc0+LAiH2l3pKvqYDBoUOVJ9jrT+ChbY/z/Rzs8PWfsp98dB4j5JKOfmepf3aKVLZ/5zlOsXGCbqA=='),
(218, 120, 9, 1, 29000, 0, 29000, '24615048a892d566aa82a96dc367a6426c5151ea505a6493db57861d23c325a8', 'VGjtZgTHmuYIR0pBk8yMPSMac+vaCz5Fm/skSuADif8Q7ZWCT/PesxgN2VGfuaV6XTx3XzLbHeqXazqgYX3XIsa/msamD5hQ9rC5HhsdyqRRq3vC3IiX5+4lj7MwxQZ0hhQxsC7WQvQWTGpKgaPmLOU73bdFsaFvw9+U/ndU/QFVQYxa0sGVJNqfOMcFMeqMcaReYngMio9eZDwPbY4pvI7bKVRNIBsFnEZbr1ONc3ZcjPZQzNZe9pg5CRB/JMAQX3ssJK29SjXlmP+82aXNcrV8cINBkIIKCJWLMBsEGtY4zMk0y0+XdygJJm4+DwERUo8m5tejaTbwji5GvMNc+w=='),
(219, 120, 1, 1, 35000, 5600, 40600, '66d4b37d9f4ecfdaadcb27fa7bfb359b23b4e6d8ad09fcae8734a9b922f88f28', 'b+Yk1CMGapAcumbMqD3mXodEWqcO2G6Dqj2UPSoQAoHuT3kfpl37RoUEDeeK2lR3AmcR2kt95DGsfIMoz9UW1D0SnZVC2c6VZZuGDZfMHMZBDOufJY8vjLvopQ6OefP7I8nTRYQdq5UKaRG+1VwdLSXuo2A8JfV31ETOWM5m7RytPEBz/n7XDUVpbzUxKTNv4tl0d09rx8xqp57LBYpOFJws7zVMkDfSvOy4J/sDqi/voEXM0I0pVeptNQg3e2g7VPVrare4IwYV0vJ8RQioN2zEIySdGUHWsS6wK7QM1aSzu8ArA9TVGvU6qlt2mBrRGJrknUG0GCwek856Y9zEaw=='),
(220, 120, 2, 1, 50000, 8000, 58000, '1564b40f5d66f72e8295fd456dfbd2ad14daaf8ad153b4a4e2f0107347e92762', 'eVnusYWZ6L1XM7CmRMEPX5ja5rGeonotWC2O5Z3V8xClbQik6hB0/+r8rnPOYRPPx/rny7iwvDBfVqVU3DBjkfgQJAKle3At/QelailfNLKGwViS5S7MVNRk1kjiMSh3Oy8KrWR1sAM7qdW8X6CRZBDRlwIV6fHBNwxJ5l2l7bAn/TrgzmD1pJDwZRuNE9oM0Y+c4yq79gMBMDyZvepzorGl4DZ/7YmuGji7EsouCfVFhBmsE0MP8rO7zyCGkuuWXVoVA6HCLvr73qHLQSZm0XQth+b84p780yX3YYK/XXUGE69/4FGhULVlNyr5Kd3EDxt5l9k94NV4WTqq14FxhQ==');
INSERT INTO `rubroservicio` (`idrubroservicio`, `idservicio`, `idrubro`, `cantidad`, `valor`, `iva`, `total`, `hash`, `firma`) VALUES
(221, 120, 4, 1, 20000, 0, 20000, 'dd1ecbb5f4d936762c93d30c511bf61d5bfb05837c3671b1de1367667a6971b7', 'XoSLEneGTcyv1+gG+PRYB1A3rptJ3Uyi+p5FtRxFsagqIc2X0pv67C2zr+Mye74SlR1yaT/pdxm9L0IVan+OPZ5tznUcY+3PxWBZwS7ylVLXFL2+tE5Um68BmhKtzDQ4qN1u8tc62jdxHEtEMe3F+yUrhB8P5yRkhjSUFmUL8qSPYpAxS18wTu7Yg1DAHlFNSK0/WTz9ZH14IBpg7uJQoeD53fd6Pyaevy5AuSug0jMg6KRFZaxFKOsTkD1cxvyOY49CVyhgE2B0XqRbQ5grZMqzKqu/kU+Vu5LNsFDxiMpWPhVH3dgkCPy0q4l52XV6O19hAxRmbAet6XTzvG9EoA=='),
(222, 121, 1, 1, 35000, 5600, 40600, '5bd17b1123aa508b3898e98126363242627df03dca6c2b579c8c63b85086409f', 'N2tzdLvrKtv6Q5/LLEI5MMllWuzxb0HgzkVgK522R+/TPTwiTsOQB2dkhpxGebUYyXXggiS/bWjtoxMI3BRbJBKqkgj/DaqE2yEdzZrEli+ADvrZr4MdykVLEuaqTwcL/od5LMa/kcIkdXDpYN2epM1tYTYF/UbapwAp626ZxFqhWO7fT5R4feGwe2DuQk39735ja91kKBEmhyfzAr70p7Cnx9ZFIkPIfzZ9E07oEULBs1DZaxJ5oJXGmAyN67hUy2X69lBZeb33agHQ1J/OFhSaazCge1ZCwPQrQHq3UDLfPy5EhVbUOEhKbmlP4ekeQqOcWakVknMo3J2W0iE0EA=='),
(223, 121, 2, 1, 50000, 8000, 58000, 'fca992cc845d947c75673666e64ef2c80251a1982622967253ab9445e2e0179e', 'XlY+eDnvIl2TPlBW5PdCsaNuV9lbrIZ0jGjXMtqk73mHewCMKBHrlJevfwLFWde94iHwBGZaXcFnSNgH/3F1LclwIXmp216hXk9hHSe540BYiaaJpHHneyylyda3PdSeBuUkfYngXVMXensKT1k6OZADU5BffZmKz62rC3mXdOwewkBSEK9VzxnvHMNxpAG/dK5HbYwuO4PuocLF6ewilRz+6aJWzVH1ejWbAUyvaWwYz2ZNOem7RxfJkpIEXTYUQtE0mB/ShF+Dh1Z/7ZCDzZ+iLX1gvYKnu7YYT0zuE7EjYe6Vxgk3IY0jPK8FVzaFJx4QEEldMDTKxEpXpM2DXw=='),
(224, 122, 7, 1, 40000, 0, 40000, '5a1e7b11d7d9ab27ee86ac9eafdd41bd898f3297d139daa447cf3715f60a7f1d', 'HOenz2WMXxikZU2qB7folaK+4CzDPyovKbHSu4Fkld0qgWq/taI1pyb1WuTZl2osjr0MXpaT5KRhrAS7/Mwwp+03ZWVgLH5LWNHWKYXoHHqAlNpsaZO5ecRGYxA1RiyyRv0ZZcHrg4GiqHl0jaZPu9Vo4N2GPRNl2Yar+knTEFZKUXYsrIDLYtXlp3m74GyOz5sHdsK7r2uNgP6rsdSeezVrd9sqokJS4B9dIObaZJb/B8x+mPFFobA9R8IlU6vLJdJkKb6nqvgmP2d//oJA1weiE0ewarW6ZjBHLSW1q4sBH/5vup2dyrOJf6ZRujQFrGYlLEbkUf7UlE2wRcGqhg=='),
(225, 122, 1, 1, 35000, 5600, 40600, 'f696094aa2c676d78214022ab99201cd9ea1fc6dfe6d5fcddb3740e2b590ef92', 'lJP74O+Z8n/R7n6uoSLTEXifyYgNxNb73hoYs5ywbUDB9i5PPWaplR3dwPsVy9rzLrRvXf5M9645o2LiOQcIQiRKOOgZKHg/x08yLuQ+gOSr1EEriA3j29uZKWmje4TDMlPK96idrXgYnbvUQrxCc2rYYbVn5hzTrFASFETkFxgqco5FORH8halBl4Ddx8+dkBrxennG0R4jHH/UjQMV7b2jMdsvDWgkzONN2XXdm3VEZn55ZABAo9rQ2pm08byobfYrBeI2qnQgqnge7Lps4lcVwA8SPTE0tWRZ7eEREI8MfxeJFErfGZL8wunKdIzl5tDBP1MRPZRJXufhGl93cQ=='),
(226, 123, 15, 1, 20000, 0, 20000, '0dba8923635512bfa7119d13363e5896264df9155653a9624e318c481e3a227b', 'Zxm7DOlWxD4wfjbhFnEsZgqm3Otevr5iqvbPyW2M6ocVHAjpvC8KioS+/r1Mf6kKrU2OHffpDipVSrJM95vAHVwFI7tDprs6DtaHxf9jHPGP55BRFKj3e7Cqm9ixdjK6T+aWW561vSv8E1bjwtj5zrtHtog2UHAPGd0xYBMG8gON8xeCsLgxXBOHU5mIYVkfvJZvwTkP9A4lvQbqAAzB12xfnjnOTlBTtxWu7Lhku0ofDoORVAxFW9BpQqi2voO6WF0iGVXR7m+itMj4dAcK4uj9OII24aZoTotbwo2NYdsXgQOgNiaVIaXorVyoJNzH2YwbpZKFVSOXExowCTvSdg=='),
(227, 123, 16, 1, 30000, 0, 30000, '152e7935d5526f99733fa83fd7fa382f5d9084950d7ead11db8f32a34a793e1b', 'V3kUGuegw/f+qFexs/wZHFuZovNYux3PZt2ICN9jmUpSMlGsXl7TbS9H1FKoXb9RdwFepkF91rBnRBrpsM0VQlgKCHmiZA2NiOqV4r/RBeGhh8u+yCDb0PuZ4FOua9dduX2P0ZcjVCp7gP/EONuBaF678YgW9sq/HWiZDIycLjZI/jv393L/+WzlLLXnaNZbXnpyjrD9nxSzpGfA9FzsaKszgaGgln9jPxLtcR/r0Jbs+/PD0xjlX4KY4+11QKHfLE+nN3RUk09s+QhgSNq2V2yBmlVp9WCJw07yx+riu0NaeRLSghFu8GJVZwTq1vGteZU8BVZRVB+vcYTlORcX6w=='),
(228, 123, 13, 1, 15000, 0, 15000, '6c738b3f4a9b66196f83b9e00fd98ade27e1f001dc8e97cf10ea3183c0019030', 'uwQ5zZ/+uFDskVtfbYpjo906IQN2hFi/eFQxbig6mChPZuqgK/HuhV+jBZmuVLsjpvzxaD1FLQfRrMJyQMAqfwwuQrDnf5f/GuWRuWxeyC5bgHv8WU3hoKHz1K/Eo/YfirCfbIB3/IcvyHqLAqKPe4Ye79dJl5UJSfjvFGU3V5E3IxE/C9Qbswfmbohj9/pGkW9EDvWehiP8rXW9K5QUXRt7Jy8rnEbIcNeyJdCUmmnnkXAzPPOVNnvZgCzrrJAyaHw/3zC0vBtm+BoPQuFvp180rV6QpTdyfb3BfqpcXbFuTCmO6bYvHaMYTBMeE/pw0zQ4JRmPX2qOIjdxZJ/BJg=='),
(229, 124, 14, 1, 25000, 0, 25000, '694842ed394d5387ec679e7d163fa93d0749cdf2fe662815dfb52d215a9b4372', 'V0xwSFcK0+oWwfzszIUuuR5zDDyjDP6j87arFH2Lt9YWsHjo1swao/7KDD7/qMyMdEbqnG1G7ZKLyNGWWlZqEuhARNyq8V7Ye0O0B70pJ/MfxbCo4s0f6deAjeHj3261nE7CzdsESMM7QRp/Rue/x7JYxLP0Pzvf/An0kwNE5Dw0kkR/HGCoKwM5j7qroFEozOeGeDQ6Q78nP/TlsCCCHmRshXhmoZsDCT7x99ETs6Rpjn2PR2NmiHI6+UdZrgcT3bRS2MYpBjh5eprwfhyViaCvOxbYAWfqjvn479SgAgzuePoZmA6DCkHpsk2EsQ5xJ2U9afZ1cFh36nqpADEwcw=='),
(230, 125, 7, 1, 40000, 0, 40000, '64ee30162d7739f2a8f0b90d7f9ea19e0e714edabddd4df8ed1ac29dcc7b0213', 'LY5eye8FFse0JuRt5TNefv4Bz3xZfuzLXhw+7KUaVkRzrZk2OtVH+U3jCbROENJmB5Ibjq6BCm60xU0ZHfsHh8iHa0We+Gn3nsP+tK8VF0pDwdobIhtwZW2a/OiLNozEvMHKrW70YGchh0P7yNTkTU49aauaE0dhrdzLNUCXkgeSxZTTHNrNqm5iArS3Qarxq0G5ggcHIDdosOZkhxvq+IgzSPHxfzxbX2a52jtuPevM8g3/qHgH08dCOEfK+IWiNx4i4NqDkLcY5TkDKnAiqPx1+rEtVztfm6QZSWUKMKEjal6HWM49bV/bnN29a21c+I5Ag8ub4mR1VaMqz6JWrA=='),
(231, 125, 2, 1, 50000, 8000, 58000, '1ed9a14f24c79b5c9d027288bbf66a2290f9a158b2686c4cdfef6e56f0fc1703', 'QRI+U7J7PsiYAAlHzHwu1D65atjL91XOgMh6CrkUS6cuJfRdQTVVZ+aWc1xiVUNbEQUjFvZgxWM0kN6VpjluMK7+Rm7rcRbYGEUubjJNyG6WSnLJiNWEjzn7k/ruam1qA91r6HgTwWz36C9NroKsCuVo5ZLRoeKEXUvMUj7lL5eXBCz7ZYC1RRyiiC43cKDQjLsgvbCLLM5PQGxlHJ8Izft/lJJ+stxDaTTLEYR3NKnRuFe/qJe5NBEsqtqSqvvyef/m2p0ppH2ibS5E80RnLS81jP3vX9wiS14tnH2nYJAb9JsdVATRPwbZSRS0lBM7qOLMKXoa2qWKFTAPg+XgAg=='),
(232, 125, 6, 1, 30000, 0, 30000, '1b034009929c48bdfcb6d1831a88c1d75a3a23b4c1c7106a5df4b6c9c6c0de67', 'W0DYwS/Q0VofeRqDOdYxsAH6r8tMiFwLcHqKvEgz0DyRp+2cD2pC/cw774PKxpLqDddObu7agHGMlPGiUKhFRQ35Fd4zPG24joLMtSHNbluwXJLzqxw4Ng1k3JjEN8eKKQzUc3euQWZa8T2rSrZkBpnwhusjXuxG9ja6G+jb+8WmW44zTFum7mVGbQOP1ojX7cDahgcWQD/YPaZgB5VkhHmhM0d4pJU7OJx+nKgqLTK7oHpdAbbu9jI5KUQeLUCbBcYT1lcGrFpw56/5M0j0Cm2D6WGErUETLFJ2pd6MFLXzCsVuqCUPAYiZs5d23uSz3/CWFlMYnz6IVBX++wkfeg=='),
(233, 125, 3, 1, 100000, 16000, 116000, '051b51dd084576dd88bfe2230f1240a66dd8c6c0191520564ec75ea206b1eb56', 'IycFCywSu0s7R/ZhvJ+Hb/fHaklGSUkIGonC9SM3XYbCE02v8ss4xQoU9eIFx05E/8IRPAOkbd/AClaVn3RrsgaYvJqsTBEUxgMSEEvGNyl7Et+ImHg5F1Q7GBuOC+ANDMa4VjD5Ay77k3rO3d+TZCLbeYUmeIAAH7Cp4t5AIepYLt2N0kBwVVqv0MnMR9B0JAY4JtVwhany1BEqemlP02WM6wiCzqM5OdO/n9727b4YI2GBon1nhI3HvR/pQNyVkL4UOdRgcI3iTL8wZjjdN8ykD1lcpa8NGAtGtAP6W/QYwn/kB8xzHYbvGnYONCm2dbZv/57W/v11O0tFYvNQpg=='),
(234, 126, 4, 1, 20000, 0, 20000, '0ca950bce0b6b8de6e9bccc4c8536db6d684ee2672f071140158883f8f6f5c44', 'rIm+t95FldVnWnC57CnrK+FMZsmT8buNl56ZKwPaAF2xM4dJKhfZ2pm7WK623owRsFhiObPZqRvqrjQS6XeUNco3lxAFaVVVupdhFFsRl2NfdMTG8teYZHTwKYCwQ993xxOaOlFetPmhP8jFiASPcHnNEk/KCGlByQIsxtj8r/JoMyUxESg4Gyz5TLLdBM0hi5Pwl2qVzu4FVnEdOLf729ttbR/NDAaWqVmLf9zhbhyxkHs5MN6jlUixCMCh4e9MEhnp5ZUQs7AbuGXWSya4lHMnTjJIs6cIWHnLF1iyFkAZgU4UB4ocUL3aJEfDXZIBzoWQWp40ba8hjcmX42YHkg=='),
(235, 126, 7, 1, 40000, 0, 40000, 'fb5383d79ff177b0407fcf02de6b206304d110c01aa26299e5c52b0fcecb0c8e', 'tTmDdngksmIF9ojaRflaWdZP0QDVqIKr6NjSW1gjQDFZ6RwsbK+U49KWd9Ai5yGimi2Hj5o20wqYnkPh5SzlODnINhBz4/x7am79v76Ok8tD3Ku6ffpLOTiQfnyxZXQfSqvcwCNa4nXL4hWnfl7RY8zE9iOcp//JXqY1GiS4QNnP+t/yjx3uaXdDcKW/6vnuCONZZBHwnpmkkaDPDB9ftahLfu6CgwnC8rpJv/kaijuQB8Np/mkn9LtE0rvQAeb/+jcxv4FnKmRDqXg3eBqihzh8ZNCAhz/DP/3fJvYiLWT6KAn7Pl/X9YisDEFmyXKCHX7c0a5OvhL5mh3xZk0gng=='),
(236, 126, 6, 1, 30000, 0, 30000, 'caedba078b4284ece69abb98bdef8aae712173ce07b0525c4202c576c50ea30d', 'gn3mY4rFGHeTZCzdedk77srFFweC3/FKt2ORu78BsgslVT5Gawtpq4NQiNw2hr2TxpomSXwNvSQ7qGMKrGRIqbCGuS7+QiLtQjiyahnNPKR+ggQZjhm/E5Ycy9tIQ2dPdXkOBoZi1XbQ8eW2jvvDt/L1rIokikStCZMHKLdH9tmGfTRChvVubAteaVBbMso2Z1Mi2IRC3mSrdrM7v6aad6ZrIQKPB32rNhx5TJvX2EdMEjbuT/TbOcsi2aQ8aqwA32KBuOcOh9/dy9EehqdXusdIlYAajVQ8pCw5X8/CYb9f+fpP3U2t13YFI/wtsPMczeBlkd/9ercAiUtGkVSvCA=='),
(237, 126, 2, 1, 50000, 8000, 58000, 'd6711b74493e35b6de789bb2f5f106d4c2580994d410097f06ba7059d37ba058', 'c1Z8fiDqpm7w7HB1Ka0K8o/JOOCKGFyTetNOOOwR/YqyPVZWDG0VHFjkbOTNBkBmAqDxIaEyrO3/Lrjnbop6Xj5ne+fg9V13++B6pzZKr1yvbeCX8dMDE9/gmi3NnIh1xf0BopKRBwQZTTUs5v/rfr00zvxkjboqkLe1TnQWOOwgQPnaOT0Xt4xZkIuglMpDlRJDPoflVX4C/O33mNuE6yIveDt7ywhckS3WNFeBlcVKnBVLoITzryArdrs3Rfz+C+g9tJ/5j2A2sqotcrFfH51ri3mgA1d9q9n5oNf76Z3BwTqcY4TtyZDIo9QhMOHJIH1OaTLclsshVkPQZoYvew=='),
(238, 127, 2, 1, 50000, 8000, 58000, 'e90a4ff69509ba498c44fda0b6c0d0c5c6af685e71c2350f01f47aade5f02251', 'ib0B+Wm9G2WasgxAgHLDaJzswS11KkDSFe7GG1tY7ctn7gLqDgKCEOo4KBn69Yetg2rkm1MlmKEcEhUHjOInl4iv+8xZnOzRCPKtYQpSkZitYWKechaf5FBxdaq/GWZVdZIo9rzTkbhiw1s4U+pgWzBe+7EFnBK30hOTglOOC5bSc9m92MXVF/vtQCGxWv5Wv7+PZTJDZe9Z19F0bxh3znG8ejOi6QUfhCAnPqmvdeif/1lZwiDNb54kokJWi7+5oifWWiwrS3rkLcU2ivyvjwS9ZETloANOh7XjAbU5LDPJID+xcMr1AxA/i7LnXhV5fLQhEo5RX1kcLkhAdErtMA=='),
(239, 127, 1, 1, 35000, 5600, 40600, 'd52e947da08d8808b9ae9f928234a4a383bd5f432bb90053c640fb8e78710eae', 'UjbusfC1du6B9GQfgj61QPmMKk/QeXXbAfXmkZLyP7YahMo7KYOUTb7VOJ4BipvLnav7aJBmXDyG6uPh4HtJniHr836w+sl3ThdBSEhkYcoDbq5ZaIRN7uURPHyO72+lP5Y+ycaJjwSESDoQl2t/utEVIqjRQ7Z9AuzvMEzDnH32pRSfhuhHf4KoAWHftyvWTuK64eZQc4k3XIlOClzz2htlt8Fjik/NexAemYJhDqQKReZKk2buNHmI4CyanCa32RU1vNWKOe/7c/aa2YtLzBuqvvPx9v5OZ1d08Q1YQEMxpg+y6s15WsJaEXs/kVinRt7xRSnvpzlsRsp6Ltqfvg=='),
(240, 128, 15, 1, 20000, 0, 20000, 'adc86bf58a38837e0457dda3186507eae792a2730862bc9925411fde2ea2c2fb', 'HhR6zeimaT2G1yGz6M8iUvddbOYV2G8Osq01SeGG3Za3IUSQwgHBsPavY//XwDrwzr16vbQ03fUOh8VhmHcN2hIKPwrXbkm4iz1nc9kJFXsMUfX5m5CBvizu5NMCrobCqHAmvWUkwTjZP5ENT7jjFrk3U9kQMLVcwMe+5K6eH6PW30vLdIgnIdjVo7znIiRtXe1Rl/4DWO+vEdViR7I5vqIXkxAjrpYJLSwT1AYFimQQSNBoUUbgKH032MD+obhspv/FdP1Gqx07VONaw2V83r/WfhNorp+ZK3eYJlcXWXGvf97FXgmiXIA2j+rQGydJu9xkGqmLn0VgWjX6SCpPMA=='),
(241, 128, 16, 1, 30000, 0, 30000, '9c63d8b3a3744c805d65828cef433cbd63161e88d98c61d0b9a4b9fe3fe4ddc0', 'JtFGoCvKghbjkd8NoQLjph8gcE//dIg3yGzeG2BPFzcs5JF3+WJU4hoRHqGiLOvM2WqloBAoQMtBoWkcKD/Oj/okVi+VL+ZgAXhPKNBNfQdIHYpzt+TPi6WrEUgtN4I1A30vHDP+MtzyIMzdUrv0y2lbgLCG3alGNTUWxLkDAlbj5UxHbBzoIC+NXoTcfiLzlyuau/CovzJuDqKXkJrt0uf6jUThL3niHS+w+KwW5eu73F9Gq6Wbqc+pnlgy5jbFDkNGSJJH31zS0j5iGuc9T62TJtmk+WPb811v8OKgN2Yx5dkgi1SQtkE2KXIplR5uCxRpJdyVkLmEizY5PyOrag=='),
(242, 128, 14, 1, 25000, 0, 25000, '8db4e62c4a405c53c23d2101b6c29cfdd2d2dd35f67061cd5735d027cfb18b4a', 'TPhoqdNGSYpo5YHt9xaRL7odLrAcf6bSYn7dNhxBTWwde1ZClYZ5S7jPAwawIfb3JteBZWTjumpvXOLIT1bm60I6z7Gfy7QQ0z7g3+j3TC4jTW0xiSEsQ8vSj0zLyLvqu2jgL8KvNhogzAfgBcSgM2YTBlRaih9DlWQ3OmezorBWmHQuHoHIFfRj2/HjmYd/FqGX6fBF/7O7Es1cZxPQFH63KAq+aWfRj88CwdSxSpJhlCGOkl7+YSTdIrUoxCXVBh6ekd7llS7w5eXbSsrcUad0tpCJSQHxfnZEEGwNrpuj7aNxl5Qr9JneGxlPuUQLIF/9jK4x2QTmc/cR/FmxAA=='),
(243, 129, 16, 1, 30000, 0, 30000, '62eca2664894f443aef1ac676f445fa722d85febd23eb7f20d8abec4530e3085', 'OkXMGIUXLmW1OQzt/LgMdOxDA4fdUbcf6HN4vzigm0rM3Lg+EbiFlDGaZkqe1JevmK1dg2aEeuziXUISC6j9x5uMiwEjDpUt0HYbhy/B4lbBrgFq4kVZ95VXFmv04wvufbmHm+G4cMEGi9fAM/nbKj44ca2Z2dq35mQ1OCu4FdzKkd3QkMl0Ze74f+SzRX6bDMfEvUUOtWyCq1RcK4BUsL8HLOXhzd+coK++SoOkz4THxrar8e9WBgucgY0FeovmfEmadGhMSpsBHK/lPdonNclk1/DMCLkyCfnM4n/7Zt6mT2uyqWDArx/DeIo7AEibATjfK+SMKFf7AJcvMdYhiQ=='),
(244, 130, 7, 1, 40000, 0, 40000, '728f3fdc6a786984a6bed37539671fa195ce2a438b9ade847a6353bf6128d5e1', 'EuqEZwn9W8MpY9SQcmZTaENPjeZ1Ju65drJNvtdViq2658JO1Bwe5R/0Z13XTdbcXWejUaaT+BHEy7vZYKGldQA5stOJ/QxHYtfF12sfT/uWGyamRWKb5u6+vo51CzJb6gaBsSgiz//v7+7ISRCaP/d4xUtpT78/dxIvunXVMGceKAPL4Qve+1rEpxMSUwRSjmvxKb3benO64Da+EhVUKtOPuFSD8cVJar9iedyUNLlesGKYGfjASqxa1NqRCI43AhiXlbSJ4zOb6fFEecJ5ho7B1uMowsHOcs6QWuJCub61xheqggh1eBgm6hEa9ct/1JH7xJ5LS2kQP+1grMo3Zw=='),
(245, 130, 1, 1, 35000, 5600, 40600, 'a51f366e8c9235749c5a18011b12b3fa790fc8c28e13c0979a5c5b38f5b66eec', 'FHL4wq6uXU9tICrvmlpySOZ8ZeQ7pQar/Ert4TDsX2tbJ/l8YgJV0lazbOtBHfj7czI0bXd68FQtCaTXGh9BrzCU7R5Tc2cLi07dHkQqpc+ASvf6fiCdZLBShlSrvbmOXAn2/YLqIVrD9Sc85/LVzluqwc1w/z8xKD3ulZtv4WDWdcnxYaN29FJpytOVUV3GEpHnl59kAKPgQv9tx1JOPBXKJjkHYgM7+gKqLKlmeoRLxbX9gZuT24Y3k4DdfQQXkshZAKVKOSi66bnguZyX6ysIaApGVQEpVyNiwWzsYvaSm/0rhTVthkwEKnnC7Vs9WYNYffv890mzClqlOy5LrQ=='),
(246, 130, 10, 1, 20000, 0, 20000, '6e6ca069fe718b3b9387457cd8dda625a3f5454f607622b947b23b3626b61d25', 'tbTnbuWFhLlwUK/zswFFBEwX2eIobYdQ7DI+GcUlVY7bZBadPj3YevXIReaSix5pvuXp8kvJ74e2mOM4d9i9I8396kSoHktKSo6AzVYieVYtEr5yPLvckuBYOHXHqepKP3zRt/NO6C0S1X08ftyXBpUvHJDMqVxCeBFlkPHcg9qjoeKeTJvT/83UgpX4Dz+yYkKZ57tiNsmTsGVKFTSoBxV/cUJItQtjMouADdfrseAMpZ9zNCgmL9YORZSE6a2/S2M6dO7cXlzesPFevn7PPM190QwwlX2wjCMlwzj9yE5Bd5U1/mhr1IBk8eM26zUc4PH9Fg+KHii94I2iMvgq7w=='),
(247, 131, 2, 1, 50000, 8000, 58000, 'dadc1b0e1a4be77f6bdc6003bb046e0c586a97b13ada5619e77daefe9b248389', 'tAwi90jX5ZEVCBDZLcNtHocFNeLyZvEjUrNQOhSGb6l1a2xgnlEf9Xxo4qnPvNCmlCV7EtgF2jxGOkchBuWLgVcw+yYQxeDLYvnK209VL/sygy6MD4jXf4xxmhhRL0TSE5MXGaWkfaD5pvX4Zl0IrQaBKB4XuOB/MKF5HkjFssYiSf3SDzgTT/bpScVsdIUWUF5VF0X+5fLs503sj4ONWR5I9pIdorlOgmyMV34B7YGgNnPrCdH7xk2kTWPsvqrVXLoshqDmk567GcFubMgwSxrhDLJfo7q01xa8PGJancRhqUULzFWPO8VgaEcpW6im24EaFoDsnv1J3bnvqU87UA=='),
(248, 131, 1, 1, 35000, 5600, 40600, '08ec9ba748d1f611b6c3f33749a9e9836a550c78be99dab0a03cb2fd8deb5ce3', 'WWUObVnQ3zUrqS783TC6LxuGume/Ajgk4y3ujcUurH2/54nhwqH69qYTpdb/otHT9SVhBpcmwno03DmRXbYVzBbgL1evYgpH1FEf9lFeSaeKNVm+X9YaPcDgp0c/bAIocwNi9bV0F2PaLzFNiwA22QPK22a8FHX19uTOAcq/dI9+2APkvjGPsWTieB1LEYDizdCibQJ5LYlh1ur20zeIyMabOduU6ybYLkw2Mr3V5sQnz3XU5jznIO9nTdDm3RWDTCuQa3/6SnZACe7udcxRjlDtjOturiUKZjhaAmeEVceiLlbzHISwC4bLVahB8vOTw/3fjP+aw49KfuJ+VvVzpw=='),
(249, 131, 5, 1, 10000, 0, 10000, '5700e66a4ec543d65503444d6a3326c63d2321fc7580a1c743a776dfb33d2b66', 'MEbsip4zrtcFsS8q4WsY11bjcsWBaoqHa5zvRQPnUkzR6nDWmmKnScG8HY72PrJxXzUt7zIzioxqOES9WDeHSKf1cSkCVjem39husvHcj79tgeE+x5JMQmOZHltEHmdhiaw8z0yniKWKO84yWxqFMIhLxOpL8dSr1URSf2OtIb1w20R3CjJ10jhe9zG3db8Bew9FwUSzh/79q7kgIKV7B4+7MmfbrebfBUiSRPGsF3csfoWb/JTdR5Y7eZzcrrNkfWxI+Wajk1w0eoP7AiVyOj9Yda9A364rvo5RYePtjOsN1zGX+o/trl8utlrEyVkoPod8722JoR06+tcPPWLmkg=='),
(250, 132, 16, 1, 30000, 0, 30000, '3d8fea192338c7b09faa13b15309f8e55712fcde1ebf63ed92b49d10203fcb90', 'U/fz15BCRf/OOtXILZMHGeSEW9fWzjNUKIFNNpcMWUY7PX5l8yrqNMRT/L1OqttzhFF3+QoUB4u4NeSFxMVWJscfWK4tIHAkhTuv7faqH1/86zjn7RLgc9FXr7VPBrfd/JzfpFKn0LPz6OMkM8Cyp0+h9rYPbgitS552eglzBuTEk44Pqm7o57fgRRcfutTyMAkHNkA2yyoqkuylDGercJm+24KnGPC/sULLX3ZAWDbb4TMB+Ieg+I+7h2duzAxQQiTah5m1v4lRj5QE7SH5rdGWQ81f1dQWdBsGsjkzJzcCUvT0VbctKFamixDJEHhAQffpvB6tV1uqOEYju9TSeg=='),
(251, 132, 13, 1, 15000, 0, 15000, '12f6613228bb253356d73eed619d3b1dc1e951d0649768a2a19a903bac7d2ad9', 'bkn+pbSVKFFbTE9ViD/0jW9u0XFZKL8J8bAgjvXb1OFPeQoJGn4tCVdanI3W7Z+c+mHQAG2wh5Y2b4HDSfSvaV0hxbosJZkusSFEBq6GqvAg47Cbl1sAFfuWlUV/H2/5aKUP36sIZmaWpcuUHvwQC7/zZMEBcs7peTepeZGRbswNtwDmjc15dXYwQaT7wtlmdhl2vpiI6A/YHVwYuFjiM/sqdwvz0Vugr61YQwkD0aATPwzu13DucBbYFZ4EnyZKp6H4Tp+JqJNlNrfUJdlGqeTrVMI4II+tN5W/ly3kqmY8iuF7rDR7pCvin9BHFGjpP4R3MHCRda9fZZ4aozehDw=='),
(252, 133, 15, 1, 20000, 0, 20000, '63bea0f507442727d9c72aa6a29248aca48cf832132f5cb041386cd9bc07c4dd', 'cQZHFAU1N0HY495XK5blkT1rjDI3nWnpd0R6IWFD1n+C2IGQrqtR4Zn1XeisWmcJ6kMxtcGH06kFJYp7tGiP+2wXz4rbuTHd5lUUQlrkWEbhhAfEiPRAt0Va+4ikSt9icCFNU4RsOkMPEg0QK+o3NDMXj51W7O+c95ffca1kz53KPZLfSqBmOSu6AEQ+RTlYVHVYk1SC9gWFru1VtwPY2Y5xFdEQ+DgjwePlU1QuvcMVYyooLypMsmrFtA+pcpVOC50hp/t6gXyK81e1pFEgIlTO4+AJ+aP7/XTelC+apiVWjwQLqKq2L1OwoDrFYq2gumdSsXhIQ9HxBCNa92GUjQ=='),
(253, 133, 16, 1, 30000, 0, 30000, 'bec46c77e87badaa6dc13c234f2a67feb6058a90fad8a0a32339d8264beec99a', 'NTUokFCuEOUQpHA3OQfT2k0cLNHQG4j7Ap4kiCVC6cG1ZhRFE82L4RPn4kv2UNr41VkJ6sLz7/iabsIvK6sdZ4b1x7Cr7VjoAciX/me6qnJEZMAz/6jmVAxEH0vey+vdaGSAL+PYfra5WQdsKwljpUF0evfGe0OEgG1+9s0GPQ4oYaYpxzKfXGiPhSs5d3rqVsgfO5dAmh2YT9ZRSYveLgMGd6zGpD8HMTPfB2h87d+HD7/F8nrjjfu6U6Ri23J46vbYSoe8UdiSz54DtvovU0BnL0bAs5Jnj1RE6c/lwMZ7INFAodTYmsIjjhVpBHznWefLNoM04uAFrahd7W0tpA=='),
(254, 133, 13, 1, 15000, 0, 15000, '03d88cce7d9503613993915aef331ce94da657e62789cc3d79787b3124b89827', 'VMVQ/Wy5OBhZfVZbFG+oErNON9i6XZGTTfUEhmahPLCZrHbdgwKPOTl2fKjSYJE8fF3tsWFulMebCOK9IeWDOX/C5ER+ehQBiadkywygIcew2ugQSdea/jw33mPVOAN4v0vDa4zNPmBVq28Reg4fbiC1tuBj5OlP1ASm7AEBuIadazBHF0A57CaRtaRsmGX7RzmQd2tmulB/DFavXT36V6TcChQ6+2sXz2JbFepmVBqRfPU6ydFCQ80fvFOBrje8xn4YZbFbck2c+kKaPB3130wnSl/O/iAdFQFuykYTcBza7BwFlNRqSgpWUF71TkgMG9ohcKehyU5JCzeNwbJvSQ=='),
(255, 134, 15, 1, 20000, 0, 20000, 'c6442f832041172f1899610c8d4ca98117e5d60aac9d9da695e738723a0dcc05', 'XCJhy1ZJaaEkgSarJ2U5WbGBL6m+usWqylnetPK020nDiJ6Mr9IvEfP8VdtI/rDSizwcoA540t7tgQZ91PNtZPGE9uuIutXqacYVpRxSn+JRA869NvNBPOEgGvBHBaaTdb0bK3Z9C0f1bkMenJlQFHtZyH5Cs2Dw+MNsRI4uP6vVoXamBemBT5782hsv21CSGZ3Ba9hfcPhMbfxYCAMhmVS8sUEAtnHh6BMykngESM2uzbTOa0KWFTFEYwmq1BhXVFZV6vtzvzMSBjZumTdIo848kCyxM2BmpngoWAjDl/T1h6tF7F7gSjY2lZSLyWX8z7dGTH7IIxJ5arn5bgA+Ww=='),
(256, 134, 16, 1, 30000, 0, 30000, '45e51f184574fbb38341f2946389a78729212aceaea25f606d6ed5ed3fc4f819', 'ndEXUT5SYIFMbWL+Gq+PSxD4rbYu6kjyy/Oi+PAcEYcp8qG0gfaqBxkMdw3P23SKEOMBwZ7kZvLGmMmCulmMx9Jra6nSniRBJM5/1xpoHp5qqG8EHq0cP4rwEiGxtY0KbscAdeTb2RwpC6bJ8gSy4OUMZIhKEJkiF4lmDYrS+Dd7HAB8COM1xIOh2HU9J+rEqaClUQIpKoQsT9TPAEB+QlH4Hhx3T7VTSclj1t/z6V+Py04hUxcd5tzX6/jBGf1zl5gmJUkqCEWNTFFH6fgnujx+eLKuM1hF3rXlB0hbdWfTeQVsmMfVGD4Wp1lrzd4VPWTNr1sPVKDfTck3d/xrFw=='),
(257, 134, 14, 1, 25000, 0, 25000, '1f0d0c41527ccfff6089c69e57d55db586c048e4cec804f85f20e4a148b25b9e', 'B0nFkDYU1V7NCbQt/1xf7aO1ZPruafZNZjza9HtBgkkC/RmPaFX0SkH0Hq+QUHBu8vKZWa8SdVRRYxJAKRlhplxoxTqLAKAtQtJoVVzNSJ1YjxGjwuiLrOi78rCYk/DPRR9tW720Tpyl1cEcntFUWO9yKg+2SzROTEdDTr9VzwN6Ex/bI30BBf15bGAokQx0+ueqb6teMRcjoLFIaydHw47kJ8drT4i5VYEOpXucP83BR/dBN7wN0DL8F4GwRD8Y5WHYjndXkF1FQr9xnKCAYJ4bEMxIG04Upc9eWB34M2TioW0w1138ak6FW29tn/Sc4ilNgfFS5qtTv3LqNamNwQ=='),
(258, 135, 16, 1, 30000, 0, 30000, '3750ed8b919629d9f3ca42fed5ddc9bf817662a633997fae7d7445fd61e4cc8c', 'W/WfVmGNPApBo93ZkXlXufUwLc9o5G8V63i/4YyT2wAn9KjfL1BOpMA1hbqhMkYyr7sDtcXAyBUCxaYNItNeg9OQZ1zIqJhq/hRp1YalqOFz6PcPghWYBOHEBvkt/TCrtUi5qPzR/mphvoW0i2WlvdlnZDXGZHrXuTKOIeT+9h0VuJk81k53YPlXxAziniosQTbnahTyAs9ZvaZiyDm8rENou53ZsOPuK2IktSuN7LJKJgMDaVRobm+s8JYX4Qhdlp/9ad/FVUUnvF0xyENPGP1rwAcoOrCpYCV3WjVudOXLcqreMda2dtB0wAA5cDhZzi0juZ1VXNUn7SN2L5tcLw=='),
(259, 136, 15, 1, 20000, 0, 20000, '783af23d3d184789e987f20548b9d209b47751ebd444371cdbb31f5a4b9bfc66', 'ojHN7iNhYvATR9c7DP/16QKLpNOtRjCmzY6IXJvwM0mcUjqFlMpiWsaYXWo/Cpp/Ak1BhJrqZZIIvL37uTs+/1lxROv5lpGkVWxpt2YBuNArrKRoTeANlrF08VBfGsLPZb0QwaBu6KcU6bLqOafAvgbE1Qw2Yq2d+zrXBMzmKZRIDoLxtFdgZxg/Txai8CtjgcrfRgqSYKhR2XiXAAsDLz5LfA+TuCn/h0PGFzUJw1FhkIrQ5X1xMHuKUlhzITpI/+MxzQR/TfO3b2wZR/XMzJ5MSrLldXd8CAJv00lylRJSvHsjryOS2N9S/BGsdpQrDVZ8WTZoqZ2ZzxAZIUhLww=='),
(260, 136, 16, 1, 30000, 0, 30000, 'fb5a6b48a4a3b626e74c9a0cbb726ae1085c1900ca54b43f493745b3a7600645', 'hdDX0ZtYJQVIxtJKZIJr+8Prymdbwg4zMtEqY3UcRzh6bx8eARnGtkRA4NpdFUWOqL/Ubuxsj1Y3cS7hnCTmFxVWLWLiLS7Dtf/E1VirW338uXsuPQQQPwa4rC2ucxdV+rTcDOunP3dFPz05622Q/JixwiqgJPLWlRaEQd4STCwXrb+ZYQ4Fr9hF0XMg7rxP6mW5Xlm8MnwfiL9+mdurYylYHrksuP82BXa31pNnEJZw11ud8IsVr7OA9XRgP8pBKFToCnJHzAR3SL+sCQ7yqqDVzEt+BKb/8BG3+5YvaxIb58mLOnRkU5jgttfu3BwT3Cd88RM8wkOtdmo6HKRNOw=='),
(261, 137, 7, 1, 40000, 0, 40000, '7eb22c799b43c34bca5dec1e9783990610fdf31128bd1ddc287cf1031aacc36c', 'CItywU1UAmwP9E6BsZB+nZJ8Mpj+mKJ99+BlUsn7XDqqCX9FJhVO3T09j79dxH6OwKOTz1XloBsxfoVlrMnP0fZKSNUFOQishPuYth9tSOuDsRGURGnxXBDBkcyO7DhiyT+Roh4yfoMlZboEJAtOq0m+3SiG/UeA+M+ztcxkznDil2aQOS8ib37C/W1QHkO+PxogKV37S0WHW3jL41lzMx+SZWaPbY7Q5pkYq67S0LOHnDitDLv3NAOgk+8foxADoH6c+ezx+i+E/g2P8xRawlYybA0t8o2CGfcyij6N2uvEFN5zybSxiQ1AF7wn723saglsaDlwbjJUENw7zgZKtA=='),
(262, 137, 2, 1, 50000, 8000, 58000, '599339379c212567261751c2cc16f071366f2cc9ce5b3a102c8be14b63fc4cab', 'oSVgy9xX8XR1KSrvbcQ3OuZ8jjfHePHp/HA/bOv6y312lPVevXXYPwj0O/qVIKHkybJikmCsuUCWP3LCFmIGgXdxqQVyZ2v5Ynx8b2BYEMeXDDnuXglVqf20xOBtlsN1iDJpLAbrEQrdWvzmNTq6oQj7rZPGAOImYiUtSRuQK/EKx0zdr5pz7EVqx+pdwWF6rJRCnzRzrNm/NVApn5Q8firP+zHBRCiUfb176GJ63SOXWHIJnmh/kTfTcuS+ejLI3D2HEEV9kd/5SEmdNlpqZ2j2Lzo3+i4u4dJTaFmMoK09lBg/l8DtySwuG+e57RLqSa3/3/tJbwgq8AdGWguaFg=='),
(263, 137, 6, 1, 30000, 0, 30000, '95df02935c49a0ae3eeac1d8193b4f0786c77ccd91bc19d3b8615c931e63117d', 'Lcn376zCOjNkfqxBTvyj1P3iv+vAbrm7bF8hnrBpg3wMFTJgAn3kLar8EpBpt6imPW5Wj7wMuM9yiLsDRRZ0sPZ+xmYdhoGZjpCZimobdGoPDF01jUh251KELkS+xEaet8ZLcKvTDgWfOQay1jxSPrh9KbxAVC1fqsl0oI0n1vSQYMSTgIXpsHDfoiuHGtmrzxn4wJPwtaAusfGzQzogwbP/48n48V0Gv8b1dygZR0XagUoiz4G4lpO3Db1OS3yk4b8YoNl1QS7rSEesanlOf9/Xx566SVGzLPWRsV0d12VsqTwVTTQwfSB+SPVN0G8aW7iWPNNzrSWUX99SS/ZJcQ=='),
(264, 138, 15, 1, 20000, 0, 20000, 'c9553a5b67e4b6d02a171005b881757c4c48d1dee2e1a10718ed25fa946b770a', 'mAwOxtINVaOVi8VtSIaa5pV5ywB6EvLFxljcfTFpr1CXGNSsDdnUaofNgpIhfNsqlYeFwfRvhSt7NCwjObmOMLDtRsfdBAY8QHKHW71Ug7Ogt3Y9ppwgnEHa13iOp4l06/DfHSuChDfgpksCkDF9EuuwuJjWfq4HfybhquHsECsOHX6dGgHVXWlA2k9RY1YSXja8+Ryu7VhCqmOabvN+Tr1dMZ9Kzo8ldYyALgcEmxiKQ1VHfCqLvATqbXyvf4W0c7S4ot0vym/DoaqLh1ltcpIVt+THCFxE2vZ+23AGCnC/KCmZ3VhgtNu2jSDig9KYwrYWY7csYnMw3Jajwxo75w=='),
(265, 138, 16, 1, 30000, 0, 30000, 'b03d218653093bfaeb82b8e3c0d89d2f7142ba4f5c1099cf909d87314df3ba87', 'WPnkDHf5rd8zoXWMfnn3fOFxx+/U2f+KlKg/+9CpDbKpaXVp9AIQlaKmFu0cENPTyr+oNIO+rzz7sdu67RZrujrAP2eKOMsF7I893NMhe36GxmZe+68A0r7P5aBUtCvycpfpN9tvilWKK8QhMY21X2AH1Jo2SmXWnqkh1xHgL8m8WwB5FQNYoBSWq4LWAX9y/3ms8shkxgNk9XJ8TEObfwvCA2f+7uR6q/i50tM2P9z4iGc8Nxx+dT1WH/+39u+5DPUPlPu66L388/Ur/OZRJ2xEZgIqReOS226BFw9IOcXWrjjxxO+V23sEMJEKaGqztvbuC/YXKAF7ASt2SWksNw=='),
(266, 139, 16, 1, 30000, 0, 30000, 'e5ec3275f389258f23b53fa0222068820e8b98d95dbce92094406f0c631cd6a6', 'CNg1h+7dDnRa/OSjOzuM/pGoYEC0Rc+yb92Vp0U6WvnuMcLTfVjMnncbRVqpxiylFJy17VuInt9xLhBvuepfcD3WNi2sxeCQQN4m1tra7KwtcvquXNX1QXE2n3UbwlGJw3mq3zDPkosRydAODbyZ1BojcksfSmWErCuPQb+yN123NrsZPxTZ9XXaigsdy9elXPchZREtaJbIeP6PVy2G/dxuYbnTzjaiGDq74Y105lmB2THCfLBhM9BNe0xziy9vix/ZbexubgMOTFRdoJA58IXc3mFvlx/4nuQ5Bn7o10jIZtUS38i1geC4rGqbt0bMAu1Hk9f2ZpPRRzPlIKMHfw=='),
(267, 140, 7, 1, 40000, 0, 40000, 'aed005a619e63cb63baa1ea54731432360b1abfd62a71ad17fdcb45338a97605', 'oHSN3rannlP5wZW/SrRvngKcsv0pEx8U1X5uGhhpGEoX6h4wm9DUXiEMF79WFsCTKy4RNhc8wpiZNExx2TbpJjGJNGCBXXBWn8e0DubkORddvAKc47GIl+S3m9ZDMqeLmNoKTJa1nlFsiqwY9O7nKfJ5oyg7OovXapx7m76Ndn7vRUcZhPeMrGHvR0frzHGAotrKGGSwVjIEGoytms8ULcAqWXaRi2sMPsLCI77MqlD5jBy+2+vwlu4dbcJtjLcOjkVvrcrGvcFfVnTQlayjWYp/a25RGCKg1GFyZCCgLlr6Lo7LU2mT2uI9OsMSrqTC7hCsnvHJDYkbhzqlTvzJhg=='),
(268, 140, 2, 1, 50000, 8000, 58000, '87e30d0a869b2abbc17adec64ec38410a405a4e30b09dd4c4a6fb77e3d483b41', 'MP7CP01wqwTgKSDNvcyGW+7qqBqANn4hRVd6OS7uaTT3nyDFrV+OVk4zUQs6zPahOEGLHD34r9bmANgJ4XqoFbk2RRRC8HOsbpudz/F9qQNRDnXiDDW6BiLPfspAGfMPHbVleiChK/Wvs+x4wQDXaCwpFJIJ7mLDcGur9DnX0utbwDrcpvoEiwWGENOkVZB0yNvbl+I3BFQ4M7cgPN283rOF4G5Ovk/vgex4qppjDkbvgUIFy0XSMTzA8uuOeu5Rx2WeixrO+bCkNRrBKz7kJU1rkqGMk5VtyiDp4AoP9w+O5bm1dQE37y1YiSWJx0+pMCr8d/wHl+ctbdEhgOTcbQ=='),
(269, 140, 6, 1, 30000, 0, 30000, '8bf151299e1fc94b157f0d64230bad59b107b37123684a15e73260e429a48993', 'UW8GhERGmwcyNi/zT9tcqI6qcmnk9lIesPN2kn9L3mGZWSeO6yD0U8y2AArqEG5X5rAHvLkhNOPx3/uNW6wM5FfxxG27Gg7Hrio/onxPuvaH9OGdOH1m9dqkgqtbAoC+gT25a3LoHR7ao/Qf5cCwEzHqi4HZkb+8k7pIRiXl8R6bLX1MIXoNigAzFJYQT3+DyVTOLyx+7EPGtEZz/O4PA4EmAd3v7I38ESgr39/qr6csyFrP+P+w8rq4YMYs9jKS0EXMdVAl+yyPyf43McThRoCB6XYo/3o4ftHw4vOmHrw0/rY0ZcAWZ4s0zrYE9bFwfBDcJg+bh3dMZzA2Em6szw=='),
(270, 141, 13, 1, 15000, 0, 15000, '5d9330712a7eb469b05ffadf367e870e19e49ebf67042b332b3e4cd0fc24c9be', 'muQWZS+s2+X8v/Eu0K3Zi0YM+7IWDaxx16QdUj26mw9u4Lnz0LaxnqE7d6Hl6fiQNEkzyL+lt2tX5awUwZUZ+mSeD2wuCVe8KAVJ7p6QrVFWuqMlEwoPjCN+5lv4tb0FT3ehAwZv5SGSGLCu1P6Fe/hRcHty/GjTi4upxZ/c+CDcq2Fij2lpCd22bcuKs3vOxLK5hjHRg+MsO5B+4jhQeSKA1I/bUxgMBrPtR/hGITazXGGB3ZWGvfCKphuNibKh1aLgVaMZFIpBN4JergSC+OMlVsRzkB5fyOpmzCp1xV/ikxT/LeIZ+O65kFWGm+FqySCjIcsr2LtHdFS8dA796A=='),
(271, 142, 13, 1, 15000, 0, 15000, '3f6668f1451048c4654e6274660388cb65e6a63b7fe41f035bbf03135486abee', 'WCEBVGRRuH+MOFpW+r23MHaPH7axKaTk8s3QAq1mQ+Cf6HFIQJ3He/3MsIxNWe7BtHwUeiz9tpk9WNKzrensCHooPuprtGgn1yM/4Er4qoVcXagDWlu4Q4njt2IeUaDdonq5uYuyLQw7tZU4q2wsUsNuGki46i1zxlHIrjKdmM0df7RnORaWptrToepwjrXOQV0GdkDXabpREEsAvplO6J8FkRys0Bc4I5LaQgOScJklH7kvTGYSI0E4Meqrk8Ke9dgDBgKNSYgc6zNg6q/2bjNpMy5SXGHRvfOv+oCDoWYxeGfQ31nQX7U3qPtG82/FAV4+yLP9hevpZqkqGG5yyQ=='),
(272, 143, 1, 1, 35000, 5600, 40600, '03db6a6be3b6c98bb3557b1cff5b92192bb233a8b2973fcc24f0c86887e25097', 'd0XXw1ic6il0MkYt9p8Mu31fKn7NF52S0yidZ0Bu0vsv5WxTSx24Ongjf2fAt9iggZJ3YlZjTEVOfmmuhyErhqgNrq+1V7LM48KxOkk/6m4AFQp4jNN3WgT/aRTzUmQulghqwL9KK99rAwpcnIBB0ESLgMmjvrMhRVLj5bc0AQxEe+66DW9qcXGXWgtFsQzMgC68zhaAldoLrWVZzn7F1ZjXiQoIDgfWbSOexEpaG5pMoznHEkPjiCf0kInV33TsDtW8JauWU4uGmvUYKJAZ+zSwE0plACaVtj3nNE9EuEQpT7n4ukKjHSLWTmQRGj95yy1TY62v+NcX9RNz1A1NXg=='),
(273, 143, 11, 1, 20000, 0, 20000, '47baf57b1b33e097502cb793c4eb19caf61b70ae955135b8f9f80480ebf34a88', 'PAYWn8Pz5zsx/p5Y4h7fch9eQy1Nr4iXgCMGMdGG7RgblpVQgrrcHOaJfVb+3xCjOd6441XGxwbOiRLjxrrprtdEdGCt5d273amuubmpC50g38J9GP7XhwqedSzbfxuglNwz24oY+mT2/LyDpmzkqIdni2fZtmFS4LFMfYQNgq3Z28xdDKJS7+DzgqXIbAAMGW5P+2kabuYubmJJ7uqiffaEEqkA5dlYauQosTBiZDMJtL8abRCk53db/Gmiyw2kFw8ixi8hk3/vVz1Gh5GZyTlXP+JaR5V0HRhQWulhy8MiOhE3kea1eUd5Xv3AZ3tuQVKXd3HwylSIY+CqjPa3sQ=='),
(274, 144, 13, 1, 15000, 0, 15000, '81f63e0100d0666086f77d8a49a8cf0b4757e2fb39604a4dd9b6c35b61e82401', 'faPmcNxKkCMCtyh1YU/yUiL93e8vW9waf+tbFQxD0FdEEQ+H+t9lJvz4HsOJeSiTtevSHjZrdJIWajAlf7OOyvttP4TKhbgtwvdRztlTFdD2g64Kd3nCOhKnZlna/jXd8lUwV1jAW8kUs1w4iHGmKzQtT7SBwbpIWrJktQGbVWLDsIa1I/OvISpTOfCYiT7+Xl4nmzSlKo+siwy7fNtsnXCj9S8LRpQYMMzLvCnVgPhJHlwabpRM9MUWlf6PNS+yC8IrNVdA/HeWeQupXxIXq9vklHhc54IprWK49+XCjKEa8ZnOp3AFMwWuCtUxxyCmhxkWvwaw4PtVUR5VSbhLdg=='),
(275, 145, 15, 1, 20000, 0, 20000, 'ace01d36d39ff208b0636728f00d297513d7af13ddfb094f8c6f9e6623c31ce1', 'RFH6LSPWkG8uUq7NViRvTyQattnQU+JCKomwU6tDk66wLyG+d4blXFrnVdO60QCwj4Fld1wFHae8JJBK0A0x0aBigg91SC7NvH7Z1Ii24WbMOHb6ohVYFBPAPc/CaY/e6Oacw7vXiiwlQqKQBGUa5Tiw7AsYCheIiKXcyvBOnyBUzOkcHYtM+k0h22jIuyQsGZAA26FHPY9qWGHhKpJ1xckdHSXxriIk3zHaYNrJ7FrvOjZKJ7LLeyR5H1zqrisB1WSSA2ALLjLxVU3wHAq+f/Esj901sQlWJr08cwDTCN93xv9qm+FrqFxTlrRQ6OkpmE7O0daEFFs+bhMRyI4icw=='),
(276, 145, 16, 1, 30000, 0, 30000, '28f11abdf84920345a34b7a216e0431a2f4372f104abc540b8640af30eca44a7', 'BhznfPyuVncBN79ykmtstp0mqh6tuNY36ROZjl9osrETFZF9//juEE4AVN8OLZiWzM9lY4tdYSF81eECQmcgi4W4RdxakgvjxtACSfp3ekeMOrb7sRMi+MSCostGlbz9IaN9W009WwBvRJMctpenual+WvAmVkFQNgG9Lk1Ia5WPMCSc7M4dW9XzX7kcmPXW8fZg+d2OvsFT1Pjiq/6FXUBNImmY4df6yHr8D94Slr9GBivRet5e/J0Bb5/LHOpTlV4fIZMeQvfZnJgfBXwDOinPF0L2MxME+KWbxVB6dQEWcuYwAwf4dEGuiyz0Lwp2ghTW2ECB3ojjVbD4I+U+BA=='),
(277, 145, 14, 1, 25000, 0, 25000, 'c684d3744c3c24454cbb99081e8bce39f3332ca5bf6429c88c0d87fc3eef0ab5', 'FzFDyV2F/i+q8VfWeVkhDbHnPGUJZkmk8CpS0nFL8KRxSoY9R9aoHfYVI3AQrcewDjXfTcHfU4PyJizW+5cKaPYk6INz7hy/rmrfZtTT9hGIcMruWPShcFcSTLWQx4s5Y5fHI8E160Ohq56ifOtwP+M/C4uU7bzxwAMB+uTjX9YrBaUb3PAnFiRu7oVsdYbnxCpa+KBaOtXOXGMUQ8G9kzUxDWZr3T7QNhAGJdwlu/ki1GjsCdq8b+IQlQjRLLWF9S8c1RlgfFGv7ghkQHnuqCAvv6Nk4RtUsbuS1pCxWNd7z9Q/0zRZKiS/3gCvOnpr/cdVVxYhGDF0hUBms+DRQQ=='),
(278, 146, 1, 1, 35000, 5600, 40600, 'a2d83c011f500c9c5b00acf613f44bd8a03f1eac97a905dec5e7aadab0ccc3da', 'KSoz3ZT40Frv2+WEQg8gYDoGrhgPmyUmE8IOAolhlW+BHMgLIWxpw5HmcS/YPEJdi1Q8g6RX8LTGKXSbP9o6/mro/CxWOxyHunyzqIpiXnD6Crq14RUKsgoPXed7kVE11REN+nWtophtWrLIYOuJBB3we5U7Q1RRZay8Hcvtr7BLpEA3Tmeq1c6ISkE/LsGxJwMgVEpOlJKYYZzJLVUlTCRDnQ5KLvvloasyE0OHBqDbeQDHOTHy34BCQtIc5Tyui07ieexUcCSBf+6UFuXYq/0309mdeRw8eWGq8NcVeKBoctVcEZs77SnYNqPdf45PzKKtzTeil2FGRxGQJ4KrBA=='),
(279, 146, 12, 1, 30000, 0, 30000, 'ec70052d6aa3558c1098383689d9d2ea1f1defa9fddf0e3ed7a231e5117ab28c', 'W73T+rzuGmO5PvHl+Ts8GtoEQC5PXvcW1xbsjjzzQIEjP0NpvDddFDOwZb4BQ3nkHxzociq6H+mEJ/T3c6SJ2ZjdeEOXofE9DpiqmJG8PKZFVbi/zqjX3EmbAFuX37cDheAVbYe2r3CPFpb/vzRbtQnzgH7JtoAMNUNObpWQqYpQAh3PDe5raM1h+uUz9P3XEOvg1PmgUsA0gZuKy3gb48fSIbAvO34N+8ANMeL7m3ZEuXO8OZ2ygulU8MDtvMLJv+0jJUrRAArySHNHo18bHNYaE0ERObNdpGK9oY/YVzridhzabuac5pSQrv55W7k0GcLjp7YBmzx/tLjVHqOqFQ==');

-- --------------------------------------------------------

--
-- Table structure for table `secuenciaimpresion`
--

CREATE TABLE IF NOT EXISTS `secuenciaimpresion` (
  `idsecuenciaimpresion` int(11) NOT NULL AUTO_INCREMENT,
  `idlenguajeimpresion` int(11) NOT NULL,
  `idcomandoimpresion` int(11) NOT NULL,
  `secuencia` varchar(256) DEFAULT NULL,
  `descripcion` varchar(256) DEFAULT NULL,
  `hash` varchar(256) DEFAULT NULL,
  `firma` varchar(1024) DEFAULT NULL,
  PRIMARY KEY (`idsecuenciaimpresion`),
  KEY `fk_secuenciaimpresion_lenguajeimpresion1_idx` (`idlenguajeimpresion`),
  KEY `fk_secuenciaimpresion_comandoimpresion1_idx` (`idcomandoimpresion`)
) ENGINE=InnoDB  DEFAULT CHARSET=latin1 AUTO_INCREMENT=61 ;

--
-- Dumping data for table `secuenciaimpresion`
--

INSERT INTO `secuenciaimpresion` (`idsecuenciaimpresion`, `idlenguajeimpresion`, `idcomandoimpresion`, `secuencia`, `descripcion`, `hash`, `firma`) VALUES
(1, 1, 1, '27 64', '', NULL, NULL),
(2, 2, 1, '27 69', '', NULL, NULL),
(3, 3, 1, '27 69', '', NULL, NULL),
(4, 1, 2, '27 50', '', NULL, NULL),
(5, 2, 2, '27 38 108 54 68', '', NULL, NULL),
(6, 3, 2, '27 38 108 54 68', '', NULL, NULL),
(7, 1, 3, '27 48', '', NULL, NULL),
(8, 2, 3, '27 38 108 56 68', '', NULL, NULL),
(9, 3, 3, '27 38 108 56 68', '', NULL, NULL),
(10, 1, 4, '27 67 0 11', 'La hoja tama.o carta tiene 11 pulgadas', NULL, NULL),
(11, 2, 4, '27 38 108 50 65', '', NULL, NULL),
(12, 3, 4, '27 38 108 50 65', '', NULL, NULL),
(13, 1, 5, '27 67 0 14', 'El Pos no soporta la seleccion de tama.os en fracciones de pulgadas, el tama.o mas cercano es de 14 pulgadas que corresponde al papel Legal', NULL, NULL),
(14, 2, 5, '27 38 108 51 65', 'El PCL no soporta tama.o oficio colombiano, el mas cercano es el Legal', NULL, NULL),
(15, 3, 5, '27 38 108 51 65', 'El PCL no soporta tama.o oficio colombiano, el mas cercano es el Legal', NULL, NULL),
(16, 1, 6, '27 69', '', NULL, NULL),
(17, 2, 6, '27 40 115 51 66', '', NULL, NULL),
(18, 3, 6, '27 40 115 51 66', '', NULL, NULL),
(19, 1, 7, '27 70', '', NULL, NULL),
(20, 2, 7, '27 40 115 48 66', '', NULL, NULL),
(21, 3, 7, '27 40 115 48 66', '', NULL, NULL),
(22, 1, 8, '27 52', '', NULL, NULL),
(23, 2, 8, '27 40 115 49 83', '', NULL, NULL),
(24, 3, 8, '27 40 115 49 83', '', NULL, NULL),
(25, 1, 9, '27 53', '', NULL, NULL),
(26, 2, 9, '27 40 115 48 83', '', NULL, NULL),
(27, 3, 9, '27 40 115 48 83', '', NULL, NULL),
(28, 1, 10, '27 45 1', '', NULL, NULL),
(29, 2, 10, '27 38 100 48 68', '', NULL, NULL),
(30, 3, 10, '27 38 100 48 68', '', NULL, NULL),
(31, 1, 11, '27 45 0', '', NULL, NULL),
(32, 2, 11, '27 38 100 64', '', NULL, NULL),
(33, 3, 11, '27 38 100 64', '', NULL, NULL),
(34, 1, 12, '27 80 18 20', 'Combinacion de 10 cpi, sin condensar, sin tama', NULL, NULL),
(35, 2, 12, '27 40 115 49 48 72', 'El alto de la letra es proporcional a su ancho', NULL, NULL),
(36, 3, 12, '27 40 115 49 48 72', 'El alto de la letra es proporcional a su ancho', NULL, NULL),
(37, 1, 13, '27 77 18 20', 'Combinacion de 12 cpi, sin condensar, sin tama', NULL, NULL),
(38, 2, 13, '27 40 115 49 50 72', 'El alto de la letra es proporcional a su ancho', NULL, NULL),
(39, 3, 13, '27 40 115 49 50 72', 'El alto de la letra es proporcional a su ancho', NULL, NULL),
(40, 1, 14, '27 80 15 20', 'Combinacion de 10 cpi, condensado, sin tama', NULL, NULL),
(41, 2, 14, '27 40 115 49 55 72', 'El alto de la letra es proporcional a su ancho', NULL, NULL),
(42, 3, 14, '27 40 115 49 55 72', 'El alto de la letra es proporcional a su ancho', NULL, NULL),
(43, 1, 15, '27 77 15 20', 'Combinacion de 12 cpi, condensado, sin tama', NULL, NULL),
(44, 2, 15, '27 40 115 50 48 72', 'El alto de la letra es proporcional a su ancho', NULL, NULL),
(45, 3, 15, '27 40 115 50 48 72', 'El alto de la letra es proporcional a su ancho', NULL, NULL),
(46, 1, 16, '27 80 18 14', 'Combinacion de 10 cpi, sin condensar, tama', NULL, NULL),
(47, 2, 16, '27 40 115 53 72', 'El alto de la letra es proporcional a su ancho, este ancho ocupa dos renglones', NULL, NULL),
(48, 3, 16, '27 40 115 53 72', 'El alto de la letra es proporcional a su ancho, este ancho ocupa dos renglones', NULL, NULL),
(49, 1, 17, '', 'En impresoras ESC/P este comportamiento no es programable, generalmente el comportamiento por defecto es CR=CR+LF, LF=CR+LF, FF=CR+FF o puede ser seleccionado por hardware', NULL, NULL),
(50, 1, 18, '10', 'Numero del comando LF', NULL, NULL),
(51, 2, 18, '10', 'Depende de que se haya ejecutado primero el comando CR_LF_FF_MODE', NULL, NULL),
(52, 3, 18, '10', 'Depende de que se haya ejecutado primero el comando CR_LF_FF_MODE', NULL, NULL),
(53, 1, 19, '12', 'Numero del comando FF', NULL, NULL),
(54, 2, 19, '12', 'Depende de que se haya ejecutado primero el comando CR_LF_FF_MODE', NULL, NULL),
(55, 3, 19, '12', 'Depende de que se haya ejecutado primero el comando CR_LF_FF_MODE', NULL, NULL),
(56, 1, 20, '27 56', '', NULL, NULL),
(57, 2, 20, '', 'Este comando solo esta disponible para secuencias ESC/P y se requiere para la impresion de preimpresos', NULL, NULL),
(58, 3, 20, '', 'Este comando solo esta disponible para secuencias ESC/P y se requiere para la impresion de preimpresos', NULL, NULL),
(59, 2, 17, '27 38 107 51 71', 'CR=CR+LF, LF=CR+LF, FF=CR+FF', NULL, NULL),
(60, 3, 17, '27 38 107 48 71', 'CR=CR, LF=LF, FF=FF', NULL, NULL);

-- --------------------------------------------------------

--
-- Table structure for table `servicio`
--

CREATE TABLE IF NOT EXISTS `servicio` (
  `idservicio` int(11) NOT NULL AUTO_INCREMENT,
  `idusuario` int(11) NOT NULL,
  `idestadoservicio` int(11) NOT NULL,
  `fecharegistro` datetime DEFAULT NULL,
  `idpersona` int(11) DEFAULT NULL,
  `idautomotor` int(11) NOT NULL,
  `fechaentrega` datetime DEFAULT NULL,
  `idempleado` int(11) DEFAULT NULL,
  `hash` varchar(256) DEFAULT NULL,
  `firma` varchar(1024) DEFAULT NULL,
  `observaciones` varchar(256) DEFAULT NULL,
  PRIMARY KEY (`idservicio`),
  KEY `fk_radicado_usuario1_idx` (`idusuario`),
  KEY `fk_servicio_estadoservicio1_idx` (`idestadoservicio`),
  KEY `fk_servicio_persona1_idx` (`idpersona`),
  KEY `fk_servicio_automotor1_idx` (`idautomotor`),
  KEY `fk_servicio_empleado1_idx` (`idempleado`)
) ENGINE=InnoDB  DEFAULT CHARSET=latin1 AUTO_INCREMENT=147 ;

--
-- Dumping data for table `servicio`
--

INSERT INTO `servicio` (`idservicio`, `idusuario`, `idestadoservicio`, `fecharegistro`, `idpersona`, `idautomotor`, `fechaentrega`, `idempleado`, `hash`, `firma`, `observaciones`) VALUES
(4, 1, 2, '2013-01-22 00:00:00', NULL, 6, '2013-02-26 08:02:00', 2, 'db5d6c42cf71929ab8e8530d496de6b0fe5cbe88fa7358e0b04b1cf08572701e', 'KY0Yg/V9peZdqpNKH7/kNbNh578aMeuAdAvPqKe25Eh25mBKI/N5uHDdMnmoYZBJ3oZ7aAl/c9H73WNG8C2IwmrBqKLLHKEBHXbU5BfB4n0DzuAxyqtXVUCQXxluemR+PMY6saT9opX9CfMJYdOnBnZH9l6achHfWp7Vn4mWBV5CkuwZU+J0BuWPR30yMZc3ngDWREHzX6xKiGG5c9e5+C6CNBaCNZF3767AcsT5aUVaT2pvSWtASHvPqLUb5RjdkD9wL1J9uyX4CTfV/KLiFXyHigBmN2LH452iMaibtSci8TMuETQCedYWzR+2eRxndCu2smZ7O+z0n4LN95PYfQ==', NULL),
(5, 1, 2, '2013-01-22 00:00:00', 14, 7, '2013-01-26 10:01:00', 2, 'af420e311c835c3d53b5b55cf96e2d96e46b4c1740058ea241a05cabb571b57e', 'TgyRYF3fMwBnuHoanpJrv70CZ2x2I5w7Fnw91KWG3ru6ROojSSRdKWhoCxHZNVuKkCYijvspwz9tr+YZ3idSNNk7nQGSj4E88ioZO/Fd14yMeXqqtClDaew+sRFX2GDvSBCbPu47xhwvrv5kQzWPLtsLcTt0tIIOw8A5qJ0TA57PC7dTE6EJNFqsvZbfBTcIpo9Fdhy/j6p3txGWV2+8X+Tmq3v7DUwluMv4L3ZB+/QtnHJHE02BZFFZNIj2LkAQWOfjdTmitVSpaApox1y44URvI5tEOmnUBLjFq4c/2d00pDSuO+6XM+HqeuYDnvANdLz/LSd8svG4ry29kbHtEA==', NULL),
(6, 1, 1, '2013-01-29 03:21:56', NULL, 8, NULL, 2, 'e47cde3714bf0eb801552a63e363b6b50b12a84567d2b243fe390ad0e7cd640f', 'ZcO/sj9eeo9y4k5ARlMeShXImxHH1Dkq1BkIeLMPpCrcScff3EOzhcOayNnlr+4wbdmipWRbMy+UaMD0VXTVZDW92QxfnSMYILXZ748jNcdSyXHyQ8CGI2wxL1WYtAF/nDT69GnQCCpbjtQns6H27CE0ggctdI4TpdZDyszPUns8NYyXFUawmkNYb05oMBPyHkEIzn/LWK6bE2t/opSgtsa5YvA8fXyARZEcPYBdSD52/XHJh7iSaU2iOtoZ4PvBCK7labh2rFWWF0NSNFUT/vVNdAKgD9+HICBveky9lbCR4QqdbLVi+uRX902sAuIPz81fvEfztTqqtuvgkA8ZKA==', 'otras'),
(7, 1, 1, '2013-01-29 03:21:41', NULL, 10, NULL, 2, '6962606c36ea1d55a571dec46c8dbf3dff9edc13b4923fcdcb3ab1d89ebaba8f', 'fshex2LIaZQJ3Gc7t5IJyhx/5KHbSEma+DlTL88uDPfGAZOcU+Zn5FNpjvIv6+nx5cLoiZTZGeD+IAekIJmvcHE9wRoqPJFIlM0bye++di/tpDYdpIQ0VlrLVeV7nlQ9jqb+9erxJYFxTdFgJcob7MTZsfg6CBqaAsJz72Pmrfj/y+WmAjyAF9QYyykRh2RS7Sf7f41tLTGv6ld9C/cmQMccpWnjNSPr+AHAUNgggFexzm1s9OdkIAY+YdghSTlHsZppbGIAZoAt6wb2APeD4gUsOztbP56jmDKvfdm8KGTJS2AS/3iLey3miGTx4ZuZKupWQIDGtXNvC3tjQJ+aBg==', 'Daado'),
(8, 1, 1, '2013-02-15 07:38:38', NULL, 11, '2013-02-15 08:15:00', 3, '2e1274cf90a4560ba39b027948140081271268158bef59c9a6babbee986b4a83', 'Laro29qeGhKK8AfwIikvA8ezJIECvUtJxK4/5tuAwTtILcMeQH1N/4k9vgIi+nMcuaYT80FatDbnHlx602W1bZDyWTL6drmiTX741jLuUPw0I4vOpgiGzUVj/sbyiEyatOUlbtL0AkE7o0Mlo1rlLtNinkEa4xd6l87bZiFovbVtE34PHVrPosDfr81fawQJPbcsKdy6pj0Y6w3UJc+H63NG9tIeYDZQASJtrYFwydZqbJPg7d2dmtaGDdhCYUIbgLOHpLHoZprvYNVjuf743NfE96B5EzrFs5goKLi53q9wWGgVReDptI8kWGWrM6EHtTz3892WmWtzueiMoBeElg==', 'No tiene espejo'),
(9, 1, 1, '2013-02-15 08:05:36', NULL, 12, '2013-02-15 08:15:00', 4, '8c41f66d345fe1f5efcd036c662d528c53e1ddeca90585ea9944c6875f14a35b', 'Ym7fIGp481KQDFAxdADxetl4XcjwSbPZv9PAvIVT7rY62wVo6RcVfxYX/1oWnewa4tAUlt7u8gpQLLW51TA4lCcej7A+9X4+0Tr0TzQKYwxwcEm28XsKRC7Ymy9VdCl0xnJUHQ3X7Y866g3blMukyzf6/a8MRp02QI6LP7U8xCunETU+e0ir4NHhafMDt0ge9e7TM3NeHL9aMIj7ArEjwO6Y+JZNiCn3RXr8NFk68kcD8sAmJfhsrGyS3tvRbTR9WgTvBZY/G5mVcZySuGasYx5LQx89T2pB2U81m+Sb2O0eISmOAWXQFz4V6dQ4/thq7Oy/0XZ5UxO1eLKq5RqvSA==', ''),
(10, 1, 2, '2013-02-15 08:38:08', NULL, 13, '2013-02-23 02:45:00', 4, 'c80c929a92ddb07a3e26cc16ea3a88736400d545a30a48a762da3d359fd86fbf', 'JhyU6Oa6MSbMFNhBcV4HRT9O0J3kRI1A6oVb5vjW3LvVmJ7kDpltAsqxWjGRaaAxR8wnr5wSfsPBNdP2nsdOuiTz8LBIRu2L6z4CBR/c10jOQEIk10leiG7VB5hs3VT0RTjRRuDJZW8X0ZfUCK8qa/KtCYo8Tg6VG8a9n+8xQDwSZp0vkakj+kCJE1UPZdxpbLaMsJAVDVLYJlJKwZ1LhxftloaJAsyvti76F9Xd6fe4kEoawWiFI4SQpJwIOJM3Mp7RrtM3Uiwdj8ggI1Hft6kEvoP9PxM1SCfobmL/ryLZswyYdSueM70voelHBVz7vts/VOIv/qlWKF3szCRNSw==', ''),
(11, 1, 2, '2013-02-16 08:54:04', NULL, 14, '2013-02-16 10:02:00', 3, 'fd2b1db55c0f8b0578b630be3066ea96a8f2d50d5c78e3a13e55243a3650bba1', 'iaHr9ytV9ug2by7d5nX4+KFgm/2v70okhD7BLg4VSYNgNVbfb5/Av8c79wv2ebIT9gVG+F6g1K2C4mOp37x3/WtsA38QBDF1GRTC2XSs1PMH3XzJL5SSflETG4wgWEYpPWTtXq8iSlbb3j6ikPlDb3Dolmar6zWmNxY2/PhJf3NuURllokkewcp4vs5GNhDd8tPL7ziFfBzIthHPpsH+kwDzk2WQcsF1ftlPDIhwWlsMLxthMcg/q3Ve0ALqIspuRANk5wzEY9Z8i0jduIMZab9mJn8JCzSUDC1mQvj19lDSHakO3o6qmhxUxz2bYUUq0S2Y9nI0EAhOKz9tjfKGUQ==', 'Rayado'),
(12, 1, 2, '2013-02-16 09:00:16', NULL, 15, '2013-02-16 10:02:00', 4, 'd30e74925e5b47bd118352e427b66274530782f72c463ec9465e612fa90dcbdf', 'cK9hUtjvPfXfG+Ti85qgDSnseLM6uQw3HHv27YrB80QfGTy8nYz/7fPLMUk3hG0DemfHLTBbUsu0k7HekvLoy9/MgNcsz+NDaRrN0vKWb0oQ7WWXo8udW9lfqi30JZv7IeReHB9IPWdsPY5H00RCk0OGjON0L/caLo3mv2nO+wSU1JDhOJgfsGL0XeoTcCRnkWbVxFgbPAGY1o7NDFeKzk4EBkGjAQ5QbV0fMEcw+nnap9STKKvfMqeukwHqh5caAu/iyhNAYgy1+66pmrEEcMovYGvIOuKS7fBpamNX1HKvFZmoil96pQ+4EW45klDHWPe7BvOMnE+cWmOvE8O2dw==', ''),
(13, 1, 2, '2013-02-16 09:58:37', NULL, 16, '2013-02-16 10:02:00', 3, '97d8f203490d00f66a89720f19f3c8b130eba2cfe607c5958193e1c0148530ae', 'n0IVE4PqcDm+3EpROR0yd9+im2swJqbZkReZpO2nD5pu94kkJMdNtri9ueI668XFjWIKqBHxFwufWaq+cw5cIO8jlkcCspVTZtUVIwVvBuWxqFip7iAxr9Q//rRLlCHxN+ZJgzCw8lt0r+eWIOT93vIsbSDgHI4qsIQrMukmw4/QhGl8dasjYNet4bwHsboGczbPIJdcHqUgQmrGn0irqf9gx1Xkj3cC7jU4WTaP2Had1uiIepSf6QYQriQWIzLQUN336u3Si3DuT3WqofIQhkfi9wAlyC/ILVTNwZCcm/wKMAlasRcsRf4IUeut62PScVS1Bw8E7/uhfp/zGNb6aA==', 'Muy rallado'),
(14, 1, 2, '2013-02-16 10:14:03', NULL, 17, '2013-02-16 10:02:00', 4, '1bcec833613fa969ae3540cf5ca401387418c14a4489d52bc9d75d27fee96265', 'ITlQh7Gj94J9yPyL/4wU1GulzX0qtVIpkYMqyeGeah0vtsP3CJOb5N0j+yzituTwtAxnlPCe5DLrOcv19ahAyVuRQG2y0V+bO2yV+9RQhzAMauXj1fr+3E6QoZT6KvKylq9WGeHZKnW6XMjJ6JmczUjIzqm9MverkHoseL0F88Js5JuMk7D24UleD0/ctTRX82HdpRaHZLX19Ndq9IPg+nhHKL38WmpTlLI43fyn8aGn3AYZQJdTGmXdEx6CxeF9D11ECH3VUcZMWejS8z0L9vK5ccBBYf/sx8n/LqakvmYcZcHPZG0gutlLsvetP7nENWAy55LboiIIGYsf4SdXNA==', ''),
(15, 1, 1, '2013-02-16 12:06:52', NULL, 18, '2013-02-26 05:02:00', 3, 'cb9e90258e57b77e2f674b3ac525d9cc0b91ffd1e6a2fa33c92347d1db2d479a', 'cosBA/xmcrx/VeaJBovozIfe5ZQIAkhtyiFlnjOouiqCRLSgo9WZPRZ6jZJIKd9EcNjhhpFtQ3GWVMjNTfs/Ng0AoYE4gCR+v4JPbow1uT8sWavXCV3kL3MlpYaA0SR7eU73OKQsSz4GvKoW3Hoo2btaH0ZfYxK2vXbHAnu8iV4sNbBf0z4VWDP8xpNLh5Ib4WWaImEXinX6KFAY9ioB6gJMeso4eOivWV5Xc/EJzNpG+HdSTI0t/JXEMKP+LBClhAeia/3TzRylwTiFyWj+GPXLDx2joOO72vXUQGIA7hFpZ08SjHrK+BGoY6w04UMBpThmubsQmZ8LBsd/VEYAlA==', ''),
(16, 1, 2, '2013-02-16 12:10:35', NULL, 19, '2013-02-16 07:02:00', 2, '011514f88f3c04069d049d5b0f06d9166b6ec37d1426e6aaab43146779d834f8', 'RNCzvm3XWFDPYWgmYkWXD8iPzatguT1FwiLJjFjwcffe6Qjwpxp0ioMrMkKDozsPwL+e/h8rxp7ba2O+m1vPhhaW2XA964mTWfp1spSB8l9lk5+ZH7yjKF45DnifKC0pp1yBXcKvfipbnkfyqWGp5pKK6SILmXFsqyGGH9w6B5i7lyQr1bG4qgKiD3gEQ2peck6xcysnP3CDx/3zPc+IlnltYkbtS4VxSG0kIdWfeWpT0ohRodddVDPja/Aplc3gmoJ2Xjv70haU6GbOOaJrkglCEptg5JOmzpsPHqwOtr9MfU7YqX2K4KnIN5bObiv0rzBfxzFpSMA6wVZYlOtZaw==', ''),
(17, 1, 1, '2013-02-16 12:14:19', NULL, 20, NULL, 3, '0f99524eac349bf398a78b73ba18ca8470434c0e190fc93c96b72106c1563e61', 'd6tU1eW39JzNPoquT+U29J6CsoVsukU4I7JTJthU2ORwLcvG2hnmvAP01CWSZoytQS3hnhzot1U0fbney8SYU0ojlbbBQHFnioHGP36LM5AXhDS19aw9V3zUrZD3NFmKJn+xxPojhWmgKckgL4yL6FWGqQb9/Cv7EFx82iWobNZblci2UZq0UcECi7zIO10BeemgKaT/mZKUApaLcf3jdupzebvFGw+aLVwhCFPH6CmZg+MkeQ2jhFLL/hBXxMco2JdWOAB8UwWu2urlfbjZe0XP0waBi8ibRYhhQqmK3xcQasxNiDRUxMm/bwlwmhxGU0MP+DfGDt8V+4Uht7RaNQ==', ''),
(18, 1, 1, '2013-02-16 07:44:02', NULL, 18, NULL, 4, '897d8792b9dea8ca938a08fdf6a5c3f6b4f082060bdf38321acfd55a5f46647f', 'MGv5TSHRRTTDZIwCzS+xmGpkxFrjZeN6SZjgSuVtYPak4Gzs+ar1Jq7YkQ97R039WD6nv213M2enw3Cj7/R0KtoZJpAR3MtJPvKAjOt11eEr4LpqJ50mSvUOPeHP9TveO7n1tmrSLgC6EZrEAMsK9ruHKEqtTjjMLXmkR7dz2yhzINr2jP434FqpG0wdWcyzWNiedo1ViXuRH7eT6dDrnWrNchFilkd2s1eeNWqWsGmuU+0QVAzdf0qiuFTUpSP1f8bO/AOo35b14I2mlpAxaQwbPkBPkQZMHnuPqPWyN5AqM1F0oBCQ9AK/BGWtqJOmhb9ENX2dgKaSGVd4sEQEmA==', ''),
(19, 1, 2, '2013-02-25 09:50:37', 22, 21, '2013-02-25 10:02:00', 4, '9cbc2eba63af4e1b5ae9ebaa7b356db8fa47ac485d2bc4ecabe07e4030e4683f', 'HqLM87wCFnBOOndJ9srITirx2OLWJ1H3wfttoi2k1RtU6OKbPL0RDWk+qwEwj7LUBBPUHp8EYwoKMYiPD6IwmecqkHKLjz1k4uWnmnJF6Mu4HQsDVLQkukVotGd3vZ69pQq4p2YP/KWwvbVN4PA9o7sDKCjwGE62b6wdGmbgV2ymkUWQv1iWFhDE+woAfMvtFFE5ZCaF76WuFFFNABV9vg9JARt2QnJzyJyPJGsGaJJUtYHKXZkCdhzTbOxEdUfgizkdnURavpB9vERVqT1L0xIBBQkc+39pvBgSWAAHl5+10b6TJfVRpctBb/gaUPunO7CUvGVJ7EqBB1eCnoeWNg==', ''),
(20, 1, 1, '2013-02-25 07:42:27', NULL, 22, '2013-02-25 07:02:00', 4, '00ba2115fd5852ad4a421e0f4161fa09e9b0da3da33635986d05de976d6d0867', 'K5CAOl8g+UGz+JA3pf1FZt+mSaB4tSk9SGtxXqYz8r/bSW9RtFEQhhukz7eSzYMuAEAWeeSCHn/0pckSgQBZiiC8M8P/pGrtl4O3RwydIHKQiuKVWCAK0g8/8wntZWM/DTRKMklTef9FSvpueIpsnRu0wPWQno7UMYAKD9fx1j/zDL5TrnOkKb6NTG27aApIFkMKE/oInLV39UWMeBDTYJhnH8KniVjDJXuQgIvrkh2irXoQMQF4Zynn4YFW2/jNDVhWNgtxTFSZXPv/QiWRWwIgyBpYebXviM9jJaHk+tGfcMtxKo3c59Q9HBPsF5dZAQcS73EU+zAfsobNlvYtVQ==', ''),
(21, 1, 1, '2013-02-26 08:57:50', NULL, 23, '2013-02-26 08:02:00', 3, '879d6c6bbb150cea9873647cfa258830266fe7b687f15c5fd0705145c4d4684b', 'P4bm745lHpXbx87r71uLzsI60bVRql5jVs9Y3aUbKpKqp9JGk2a4hVOM7ZLSSQRdTe5KoWCRokc+jEClRRx2nVMwXbWBjNvd1ux4WzakMah+SLHFqvTahNT37+y6hMwaVEVlNRKgzsxiJ9WDtfmfVCL6wv+mZnlOHMJR1PwT/k/b8P36NXyxZQ1BmFG//x0VXxARpPY7EUrY1X7HB2+rsBVEBZq5SfxNP1wmWrPXXGkhkLqbNGVCxl77JyYlgbEQLzeePC5OTW8JgPD0b8/wfaHXvsMMeefJ9vPsqss2EsVtbpFN62fsZt/aeZJ9GWGhxlJBBdSs+3zywVC8Txsjpg==', ''),
(22, 1, 2, '2013-02-28 05:35:49', 1, 4, '2013-02-28 05:02:00', 3, 'f306b2c9534762baaf27c9726ea1018e9f134dcece4cd4cfe4b947f8aa3a1d17', 'IJj5nfp8e1uNPo8TrohmyvEsYeZmqer34GgMomGzE11v6HtW0MTKJ26/Z3OEtRb1qIlEcz5u/lNO43w+VKoNF/9/Y1k7+CDUt/nw3JCNwYR78R1fhIXfX7H5YHgyhm6+AxFMvZ3IMppD2ob9NdH4Wt1zXMLeXkLvedq8sNyt7Q5J2yrwtNU/4XIPFd9gygX/plS5Do1xQ6hD9IKC1w70MebcrhnpezDJASrAgLnzT1lrEzzikrJrYv1eN1mFoK5uXbOYEqR+WYb6UhQktAllNCmhEaW9NEr7QRb2QQK3YNN8s4vMVKvs7K+sNqPJJujGEd2FRjPAIC1j27e+2wr+pQ==', ''),
(23, 1, 2, '2013-02-28 05:37:49', 1, 4, '2013-02-28 08:02:00', 4, 'dc4e3552d54062ba3b7916e60300c6c5433b04ad6afc146757b7707c820c4723', 'B8KeR1UXeVCIxPyb70M7fe1O5yeLhUuu9zNqnEqNKDr1g1bu9iorNhN30R76SVR+fBNrCpJqesACC+oK4sxQmf39AyQ4IIc8fBLRiGisfBlM5kwY0N0kgnGeEFDOwYLb96NsQl7W4fE2xyh3YT9k0s3D1Bm4v0Etn9A+o+8WTr5CTgNLzCpMf0zCpO7yCfAWqlVO9prYOlNmVk1j54sATBSXmhilwLj/qBQfRSBtkO3CqWDfZoOpLbcVGI3tkQLSEBgXBQBJnkybdc6hLw8M3egBA4MJywWDo8IMjGqRwx6DgM728blnveovMXgh3TdNOXBVh4mmJMEiWmBIMz04eg==', ''),
(24, 1, 2, '2013-02-28 05:44:23', 1, 4, '2013-02-28 08:02:00', 3, '4c3da42ad222cfd1d338423b49370ffc78292c2dbfb1cc07c6e770017eee2f55', 'EBzFiVofZHs9ayk8ov0blKuCmxyvkqT7dPmnXp20QatG2PPCdTEGArjzXJFazP9/rkGjYlk2dRxrWBXeXNnYwQt2GU1h7nzhq2nArcWfU+pHB5MFT+zfKArxE9bP/g6jXzOVs/eiUnq5WzmFJ2p2/9XxTTolerF+gbm6c+pO0Y1LGQnlVROxMvumLyAWuVcC8U0BbhgnRBYcUSfIVmD7IBLp7Rk1wQGbF4OpXhnKNd+VAQUDYj2vrsJW7681PUdpmbWs0aWbsfXenCuUx8WR8yyexTXhbOtKqvk+FukpoGT9JER7BPYUja/Z5W7WHaG6mLSxqhKFilXHNFb7esE4+Q==', ''),
(25, 1, 2, '2013-02-28 05:44:42', 1, 4, '2013-02-28 08:02:00', 4, '9dbee6c071d80d1d333ccab9b64e2139637b7b122de416fc00111c2522d75477', 'MURVxUuOwfXUqx4ZbUrVI84XQqwy8UYvaDCGXqjPNqK3uAKpQWshZ/z81e5o32dR34HZHdgmuoS0DDGcTB4tU4qbwHP4UYwmPy2fHZw97625LrCxILbRv+h/yKD69sjWu7xaQJnJwzLwwoyQ+Suxd+TfMyhGlIzBocsivXHnY6B/0qyrGuhqwl8Vlww033y/m3h53S6Gc5wgQ0w7QvZji0G69HIVINrko3bK94dl4r7G98qr3jtyhnhDI0WY+Ojq2er8nRfqoIppOa/anngg+sVXwnZ8KPNEeH2cUSQP/cGpL1GYPRIvqRiK5f4y+cn1ode7spdYyqmJ7lWgSbwmhg==', ''),
(26, 1, 2, '2013-02-28 05:45:04', 1, 4, '2013-02-28 08:02:00', 2, '96ce6e21e0be5805c75c4be0b6c0d8de7ad143638e2ae51b7063a7f24b0bf7a7', 'IfR0MBP8dHyZe7qQYcLEF+5/Bm4guT0dOUVRL/Vs/WRPvoHtiCRjor7V4Jb2lK+Fsx00+93cgRR924L8uFAwE8RSfqZlq+KD8KOg4crh1NeJ0cBpY6D1dFmVdohckLrwF4NzOxAun8FrGJZMW5ZM0AZb7Hd8fTk0IXYQatMGllxCQgfAGq95NuwqTU8WzvtgiCgjtqB4TnIjTOyYMqPgpd3mmBBzaNj/PIYBv7FpJb3mNIhDI/8w+ahlmRrh0I+6zIecYxMh68QQDKb0mixZne0qv95DowZo4rp3ZHTUT4K3wYIsiSzCYlsXUQb6niyiJj4mW/RarGqI3dukmelRCQ==', ''),
(27, 1, 2, '2013-02-28 05:49:49', 1, 4, '2013-02-28 05:02:00', 3, 'bed44803746dc6fce64113e9a4188c7255d6e1548becaecc6a90ab7b0d330af8', 't54Zvlv2KRASpAFGddDPBD9PKFq70vtNeOumL4fCvaDgs9IQnhLLHpwQ1BMauf4db/Ir2wgbGq+BDP7CsRhrlLst5/a/NOvzKDXqLMHNPFdjbM/RwgHI21ZK7i2IS/aRHunRXRwCAlqR0FTxeRHmZ3Pdtd4xNfuPIfLqZ4IdaOv1E/In9LQMyjlCAtZaXQMFHik/vOW+qO4xY1xJzcyPAd6oR8Z6+QfshNGPC9hhHCbmC300nP72Dv0kXXUW/HlxXad5dOvmoePdG1MlwsSscVaLPCikjPGE0kAyCqdhX4FagnlKava/UZ37RTv5Sx8LxEMsuhYJorkkA4hOs7WqOQ==', ''),
(28, 1, 2, '2013-02-28 07:53:43', 23, 11, '2013-02-28 07:02:00', 4, '73e6e4874b57e6f77200626c19bf1820c2c88e5d5929f7be91d0524a85d6c739', 'IfpNtqlYBOTuEHt8TxEfMNp1RgpfQcfs5bqOk5sl+vxxmWAUWiUvJrdYmso9TE2NfmUv3d2y0mpybobk3/t/mIIdywgbaXiOqP0ThzBNY/kYItwTJJkrGXJMHh3buyfICWvLTTpDgaeDACSTw+mIL4oYvbuR5yr16eKnx/iRAeALGAAHWzbNF06u5bHFZnzDXs3iRL+2M08vVXujZUbFeYWSL8qkoaOq4O4DnkK/F1J+uSOdfSlAGd2e7txnZ8POKqfftk4ZIKJyXEJmj+8rMGT7M1XHCQpMtcGyatzfaTPV6bcl16/xEpnK3ZZiv5g3aiUSdqwbP9+Jj7ONX7+Ebg==', ''),
(29, 1, 1, '2013-03-01 11:47:44', 23, 11, '2013-02-28 08:02:00', 2, '1ee7465c245c7fb5745ac47093b738a47a0e4433cd27ee8a57cf670b453d5e99', 'C2stFXByEl5fiiWhRSP+Ota8lJsofX/rsNYwjHoejI318ef3h+JvSJf1m1/3/aPY/DfqQqX8ZwKUvCBKOZ8RNc9yLPgkd/YZhdDCpKqNuU2kRGJbXHY5BsiErAEZ3OCsh+rPY9hQsIdRLaqZlfez9WR9Ix2ZldFlz03NiMVY32U2g6So+iL7oS9Kkc16fQQDhmqPueC/2uG6VkNG7ElTzK6JSlAJY/DSTMyZMo+mUKbC/DCFClipwgmUoL+ukRS9rLkzCtw42CccGZQyYS6tZiaG4g5Fwqbp8CdV74EMT3ZXqtMamRgzpnrL1KJgsPFB4Ok7qr1vlHZPWTwb3uyACg==', ''),
(30, 1, 2, '2013-02-28 08:09:50', 23, 11, '2013-02-28 08:02:00', 2, '0f624e49d885c8d6a4146e5b4489f496b4bf47098e2c40a963641966c003c29f', 'nYgulcYe79N0qZXy+/bfdyhjY94Ys7G95ZzPk06mQSZtVl8evKtCHhuG2y918N9y+j5Qd5huWySIy3aDl9Pu3cJgkKbcQzakCWXtzMFrRzQ7T/m2lzoLDwMRlBwOXwczM5B5bxwpIGVspvePeZ07oqAyJLQKjiayoAHS5qxcl9JAAStMwh9Os3ukDQnKHPPGVoMHM54nuavoPGSe1mXpgmhcSy5N+YV6Pj3/jbCBytPUXyo3edgjIosmJDfYc5EZA1hiMS1t289l1Q+qSwh84YKbsPBSVmgDvi0c12hT5hfJvyrJBgH5fuJ0QQsG70LP5Rft9Z7JZhvhIcRhPwxvig==', 'Muy sucio.'),
(31, 1, 2, '2013-02-28 08:19:26', NULL, 24, '2013-02-28 08:02:00', 3, '2d38580f890d06b81ebae93b5e41aea384f2b419bf4363c9189b03aa5be559dd', 'Jw8PBesTJHUjS9rMq0Xe/HuqtqFPB2OU8xZrEydQLVOE/qiYGceK+9c93U5bjArarbU0dvg2APRatLUP/oTtBP1EoMrfY03yrodnBJ3ve3w5dM5WSPahHl06VSh6FTw+uxiGaiIqXJGcDAjAhpFsV1iSDrSdLmQR6GiaEitdChQYdr0Pr9RidNjW7VFazwbAjI8Ro5G531kRq9BBNn/UZzzBGWJA8fUZ5p2LiEniXXLTETgKsaWKWBBD8uYU3RiIKznAVk9kiT89yivOlf/6oJpid++FgjrZzW2HpRmJii9dZeMg0VtyZHB/y0V0+ikr96to/ywj9k1yGrgjMpcyyQ==', ''),
(32, 1, 2, '2013-02-28 08:22:23', NULL, 25, '2013-02-28 08:02:00', 3, 'abd9bec5e598d34755aab27f3145520d17702b77fdb4f173d2f6d48bc0e3536e', 'blZ/tcICnylyPMeKkvsOEOxG6EfM1P0kFYxjjha/kJa3MjsVGexCZJwnhWn7yWAYtCoXWr4EDJG9WwWDLGT/3B1X7mxADBAvqGWwXqV0Jd35yq1Hp/2NhudRExKkK7Xi/Fyguo6uRGoUEPrAsa6Tas2fE+PVtQ4RbTKwFgdxugJchnqPTx/eeTIkXtPrG+bA04G4dszGWOQiFhFlQUDXFaCeL7MSlMIJpT4s/ecSd45bWRt3xXATW11P/TxO9wz1IIBB5xcEU9Cyl0PNg3YNKvat+3d/2cd35BaTZAvKn+oUBh4XpVtSW+xZPaT1fz+L0oVnYjBbCsnaJTAoikgnFA==', ''),
(33, 1, 2, '2013-02-28 08:23:55', NULL, 26, '2013-02-28 08:02:00', 3, '1f61130009555e842b09deb2deb481aef0e48d01308f7651da246343254015e4', 'B6w4U9LETmM8Q+AlDSAZ6loZQb/MckT60OX5fzu7/Mq9E3PpK+QsSYANz0NxhmziOfJVxaHdUiC05mZtlr5aACUy74DelwO79whN5avwMW0NJSf4YmEYPLH4T6jw4/npAwv/SfcE0viuzcM5P59F9nGEw0NSRp2pVFZfWXFLxe586BKvuhYajFrdIKs3+xWwMaGQHsW2Q6Qez3vkbnUPkwuofXfhHEEUVSFZJo8L9h8WlQR3gbqj48tI5gpAO+CrwhWYwqADDvO7VVTOidJ0Cn1B/6DPj5f8Ze0V0PAK7YgqeklOIMveMcKRnTYBSUUAaHr3N6xqqaJKjP0BHblGlw==', ''),
(34, 1, 2, '2013-02-28 08:59:39', NULL, 27, '2013-02-28 09:02:00', 3, '62f7a71be07f60fea4d1b169d0e6eee23e0a5a76f6e0198d91c7295b5e1feb42', 'RwSPdOiKnO2Eq2XfUpCruwP4D+svhntJtrpdXCGhhui15+J4mDme6wGoNuMel4UKgQ7BINMrq3fL/pheZzj7H4qNKagVI+84BoXYygps0eepX77m9h1cqCM2GP/EjGUur4cVY1yOfsDClYB92lQrcdvpNxoQBsHbGu2Fj+r1vloHBrAHUmcka0E+6P9H8GVbtNpxkkY0cdzt9ZXF1A/3bc1ME8nmxSMyED3IWCdhiVK6iiXZEYZW9KWmW1CTompZ2zpfEV1HdzDLD95Jf3xZuT/z18r5UbuWimOsNzBMuVIsrzc2TCSy6WNT98+d6H7USh8RWIpxsdo7Qp0xcV43iA==', ''),
(35, 1, 2, '2013-02-28 09:02:32', NULL, 28, '2013-02-28 09:02:00', 4, '97c4b1cebe642ada8944efc5cb8753e62e6eaa7949b8122d0fefbdd0332bc0b8', 'LvnIGA9ZAsLxxCF+SASA1PPMi5EeWKr/7NN94y87O7fFU9xJ635JaJWSGXWJyE6G6isb3WIysdCRZ9SPL1iY8dKr6C1EWe5nzEV6KlpxqPYPbA4F/X5vQxOHiEXBB9suw1luroTfSNac+M0jdtuhg2AZH9wV9eb2iYvRyKFrPhOzLgIzr5/Hygvb9myP3HgYUWKE60crPHRod5VANqzL832pVW0Na50jvleGlW7htVhZjGzMJEhWDs9DivkVZdof1wCcXfxQjL6deaZS3UD02+AaJP7clllg75XqwD7b6G2VwG3fdo03y3NAT6I3o9Qfn03OCEyywhjWCp5nMyBBbA==', ''),
(36, 1, 2, '2013-02-28 09:05:19', NULL, 29, '2013-02-28 09:02:00', 4, 'd3b9663f97673aedf95752af3e7be467da2227d4a391db693bb75c32cd3445a2', 'lGx2MotOggrn3cJWZxRH+c2iSPQ4UGPIBbP2R+v4zAybexcopE2keYmcy3loOzVf4gwa+TacaXFLYIUwqRHWH3FFQ8ArBdjqK+y+2caFbRaW3+ozlN7VwbGwHbIY3tUQZYJcMZC0xipQ0yO3aFhWTNTYm3PJiKdCNnXc2PknnD08EAXyeGNCWRB+tDnmlHiYFzj4aLK/d5Y043K5TDwpy110UWTAIlk0usLfZIKNmbhZGibm3xBdsaeVjGakZHNICZXfPQXCwFSE7L/M/CF6rTAwEDjh+PHKco2m4JLVCm4tMyxiU5FNIse8nbTRkl/po2l4g4SIX6P1uNMKgR4TXA==', ''),
(37, 1, 2, '2013-02-28 09:08:24', NULL, 30, '2013-02-28 09:02:00', 3, '827e64e124f6f32355d89772bbc78c056a1a8f7dc3f4c79eed3c68e94cd5b103', 'u/HVS3Z01PguOPojkaCalatfRg9h8LRaX0XvUGobtdZBW8ZEaScW7aOMX2J6FcMgnH0cT0d+TuJ8ezZs8wCFkMXxVIFcBsfNQ1knsYHRuyNGCdGqkclEhy1pBsoZrGPLWj7xBrUqp79nacqPMhQfhXYQSOqg92HD34pwlnVHNdYrSA8kbpAs0sbdD2AR7K2KSw2LYlvn2TSRFVdSEDtSLEPsTyTIDwB6qtBl2EhYJn/Q9OobE97FS16MvgXRVX2t8hIhyLJ9hb0V10Nr3lf8RxvtEOPwpDoULBfNmb+hMMLwxUt3KMItBFAb9Z2c/0PMlie/rEe3jqUSys+pBWl0QQ==', ''),
(38, 1, 2, '2013-02-28 09:10:44', NULL, 31, '2013-02-28 09:02:00', 3, '44f27ca010bf9719ed4818a1b2e96052ebf719df2b2bf03a0cf928d38401514f', 'lAwzUmTFEQtiSqT7Gt7BfsDlJKpl4aUZpznZ9s2oepNikrXTqVuSYmZfpkKuLdipfS2mAfUU7Lz24TsxzKQz4cFzcRdZfx1qrKlu4OEDlukhCo497fjy2d6aubUgzXmXacUupbUhDdoPkID2Uv4283BlEC64PCIdWsR84q8tv005sZh0aNYqMx3QEXVNCPpg5oJudrgc6jZquzgor3GaX7Im5+3/8NwfRkW+J2G4ZtePUPhY8gyju5Wma9+DJUAE5jd6BNrF15BxOoZOJ9pjpYxl7VegEbxOt+Lhgdb0a4nXojJXAjlGfbWejoxi4IFQucYjH2u6OZAMbv6toZVCYw==', ''),
(39, 1, 1, '2013-02-28 09:26:13', NULL, 32, NULL, NULL, '6020d173788ba492d0c4f01ccd2a9bea715563104d9a009d1af7d14a466dfa4c', 'p8wyNwS3wBeqMWtxQzdWxRqTRGcpwnxSInS7UPVTVOZzxFbDpnRG3fF82V1WQb3fq9QjjIg6Tu1WKYJv63MGBXO9moRVLbm+0bEdTtOE+TFX1pcZQiJ6tmFyxKCovV+DeHu8X2m/IgBE+zBPUHxm8icHwf22IBE7u5But0ijC1dMHwmRdPiJEXDQXe+VIgqmkxGs3js7iSTFe1as2nhriejr3/ugu18zlHqY7tn8C8z3u/FbropX583c5REwG36EU8LXqvtnYHq2aYqrEN8MIJ6GlBg1Kt5CYPKEFh47GQn+ASk/XASfzXxuLm2m1TvuXawBbjFp3I8z4lk8PCCdnQ==', ''),
(40, 1, 1, '2013-02-28 09:27:12', NULL, 33, NULL, NULL, '3a8391d03b39ab5410533fb30c23034a2669985a7a59a0ca56ec143baf225555', 'psneXv2pzhbk+ZSISOBe900GXrNUmZfA32yQwRrBGytw0JO48dIe7hSHbqfHljRehykTkLoIAWGr4AIo8IZqOrf7oJlFALo1Q8cimyEkQr53+8/GtlXGtMS9c+TZ2RTxyp1EZ5U+78obDhavpFmIkiT/5evQnnMCiRzM68gplCFGQ1TSVDg+1XaqQZ8JKRKQYsK0syy3+s/4SqqjIGJh2J8BlB0Kr+88q1AQoBRrp8F1yqVjeaTK8aP4asOXdqSXYxPnmDhA8ibLz8ndlpz8Fpa8M/CX/ItFxzcpDnBJWOALKRK+p4jYrKUMKYabsRK9MwyrzJNEONwOQT6IawEo2w==', ''),
(41, 1, 1, '2013-03-01 09:51:04', NULL, 24, NULL, NULL, 'cc08ab4d0bd13fd78539e88a44b1189935bc2cae9215b476487425979dfe5746', 'FEo6fg6i5l1kK2aVT9rJWtN91o3hKFQMg447dYlE6OeTuQWBPM4Arni401pwLVAehbaku1cTuegqtrfc7SafZCOTgqt0WJGL260gU5lr9jibp9GZa2nxJmLe9S5F9GgSJHxgv2zRk8gIcMz5ZNr6+F/ekFsdBNw1H56g2IvFg/u27sieO/1IfpkoQfyyWLob2rKAy6lxLpPs1m1ROHY0T1Hi0m7/QHHJ3fcc0+az23JFKgr/Dzd0l96g3Zu4/vyiSJ3acjzeu1oCoc0ULdRVDgVaO2ZFL2ZXXQLztnhqiyb2wBmDkLsPr50e/Ha5vG+gz0ULs9rG9VWKj2pXKayQDA==', ''),
(42, 1, 2, '2013-03-01 09:51:46', NULL, 34, '2013-03-01 09:03:00', 3, 'bae4367ed2e2ebf2186082e18dc61cfd7d3de46d62d557eb02fcb96ee3c05464', 'gaflmOI02ERM4myZFaWBYpZ4DNzH+5t6mkaDEDMpx42Y8u2TG1Em1Hq0I8OXVZOFnU/74zBuTmbsBB7xdeuy9yCfSxMDDuy73UUJ3ljxMcETQyFRttbbWix+coeem4HupSvEjA91iuEr2IL2dmYrRH4dFuHUr6mcsbdt4XrFb+Zwbim3nZovlAf4Bri0M6gg63XG1Cgq+n4g3k1I4NerwWov47mkn5tZudNnr5DXByP7lu7l5UZNgcophvMgrB52Tl3n87l/GROsglXocUwzFRgSLd69V2mvXYJfO1MhJ6S4o4LcbkT9C0o9CtVWFJ0R6TM12g3lpwKzNC5PCMFlYA==', ''),
(43, 1, 2, '2013-03-01 09:54:23', NULL, 35, '2013-03-01 09:03:00', 4, '5beab0849256d96321e15061bd5b15f3e6ae585826fe18c3eccefe12cc78dbbb', 'LcJ+bEX/ynJZ7U3LDtymLTqtTEHwpIpkInHif9wO7aDypZnia9+3aHCRud99QyQAVeq7zFR37KGd6jUU6aTPie3ZrhKyrJrXLQxdQ+XnwKN72AyN9jhTKuyDKaBlgu61swiP3f1fytmJfEb0dHckj1aX7m5o4GytPihd62JAWlqv3s/tHsClYp4sjSDQR7EyUIDcVDxOatckFQ/WOWG+y2C88Rw5NYmL9/YMTGZQm047LQYFN1q4ymkItFg+A2U1g2aYcjb0kMJFLEWQ2M6mdqm26EVU9TMhJ8gjoYJ+R1aGKj/BBBEIedX4HlJkq1blJB/xkkevsagO4+NcYa9xMA==', ''),
(44, 1, 2, '2013-03-01 09:56:25', NULL, 36, '2013-03-01 09:03:00', 4, '36a0260b09f13e4ba7fe03fd8f1c1cd8ea72f4d333496dc853c773ef72c6b79c', 'N8RV7HjKkNf1qDHduohevsgWWpk1BHtfW98K/tCaL///XtfqLgw31t2IWLuPU4TbYdN5+E/nevqSAAuGaahetoWGGhrMQ5c+a1kf3QTDHPCHC2Adk1vV/a2xZ+m9Wl5YYpkdyRNTj8WNgexQ/rU297EXRtonppMznNpakk+mPZSKElc+/1QQDTcYrvSCyPS/NicMUiEUnK5kObhCbDJAb5nhLWDd/6qBldr4U6x8VlRkNn9HS832eZsMFYeTf24WTCUAsFWgx5vP/HzOIfdl7MxlbpljWD6FsLuCGdsUgzjF2W5DCDyrWnenAWmGtUIIfoKszhKok75En06NZRf60Q==', ''),
(45, 1, 2, '2013-03-01 09:57:55', NULL, 37, '2013-03-01 10:03:00', 4, '57123bb0dc6983ff727e018c8c29e0ffb25c047cee603297b2ffeedfcff965a8', 'ez6YiPbdYIK0JH78UiKZdk6DgXmtt3F71C4ZC5mnn/4/BBeNVA1LttU60lmu2ehmRgAbMONOvUlhwyVthCmsYsgHVUSnUIyncl4/YJpTsBlwTuMbh9x9ylu/PwTk7EGbgmkipmNbN9cEXFLnsrpo6JyqAehQ0+sps7+xdcwQ6EtUmmycPvaUPAD4FQ2KJ4RlsupY4Yk7JWZ+GwRN1nfLk7kKvx3c/vQVo3daMHHmsiTuNDjH3s/tEWXBJ2iKJSJUt0/2PGGCP/SYrBgY/UfJGTqdJf/+mcA0pmoLOY7bhuyb6k3MmrNpf8JxNq0CaIM+zm5KfwvUH+vD81xxM73xUw==', ''),
(46, 1, 2, '2013-03-01 09:59:19', NULL, 38, '2013-03-01 10:03:00', 4, '12e12c86d13edb5196c1784354d8b9d308228bcdba915b7df6697eb562a2ec4b', 'dV24Dj/YLat1jGOW+LrImIeFlEIQNdJqO8UPyA66DYO5GaNJHMpl9gpEQqdaz5fKmIYSwNd5doNvuMJpEdue47E8w+9oIPBkN2CdbBSdCBteVxVpqXshCnDf9wyNfp4B4X2vpsaHqG/C3AFkMKQF6dNo4hqj9H7iQJic6u5LJMYW8jiBlLSo769BVdCHO+0aQPHD5Fhs0sWdW5pEM0TIFS78F/EBg6ci1CGnMa5xjljVXY2TYQQblggQeSq3hxsHtf9vwOqX+5aw+5khPcrOY42btY5G6LrOxALmfdeeirl6W0x69kcZsbhaVfwfb+9CFPIGwR14/awoVUWbs+F7Hg==', ''),
(47, 1, 2, '2013-03-01 10:01:42', NULL, 39, '2013-03-01 10:03:00', 3, '25b0ba1539d156e87ffc4d227ff0cc1d1e772b71ea4cbe9dc7f1377fba5b2dc9', 'Vhang0muyISUakXCH1S/hANlsK9gE1/So4dX7U1gn+LCGRQXSVw3prF4+ccEnJ15B7RZTgFbDf9nJDIvlNKYiGlLEJuu7xJSWa6LZbcrtqJTejq/9XgtoKntxJ/J4Q+lBLtizZGWHd8q5EIGiaIgSiVd/v7kBiklcH1kFCBX5XVDi74nGc9LyfUKqDX/5lLk9x1sQi3YSVdZjuxHbIBwJjg21kW5lNfqJec8KZCx2UakAM/p1307w10uaD3hiBcBwkdrbHmS+u9EpP8PCUQBIO0Veal1NG/4fY2q7VtHy+oBCxeGcAN+9D/SxAne0/eU4XCuKSwFoMwg97xbjuRpTw==', ''),
(48, 1, 2, '2013-03-01 10:03:36', NULL, 40, '2013-03-01 10:03:00', 3, '4242bd1f1670984ca61f2ded1f7d5a630eeb43b6aedd51986e8a97e662db685f', 'Knef/NpuwoziALnaLkprT+hzeMmdRtSCT6y5LnYSMxFdrUMrg97XRPKRxRO/zyy6nLvKNMHQW23u+O+WcjPPsRvTbsl8wjaSn6wp9yAguU1+eRRi1VtrwLkhrA4rtTSzsFV5e1P+ogGBTpw2jAyDS+6A1mjXcMUPRy9AWLqFUY1U1Fv/YJNqSpn0ly7w5sFxaoPHQDGw5jypugfqkI1vxvIV2cQQ7rX57bMVUGgzIUQPNYjP6ooSURrsxYs8GqZqKarUhx/Csbh1kprOgXtVtYKeBMjbDuTraMceybogvCq/syVAh3ZPefF8Vnmwl3J6Ncmr3/nprfHH9nPrgRNlDA==', ''),
(49, 1, 2, '2013-03-01 10:05:13', NULL, 41, '2013-03-01 10:03:00', 3, '754686412907be85b411cbb215a70dad3f0e6f50ac4f99e878c555744b7770fb', 'RAzFsYor3GCVBQmgE6013yOG6Q2mPIOqsMYYRT0z0V4nyAU4lgNyEG5HH1/eub6/yTCVwUKvxLqoiyhRptNCIR/sioxjS+CFKe+6Mv9DuK9bcRWT7HCd1J0J71X47/K/5/armltK4VWsjHr7vZ37qDOdVtD8/XefgRGeppSLQSlt/EAPIYHp+VRjDriU90bRk4Fnp4pUUtebqCoSqsyPYotPz3leVeIogojobaBf4ckoFRU1RP50shjiSL/Pcct5ryVJ6EQKNd4rKY8bOmBkSLpxgDBZA48eotxH483UCjRikxT1XxoSUADPZav3BzJLVtg4PjR8ARxYQSS60Iq8Fg==', ''),
(50, 1, 1, '2013-03-01 10:06:01', NULL, 42, NULL, NULL, '0fcd4ea595286bcfc9b07bc1a69716ad0aa259974f5a6496afd59437da3079f7', 't8QDQHwnPTg2AiMtHcKE13ftOGEkn3i6VMsgM9YNMOA0sP8dcVOPib78zae+MWErnA33svuddXsuQvVsFKTaj4A1NHUUd9aMvM2TfWahfNVDro+kE6dqoQHYi/e6G8umdiMACyvGH9TGzSewuTpIC7aQFh6bjKCXrhqVw+Il4LjerGUjrJyML9I0P1UhHk0NMs8Q2kAnHfSGAxXL3NJd57b29XUixlmmjNHvM6vPDJ0nCkpD+kN4bHyAB4z77E3OAQGjKnmwxAgfCee/p1b8L9l55IemvoKbIDP0hdwqpzP+9/dhS18Ib/f9FdF6HAwxY/wuy4jJOEGI4rg4aN8gkg==', ''),
(51, 1, 1, '2013-03-01 10:06:04', NULL, 43, NULL, NULL, '9f166d59a0e04fcd5be54c020fadeefd0157081a79192cba8eeb6ea0caf7e5b0', 'iugcz9JM7QEgJZNTlNURi3FGxdkC2k7PHy+WrTu/Wmpj9VmCzAP1T1siBU1+0K0BB+MlfHgdxjekcWhSa+rujah0dCNjaOwb9+zQawEtR7Wh8IWZXFv0Gbq4Xzbl/FP5XKjTjNwE1C4/gF8filuKM7q3rCEsbVmVJwNsFJA1GTmgY5U1XGMS51qnDvntrtd6cdvx95AsxkWwclzt22u8kmibGU9/vcAUsv7o9Dt9pcLtJvKlbOrV57U/GqUTfLJhsV9OWQw93InffJU7hHaLj+nJeGnaetqSZ932zAqCo07jbAIq18ClwF77qTvGUGb+RIcq/OH1/7KUQuMGQbRDvg==', ''),
(52, 1, 1, '2013-03-01 10:06:26', NULL, 43, NULL, NULL, '2b4ce0eaa147a7f9c74aa1502cbebfc5625470c5cee6098cedaae9ebd130671e', 'V1tg6UgOkAgdwCnN6OFChhsUtBj8mYKNMLqUNOhdrrR/O38eRIWe/CJYm/U7XEmF5a+wkTESNkknbbXKtXFdzweK9Q5M8pxcBo/PyjqdbAfTMksTklDi5a8gVc8znR2lJqKoSS1+zB+aTk1ZzuA4HN0PPKMxDWhGppMFv4ak7oggJH+p5eOj9Y7fXVM8NKHP6XU68G4qzjcC9tYrAIJRRjiIOcOqhHEbdsA3aGsFISGTctKY9CoQqhgj7nemPdUY5eoAXPkupxV9kTtm8vkvuOjC6Hh9IOhiApxZiqbPYJQAmLTW66SMhD7KCuq6bbjVsBNlLYB6lxFB+P14aZH62A==', ''),
(53, 1, 1, '2013-03-01 10:10:00', NULL, 44, NULL, NULL, 'fabfa941c16ebd39aea5611cf0a3086c22b4ce0ea5117447bda0140e088ea8a0', 'LFiiCGTol7A2MvNF4lXnOiSRHhiHPySSvP2DufQP7fN3lNVLzP5rNwtTp13j1899+eFQtyyi2i+UXVxiEd4jpB++xAUTEZCScdoJtsYAStB47Citx9fuaeEzDxJ4XUqXU1qzJ3KBqXNh+yPnN68K1LHR26QV9rdPxHOtMWi2YggYXIfs9KKkRiuc3R0ZRg8m1WW424oic/Ie1veQ/7A2H+sCAG/Mr8zNyKEL2+Or2P+mHIKmev2+d+BnfXICAXwFpMDP3j8NvX10h+9uZ7Z5tZvtwF693VopYE8GlbUQ4xwE2p4ikRQik2ApDKPeex2yZC0Y02Rb61r90Q+D/C6Hkg==', ''),
(54, 1, 1, '2013-03-01 10:11:33', NULL, 45, NULL, NULL, '4fb9382e0fe93fdabda28cb9f69e5e746ab8b64800682471487f70ec449430c1', 'onloiwrSpADLMvnHPm2adSNELH9JrmAq711KdMae5WRyExzzySEAS+tdbolCB2n4eDWXHaGVqvIU4Y8Y6qsDgnmT8DQ9JZihlC0fJ9ACwv23sNz3n0tXR5L/PC1XYw9ss0dfq/jm3zfravNj3G4oUSNSwLtTDWm1yucieE9qTr/uFR3LeJN3Lpq+i6mO3+IeTE8lakIlN6tqR8FWZetnF7xjtQ+QDSrqGEppwaM0GizrVvfPiytjz2ew6l4ReXA/EDYy/a6bHT2u5qRWckTy6v1CrWg8FdY/hfR8dvPKwUWmEGFdde+Qd9/Rx9HIyDJqzWL8Nl2IGVzerBz/0ntFNA==', ''),
(55, 1, 1, '2013-03-01 10:11:58', NULL, 46, NULL, NULL, '07aa1154f8319f069a8c3f556c440da7d61b0642f14258efad0f9f0a82c33d81', 'c62Y29/wHY3qgdAijw+zlt8whcIm53phbaXMl6z+uvimfvxw15ldRYqluKclB7AnFYYm7SFbIBks3445VImr1obg4v0y5A2RpRas72IweV4lvnHr9GpsYK6xsiD1gqAm6/X81dj2YXuIj30LgjvjYfG42Tu/grzo6WIky05bqpjrc9yM5WoZVCWTsOJCql/sbMkAUrwm2erpRd7kZOl1Fvnre+TFJP5QVJ01C5Ud8D8FbHEectZw1d+wL/MXFEil8m2/UJakoJncto6nfydOwVHjKv6tq+jFFRBFbzuqwpHptMhq29PHaRdljfdnmHO/62lxaHLfl/3BFfdDoaEPXg==', ''),
(56, 1, 1, '2013-03-01 10:12:21', NULL, 47, NULL, NULL, '903bf0b6f9aebbd0a5776213583298d34aeeb91b68b4386cfa8b49cd30045b6a', 'ooqLBmZA1ImbKFeVS/XR6w8ckNArVBQmMiPz7Fl+8g8Ym7Q1R6zGt7jPqQ9CDdYEhJF3iykmQ7N4CBj3kRCWgVyRrNM0jnB0LSiHB4Ufp8jDuviy1+A7PXXe/rtLjfpce/N2KR2gbeHV8agiUH5ozn92HxGkZyfJQgWmjt+0x20gEqEgBcj/TawpQhb/Ph3dL2S+Iz2VgRL15pGlJwDCNqQyFliARA+u6/pGGXfGjAVw2r8eNcVSO4FP26JFyAFsS+JXTYbzmZlAeef1TsSCAFoetlZO+TB+87f7G5mVT1VxUhx1arxYF5GOLcA/fBPBR4XlrvrEsu6JVTzxwL/Ovg==', ''),
(57, 1, 1, '2013-03-01 10:13:31', NULL, 48, NULL, NULL, 'a279678be0298a2bfa834225d6d6f17741543891629329c0e096a33f8b71e7ff', 'T9o00I1d40iYHwuDCAgCG9oGBqlS+0x/Qlp5e+QKS7TVRNZgpPKIO2RIOuqOBVn1OoT0O5hTPIS/guhJno77IlqecU2UER6nzYupU7rzf4FOLJ6B81u+p47WF67wc5JSYyDVJsL/JpbTIjwkKjjKWoO76Y95ubDawKYFCpCk7/80FbVb+kpe/c7yNWzENgT4NEJH3PD1XfrY9jz+trz2WdrD59L1dZgWRzUy8KZmZ1hmxBWTLEV5fkDayhBxCIRLdRFfcxr+jK+gAtLNy4PnOY6xn45Uzn0wh0krbihq03luhx7akvtqyFzY6a/oIB6kDCN9x2HfHyKN7vdJhSWgHg==', ''),
(58, 1, 1, '2013-03-01 10:13:49', NULL, 49, NULL, NULL, 'c8bdc952fdeff3e09110bb8d628dacc1a5d38cdf429ebbb7f3517093870ea66d', 'npMqGjprRjZG5xePi/NBLOHzxV2EafGjGF3w3CR/+31Rkrrt4xYNb1dKiy9/qSl0FlJtcNIFNCw5kgCrzdXeA+sqEgdHuRIvO7g2ArUtOViz6ebAxckxTmejRJjl9GM2sRw1ZfgaKDsE32qXhHxSX7uDSm4pTJnHZOquL8bGfWImVqhdHb8EfWTUv5d93ks563A1rgEqdqomH3Qtt2ut1jzJ6pp5PpRGN9QUgp69oclwh/FKyJWCw6+cVOM//+NqySiLtPX2Pe6PoAkJRCyWx4d9EFAdvZwt8hPt/WWMFSoSruDyMs7wsPzVwM0fcFjmz2fnljSwuv4wi94quwhFeQ==', ''),
(59, 1, 1, '2013-03-01 10:14:20', NULL, 50, NULL, NULL, 'a8f1b9d4b10d7b1b92ae3fd0bcb06dbb18a26cf01c3d148676e951cbcbedb026', 'gNOMukmMeJNvmvqPDnPICGhMYbwC8V7hZLTywHIoItyuh3ZkTn5cNYvrHUB+S4ETblhsDOTJhnNkDBt7FMwpgJxIAOPN2+8bLxXo2Z+jHpt7hruKcTN/KSoVGIKpVaLwKfp5pytvswW0hNIF4tRTM39bUjcCj3Y6xREUR7fbEZ7VejrnNeUE7KYa4s7cY3vD0NJ3U38YDnxmAnHgZ0QMRrIX0inGr8BhppmsWELwCrE75+IQB2GIp4L2alTJ6gRg06j71hOzOlQqcpAoCeCFJoyeVRiKVVBtBT6dRyw2p6mQPVvfbwG6IqhYvVOp5S9e28Trl5v0Z4wEBeHHsKETdw==', ''),
(60, 1, 1, '2013-03-01 10:20:31', NULL, 51, NULL, NULL, '4d5ebed2b72fc9af4f0a13f52b986b80600eea68786988cb90af9a27ded81b36', 'qE48O04dmSyfmiWyG64cxlU5Fmp3RYtoipLlogaarmv7s9LIJkHZ1dOKVpGKQWmFOC57a1ovtIzvHMsevi5BfcinnnuioZlDKFusW+U4HEAuCsNDuOS38t0OwPlrfCir/ibO+95Hp1GOjvYL87vRgeiir0n5FTwhKMkeKWtO+PebAwEzFSRdxVY1r9jLHMB4KqiWg+IHAZfLrvvQKPXj0VJ1B4SmyCcMitD/HA5UWTs4Bcg3BmW0w94k9zUwhBoZ6iDbxI+zd3N66BYLcW9pGBC/YsHpHLYShry+6q/ZqPeCCGyxDPhZh6Fd06EOiRUCzv+3scPFEMpjDhDh09UQ9w==', ''),
(61, 1, 1, '2013-03-01 10:32:17', NULL, 52, NULL, NULL, '1f4245324694cf7d505667ee559cb3fd18a64c3b313368ab62c6d9af5f0b876a', 'UGVhneZmvFQQTjUvMiOA0CU6ttaoAyddIgB2sBMHTTMib3lzCprbFjlDT+Ybi3K0zdkkTDnq0q4BL4Z5rhDJC6F35XNsYv7DK8cxssv8sHFNL++Dm4+pcQsgBJCMQq7j42Fg0K8GiTlXTGX3DtHSpXnBB/kjir4fv6HSyns4E8g+xymM6DFhAoN0F5MLJVMutpdpAXLS1pW9y+3PKIAkw6l8hB4qDLTRi8+H21l2NtKSoD1diEuPe+O2yJioaBXZtoAL6GJUynYn/wwk+310siaMzJflm6rh0jNh5KgEKXwxZqIz/hVpCUgnQqoxnJ9uS5C8TR0Zi0Iogg81hO1y2Q==', ''),
(62, 1, 1, '2013-03-01 10:36:34', NULL, 53, NULL, NULL, 'f182198617b284c807cd3a5173a1f7e0085b40caa24537157e16b05125c8a672', 'JGF7Gbaw3zWJ2YB+ZiZABgqsV1hp/AMIG/Or3DuXVlGVKvhSLAmYgsurKGCWn1XzTILWyc6fxMgBKWiAdPw4On19jx206l6xIsAS5lQ2jm4tT9Fg2/myiWmzTEgvjZiSooST0hRojIilHUANW3ZvOkw0gHBApvWJxIAzfq1u6/wfJtrs+JF81n2+vxsrvFZywNg/mJcvMBcs2ZfPYC2S4HBSjgNMiIXw+vV3y0bRrupgLEhoIhFf5E0Z3c/zcJHAfK3RcvzTBN4MsrjB5nAlyGaWzmVkAZUNPdf7DKlq2p4A3UaBVuHp2s5XPDH9rqTUNV/KJolc2VzHa77GleGohQ==', ''),
(63, 1, 1, '2013-03-01 10:36:58', NULL, 54, NULL, NULL, '96fc0c7e00a7007b76cb1b0e3eb158b2972460433f720635f4629e263de129f4', 'XPDrT9znfyMShoDlBq1QnFIT9l71CmIp0eoIihFtrYreQEfUq0+W5TQw5NZ3ktV7btuM+8SWQuZ2AkFgFCF1O3sTU9LqVIBFpYs16VZ2BT4Cpo3XxV97qLs3l1qDPGDb/6VA0ST/vSSFfk0AEc725fZCcCubqB45AB6SvnhLeq8wXk/1ASJxW7xPNFfWJIzuPYWqhYWAQRxS3yXOFwBoA6SOSB76ewt7BzIPEtNEU6FYj8EL7JXyOLt9vqROlwAmbx2nF0ejgA837mu9nDiOInQJlG3TYFNaU2duFtKVwrEosTJ4DfvINlc4+SzxwoUOtYDlWWxb2UCrzCJW6Y9TPw==', ''),
(64, 1, 1, '2013-03-01 10:37:32', NULL, 55, NULL, NULL, '679d2481de3a99270bb50b1c3203e572fc2c594e3ce31f4b2c54baa13541658d', 'fKIvRn9pnBgGqiChWTOLFcpekjioSVzHNC+m7HFtjnRek+/9Z5XgluGlwz9Q9DmLLF8oTHaW7QydniOY949y38OGeWxJJMsFed3bv2PybR3I08ozR2ywPab+8wqaQYi2d5SMaNaPCVuK6Kkb1lOsFdL2pzupcmERVX8KuhPI1XplNOcYGGz3YY4t0TmMrduAWNyYolb9ZSHSEDLJas1CWYajFEEUOksF1jL2jTdPjjzEgMj0Rpohku6sHphSt0q70aiCXpZiboDSuYL6Btg7cgy6GlJd+rxM8+KNKPCqtFccL4OeAR8bWumJAtYq02Wmy5uBrEaS9JWA7CH39JAMMw==', ''),
(65, 1, 1, '2013-03-01 10:39:50', NULL, 56, NULL, NULL, '902817eb22c140fe7749982911896b8e9586a58461b5c9579014972644a7fe6c', 'rIKc6aCYJHkT285qDx7OcW6b50fcUXsDgNKLY4z85ujkLbB7D6HbHXeUory5dSlK+fFjTCw1fwHtzNJOZdNmCVn/3ycbIMgOokruz0fIsLETnZg5nChqPIc7hdEvapIAHw12P2sgRu2GlQd91diJpIbFUow/JL1o6iPX5QGtALZ/q4ZDbvvl/A/y2xxKpzdUl/FiF2/JBK6xeHUKHFdqz2VkBppGd+XbvIJbpuGdCiaygiTWQb/x9owWruZSoJjmncq3OFpp4F5ixLW/kmLUd/Lw0krWusMleQFjA5xMRvsDk94smgil93C3me0aFpprnDyeIzzpKMae0ecxq83iGg==', ''),
(66, 1, 1, '2013-03-01 10:44:56', NULL, 57, NULL, NULL, '37621a18feb02fea0b1f5f9ce57052cbf6aead76a01c5107201c7a7da76f7e48', 'Nu033CLanx5mGVrpoWrypj+062ubAXHdjoWwdVbrpUB55oxOzMbILWhvm1VqaHxQWiWGO/y72VRVKXiby4WcXOx5V6vR3+K6nUnL7T4gVJwfz5Ydsy3Ewjv0y3X5Zrj9miko4cVh+GW4syzedjGy0dE6rpIxjWPUeUg2o1C4PGXMOuzpovHdrS1wymM3uczbvbWKORTa79vF6+dlz7JBKP9IA+XXxjoPiWXSLk+ZHBX1wbehwjY3ERBt1tcTsSgx6lIGFKS1sUcHVWh6lUR1pUPo4O+Ny19UPPsx3wKoi7OPwarXu7jTOBm8ma5LACaYPu5uUXD8EhOShFklQrJowA==', ''),
(67, 1, 1, '2013-03-01 10:45:27', NULL, 58, NULL, NULL, '5f09f0de238c2ef980ab2dd3dfd6dbc7047c1a504fa9343a2ad40270c73fdf81', 'anPtFlgTmNq3O4Tdc0nv1cZcHwDleTiPVtCh2um0+1eUgSP3UULInAsU7KkYbGdLLI2Hk78Ihi5U0KpagMT4xErxHTybc4tWZ60eiKlYQJhMImXsVQBcdfRZO4batAEtLNuEoYwMHwsP6ML3QkKj/nYsi1MVVPuy51TbfJI8MxUahAU7WJJJz9Q9zy12y3iIM2wirskNAR/JYSeDLO7+u6HyHSn6tu9PwNlqjELUhr3kL8sHV+xC+F+jQCSFzcqjxTGKTlNIGTkqNFteUr74RLrwdDwv0ZQiR+G+ZeiKLPv0UJ/kTf8igWumbRO0cTS1OpqrYmZ85y6xhiUjzoooJg==', ''),
(68, 1, 1, '2013-03-01 10:45:43', NULL, 59, NULL, NULL, 'a27106d1fd8a05ded1cbf226cec24de4c6375f821bc51fe312bd55ad45897ec0', 'EI6YDx/LenH0W6Zz2T0cO39r/yNltgRuS+NNFdUYAZGdyafQ5Hy+ihy/bBZnKvQcMhUaEUzTrhVIKfMZOruiuOaZaxbjfLqj4s3HF4M+lJFJmuCR2RtNm1GH9reLkZdh5xD9DIY2SsyDzAoyIYyJVxeYgv00y9GB05llzIxlIRvCIp7m0uN5/uQML3wHW5y19TWnkpImipfal7hpeIV6UrZvkGqKXTAaNlUCb0TcSsDBpoDgDOevehkTlIeKcki/MkvBil6zpDXLnhCF9/skldqS/cduoqVdprW6fwyZbmaruzaYiiVFoYWwikEfTC/BXfAP4D0CHd0x8j62Hb+A/Q==', ''),
(69, 1, 1, '2013-03-01 10:46:01', NULL, 59, NULL, NULL, '883f58ce890d5af58bdc0e296d6554c92feb674507d271eca7bbe205a62d5eb9', 'PMOO09xC3wx2wV1vW70p7UqadiULTyLQiiP6KikT1QPZY2YPFGOsAKepQig6IaeooykbhxdrU0MtMMPh4IqVFkpspBkdgvygeigbXxv85RZfSqLNairnoQQ4/ETdie1bm+Xd0h5CptmYblz6omV5FhrDsz7WDjjODL9oYz7cZWgdebqlUQwWnAwEmzESUIgOoXN+Hc+aqBan5oPcDcpIppuMUEI7Cd32xDjluPnKNwZqHiQNYvbIlMnBl7zaygumFk2sLU0TZ485fW/uWsKMcsQlJVhryj+oyWxDKU42IgJKzqKZhi+SzgWLt5pKjEHlg7FhdFZY9NBibPttcNOjcA==', ''),
(70, 1, 1, '2013-03-01 10:51:20', NULL, 60, NULL, NULL, '78295c303a6508bbf342616896d83ea924808b39c8d194330127a5de37bb9593', 'esS9Lt6nnVBPKqCdIcWeJn9ZBdjprIu7ddZkMTLdY/MCSp/Da0GWZQ3/I6l7jwuxwvKWAidhE1M5BkgPOV2UqXDlja8ptJKhKj+sOXaKzmI/wnxYKfiAI/2N3qqtxRSeOhLybbDzuO8D8a+7mdS4yJq0ACaie+k9hh5t4UW5ndCxw4oGR+kmiFzG6apAGpBuWmJxPcYWtYi7GIJGkyPrOiqZnGseb9mjVAlN49FlpJwS01kFEEIyosNou1Wa/nnJ/Zy/r4nCjn7PNUbF8NYIeLfGmUcT3j84AJI3P7fEAZOxD8hW4sGcvisXt8h47cU9ZO9CGvQFu6MS9gsYaBt57w==', ''),
(71, 1, 1, '2013-03-01 11:07:20', NULL, 59, NULL, NULL, '868cd8725671cc5e6200736edc8517bdef2db829b7a491f8756aada97469c9d3', 'LB7xDUkN/TVY2Ng9r+FIH0fl36DoYerDHaercVZzNGKO0S2N/WYBbLeelS+AFAFjkY7gkrWupmLcxXbbs1RG26LKTrz1MsNo+hDuv4kBfsZZhsmzatbyr+avNWxz1tWH87wBNUvQg3rVnBEjDu7Y2bk6lYUyPc7ihi4RB7N3Nkvr9+tfImNkffxZ68bMPPyQ+SPPFllglSEhDcf6SjpMw6AGQWHnPSJ7BmvmuKzhhfIpy/9HxgTmGEv+IagOulVSKw6+4BYWsd5DaVhWgXdEQa8IN33npw4+Zce176bwY1Xv7ZfkXGNyK1EVONEGJcsU6w7lF0sT8UWxBw+gOsUH9g==', ''),
(72, 1, 1, '2013-03-01 11:18:48', NULL, 59, NULL, NULL, '7dc400e19fc62f44cda81cdc7bb91d851170a63fa87341cb84ef71dcfa0c2a37', 'I1TsTntH0C0StY5ECV+ZpsFC5Ip6Qtr1dWaNtKvNA0CimjyFO0VBmT/yucN+iNZQQ3fI0oefBiiZ75p3U+8c26GHEeULhLor5mdo7/o7zuvsIusahGBU+4/8zwPH0P6kSvx37/igtZdaSK33EwfDV/BpcV/ZqgXidKT5QKgCS5WEZBJepD+/KYSr0SEqJ7nE3Agc9/NZdNUXIJ+mM/CGNJidUpN0yRXMo8nzgTzXz74VSgCMySxbKSSYuPKtfn/k9o7BYQC0SKajssl7KzaMlgz86KXV6j808k2yt7qxaTsaLjZ0uPdcp8ouavdjIvuzaU5KXp8RIoZPRex2ETjZOQ==', ''),
(73, 1, 1, '2013-03-01 11:38:24', NULL, 57, NULL, NULL, '15af50c057f77c9ef0a8f7a22a4d84c4fd4f4429a5ad6199c6fc13fc69ed94e7', 'OqEZkzro3swhxMnfy8gQDtrzJqD0y/mVyDRTyhbF47UpE3WnTVnMk/wqT/AYke8qLzH/BbTYjvS+vpd/Srfrs8zyJXaR38kbLuzvPlv0lrN10rKUpClLXIxa9d6hhCKLz1pQE/a7uPM6Op2mBX0AY4nD9veTLcIjlBLAdN22dYEyAjOTlVQ9rvMuxLmGcvshzY2NNFlxgLmu3s4UzbH5oqGokI+iSxJHdQX+bVp8dWL+E70rYyHXvFOGFlukPOsI5HJcNZXXueeZtb0s+2TSB3ADr+olDX8nmgYU30xc9cYFr2MCNm+QqjiJQ9BLAI/Ir/au4K4x9j31baCC74r76Q==', ''),
(74, 1, 1, '2013-03-01 11:38:56', NULL, 59, NULL, NULL, '1d8453d2e82594ef7c7618dcb240727538282385c6da9117dd86444a102633ad', 'sZp/33AXy/wITiXtryMdQVdIyRXGAc9ZEyuKnQvKAllRfFmfmfo5VO+HP9V1ryweEPHM1QOFaHoAkTrz7jBzTriRCR61avtlAS0Tp1RYwD70DZdxZzicBC8qgTFIT3qUHnRaNl48mKLkCDCfVEk7OaVUdrEb55VlsuPSkBewify/twTTzVllBZLRRLKsi8V06HmJsLIKmNawehfRcgdGRCydlHlPF3R3FK+MsbNWUXyq1p3bX+o4aZTRHmAqQJIl7YkbMp2TLWiZ+Isju5lrjmHB3uRBFUOJLUe/O1dG7tjvYhgmoFa5hG8y2qZmffu4Qg/JjTixC5eKM8UpNZVc6g==', ''),
(75, 1, 1, '2013-03-01 11:42:13', NULL, 59, NULL, NULL, 'b8c2cd2f76750fe50a01b7d793fd80f930d650268b6e5e5ef3bf600e7400746d', 'FQ10Uer+2XBfW1yPySBbZSaOrIYw0+5YOMo0hH5Bdcow/LkGaGq3sMsUIxE4uRBvZ+7qJ2R+GnNil1oQsD/PvVSd9kKN8JBZRZGjeFglXCHxC0k1BfnDdURlhxxSMeVSyZGE6oOSO9kvGVpex4uWB9ofF1h/6rMO9qeEgFEpw4n2QXK5qX3cyMrQ6hSBDNahfVB1snuc5oLGCLmWyk532VxXtK/XEsDEjpEAlhOCVWFRcX9YDHfG6e696GoTCYFs8utAf/UyFpCKmtHw36JZpwTwre4pq/uU2YfkZhqHMq053kcLmJGq3N/jp+fqJQIghBk6TmV5Qpqb3vbHhEWHqg==', ''),
(76, 1, 1, '2013-03-01 11:50:15', NULL, 61, NULL, NULL, '65f6eb22d0d99a6243ad057c1de1586e014b4c3446c3052715ce0635f507ac18', 'SWrCjg/irsEhB2cd6ma/fgRhfQoeFzMeJG2uhrPgRxzy59/n2UZzgLSrExjTnv8rdYoed1w9iRftjr+Zlk9JRdE+qRT/rF1WSMFtouKpUxAq79FeWj69mpAkw3FXWfXkW8PNVHCsfLea2JTEzxhmXuKDrbtaxAHwkzM9IE5YQyPbwZLAsF2BwILBXfy9VbCT0O52YxDUVxWAYuoOTjEm6tOgOhXYOEWfvIpBP38UBCsJObNwE9Fp8bjI7GE+17sThCkuN9n51zOfylvlen2SWVLIpkGwJwB3O4DAcsXYR4AByR3vCnBP/g5bwo1z5Vf+kbb4+AK3HSs6aN8MU57IZg==', ''),
(77, 1, 1, '2013-03-01 11:50:41', NULL, 61, NULL, NULL, '88355f2db655314cef9ec3541248d435bc6cfe9bf5f05a1193ac13cd51eefa19', 'QU0EBEQ/OsCQCD8nr2Z4u0+yPrXmN3/6W2Pfz2M6qQIv8XtvfoA/daZ+OMsSzc/dOzXpoJR85ZClXtHatqkcb5nmmaB4MYjGtl+d1NEbPLnfc73aJmKq2CplJRA9ixCxIm4ARC7Nmlp9awk6i+P28FKslpHG68A2Yvq4Sa7Jcl2TVzb6OgA1xPow2egDa4v/nnNLU5u/xTHPVT3TBx7UP2em+1DOAFQeCevVIFdxhyWic9anYEIi+wqnZjvIdBzPBxNzpk3mSGhKVORGYvhIIW6DeZq+7j22vbtwP9PDzjHGjrTjEAy9x0FoV/t9IjFepXPxNAvp7b17R+ljVJ+7yg==', ''),
(78, 1, 1, '2013-03-01 11:58:36', NULL, 59, NULL, NULL, '9643e6b8723ec56c3a6f979a7259512cb3a84bbf238f0dc8f750174d8a42e2fa', 'ZgetG1BnTygjro2u1e2NjES7m3J1aSIMTk1i7EZgOr+wDVPDi9khUp8B0mrGgjd3Tm7Yg8Na57WyHLeZatzpXokI135udyqVU6wfWkcbmGGBOiOeSzFoEMzF3uYHK9jfIF3m+o1yqjvuKe4rm2JGwfx8iFdiP6JblevPdWq1mQPwM4dHF2wJ4FLFtJ/JN7z/X7dcRnxSQyGBApOC9kjT9aGqyzQxtKzWFoXQ5eUF2MCW+Ub4wxfKNBm3ZwrTMIQH9Ms4WnsFELEZqXmjT3l6wbN6e2f0bWl7dxiCY+8G06FsBTz7F0UFYUqq6nLAqJqkuzwMIHhUiGAYzalEWtD4bw==', ''),
(79, 1, 1, '2013-03-01 11:59:00', NULL, 57, NULL, NULL, 'eb490d63c2b2020243083df3d07df335d7027dbe53dfe3dafe36c7ff87147905', 'OJnTvwngwKXyRb8cpGnJy8GG9nQNMTGuVT9TfXw+xdiEroF2Xs8d5zkQ1vURacH36XPjrosTlQzSSYfmNFd4Ks7WOG+VFsT15sangmi+Z45TwHuYniRKtSy6E3lvJ+EqqVtDCKAPGT6AvNy/jWlcsyKtLE2tJ0iO6wxjx4mm7Gvz2JMd5Xh1sBlMrveGc36afRjBhwxOJUw2hDF/WKWWhbe/SEbSQAj/UFRu/wrw2hlF9ILU92GSq6+ifIeZfyjoVsrUe8+sa3J21isThRSnkaD15kk7FpnrrayRp92ilWp1jXuQPZXd92wsVgDtQa97xKvyUMzhd1ptIIOXKx0Ksg==', ''),
(80, 1, 1, '2013-03-02 12:26:49', NULL, 59, NULL, NULL, '1a6544f30a1c7fb8e79063bf67dbc47c3cfa07ad178835fa8193a2fd2ee05408', 'Fqr9OLZU0NXgfyyXpE7/+ynvJbqv8eS6DeoYCSvk2vP1Bcdwehr/S7tsCJ5e/dye3PyAx/L492bbDaQ2AeidB/X779V2HFyqPWfjvNTKionuB0kiQMbpr6fs1jC9LNlm/UB4kIjdMj3BY1wmY2qT1VPoVPRAMcvoR00yETitbgMJVY1iwUTL5N0Fup17+nioi+bNLkmQnA3tZQI8r3KpTNNxxsI0iyVq7tXXB4QYMRv7Rr2z1ikw0+qMkLj8CRlkk3FBqIgE8rEkIJk+9WQZf0iKSvo+vprNRnnb2xR9o7cs5ElnxZsKLk/RVWnUjtLAJECH2sQgjI/EsJjVZX811g==', ''),
(81, 1, 1, '2013-03-02 12:28:08', NULL, 62, NULL, NULL, '823a4096131800999764eb4d887e363db47dbcba399d491b5b4cd6cd8fee90f5', 'pJgFSNP9d+DxOo0h06j+8/A73mUogFIe2k2ajsi9PTQYXfCkVnIbNgWVH2dpU7NKhDBFiu5odUif9yXeJGl+/5kV2KX9/AkkhU9GYmcU600AaPCgA2LyHJN4+8uqeZqACbkK3hSZJXJCuhxYh7hj6kQOJ6jh88/JAmBgoGYf8IKk1z0KO2zrs58pikZpk4+QMVSLeeEX/OvlZJZ77ENY6Iura//YL5INPAXtaq1TToIVrXyHqfG83dStA4gg2CdnnxrthVYROPV3tusKTO0GkIPk88mkHkMDPWP9YYZDWWVcNaYbvu+YZKqiBkigSFb5wHzqCdNYDSa91wQCthAwVg==', ''),
(82, 1, 1, '2013-03-02 12:28:48', NULL, 59, NULL, NULL, 'ac001a9b358c8e222f3b6129a4d665a2428f381a23e3e31a52966f36df2f7e6e', 'kwtdxUdOV35INLWutC16tMvXijOUBX7YYALIy8d1OtBHsgnxWZjcMAMdY+CxJbera4TM0IHFbH2OcEx5xBRx12Q30ln4ohgolSdt3iyWlz9sFyQtpQDIvjIAJ3QDKkGXoVlc7KNBjWtsToZfK9UUmBzzsvRUdzqCzNTO9WIO6ugtSMXQLNFQFI0xti90APZz4wcBrZQx3Jhk3McWEDN2cprh5enzCbj9dAEuo/Sdx2yAydbiekepYz/XAK0JSnJ/4Dyw/BJr5HcLlMAH0GOub7mDFJ0sUd0A9Eit58s9+lv02ozZRvji9WcQ9oA8aiNmA2+oryOxUYajHJgoFJEZMQ==', ''),
(83, 1, 1, '2013-03-02 12:29:18', NULL, 59, NULL, NULL, 'c5c3e3a3f841adcaa78c356a5713e9f8ed0a933b2be5a0e028094be0708c3c16', 'Frreo4VevWlAzJOQ/HP1mHNyqrnTuf7osf1bdzJVkWlTIupJzVxNOZk6XkFF/b2ZTm+Fii2pThZZqeoRggDOuyKltyy9kcjMfbpBRYt/gaYpV11fuKxYI1N3qUsbye+tmKRzArGBhQccRWdla0ItWfx6oNrhHozQjlD3LSUz2tZo4eUucgK7KEtAZ0g1YNpVoKDeZmgJMQuAf3p/N5qyBRVOG0jCRn6leeKjYnF0dLOow6DMrKE6kd7mEK3ZLzJrUYo4X5aPDtojdAmyiiU31caxgqAfMvlrEkYuge1P8M6pliI3TEBhc0l44CciaYXg0s5Ng3HtwMRjL0QGQUpMnQ==', ''),
(84, 1, 1, '2013-03-02 12:29:48', NULL, 57, NULL, NULL, '5d56585b57fd0723226c9634584457db6cef46d27d22bfe5df59c18ed653d90c', 'iO5my9Mh0fJ4uLpCQfKK1MYJAoncqGYZAUq63pubsjOW6YJcqIUsFAYAb03mSd2pghbBcc3zcfGQyDjcNfI+TxCGeFulF9VwpBFBhtYcv819H6Ero9pmBy4+033gCqFD7AxDFJrgy9fLq1zH1cZpIOhqLujgEcpAU2qyKIZaHrR0jTYfCAcB684b1iICoFWranVlzxDvyc/jho/NblbZfObpx3Hf2aPCizWrIKejt5molm/BW7seil0qb9jwkgwHRSr2aNTjQcLuHyIMZw2QcMb+7GnNsobQPgYSAGlayNHcTLBC8ByNPJRYqA/eyb89iJPvBRcW+3iUU9Jjn0kBUA==', ''),
(85, 1, 1, '2013-03-02 12:30:16', NULL, 57, NULL, NULL, '9c59e40514a529867b56aabee571f2af909345e55a3a4d9126a9ae3202fa274e', 'uTWpKq/WSG9JviGEDR0jgIP0vCTwlOF8n37SxNbxHLYJocz1powCXErFOYQwC21IVZ+IMCRLlXEhY/oG5dUkBBfPMJYNT1arM7avZFRnD4aTvRttK322QMN6LBrVivi6SOHyUjp8nD+rnP+dXWRRydfSlK+hpiOVLnrW+Bki+MISCmuLCCQFeEfmZERTFaxMB+3sYSg+bEkXXZeAzWsIR6F29pP1Cumq5R85nGZ5wkwa36sglkb4lPDRtdOmjZY62Z6mkGrJX1ha+6TQab5/093p7wFM2U9CAiMVVU0XKgOQ+XocoRKlagDE2VwzEUlDjo4poaVqP5EfjIeKHGCf7Q==', ''),
(86, 1, 1, '2013-03-02 12:31:27', NULL, 62, NULL, NULL, '1dc03a45affae6c166ada91925c33f9b866b0826fc898d546b18d00187039df6', 'DUz1mDM7+8z8IkmOK7MvQj6Bu19plk2Wy3RgDyzizMxpmwgznnb8orH2CbBsw21SSKXcPLCR/p89GRs6I7tFCg0Awf8qSbz1XW/wR8OzjSxChZFB2ZO43SVawnkL5Bis540fXfrpM64uVZTM4uOa72bbP2LgcJ89ngIxysblLEuzMCJ5DbtJbC/O9sr0z5rDi5dxqU6LXtiOcuEDxe7G4ytHtQ0IUFWTQxqEglxY7dDiNkuWsSSz+nY3nh/89Z6o+5xC8lPxQG1AkBuGuKK+Kr4Rb00cWSOSR7J1osKGOaVDAd/N71mZNXy7NEuDxOtU0rm8DWwA4G+G4217xjTitw==', ''),
(87, 1, 1, '2013-03-02 12:32:04', NULL, 62, NULL, NULL, 'c0a3879edc485e665d7e351feb2660a0621ffa091a53e8a1760c7ee4b153e721', 'Ap8fClGSW0y1rOKBOwIdnfS1rhBzGr+buHQYGiOnd92osLCH+dR+bZFIeIuU67m9oSBChLYNEKrcNrO6i12Y4QKcy4KNQcaa+O0dkdPZAgWmRwyPMHK29keLfTK/wH9mPcoHAUwCdUM2VIAbfdxSnGxQBjBD2l4vo1v4FD3ivwHHhfuWTIEX5qYWStJHT3tBQPTf3rqbpZNEyJd9bcm4Tm40not4fBMMgeftEfR9iUX8oRf8w+oPoV6AcPRyzt9d/ErDOQr32Tv/t/ASxd4qmkedegNTgUXm9zhA5qdL9Tg38cUz8d179AwD7K1oxQSIUXYXgLtB2l++z8uPTLwSDg==', ''),
(88, 1, 1, '2013-03-02 12:32:42', NULL, 62, NULL, NULL, '143ee3dcd6c31f28be302a76620f79eb142e62ee7be1f3d493875508b71dbdb0', 'pBFFQ3D5jXjRVga5lYzAxJX1XxPJZWVANy3RaCP+FFNVI8CJxrW7JEW+/Dt2DZOzhyzCOGWK18kMJqkxjMcxjaZA69AO1W7PSbXq0gW/jsMlYuLZ56zkvyAg21tDDqoX00GUWIH3kgNWal4SOAyN7yIbKhWV42Q7Z4L9Z4Qmeu2PALh+kp+OvNp+TzVe+3uqF/HADbOcC5XW1qSQXXy+TZePsJsadys0D1bC8joU5O52YoAIOOQ4J/PWckxJxws4atFSOYRJDnvTllbd4myD8YW+abrTEsbjocpeih/GTXQHz1qytFA3+jHmxjfQahWlTld2GavB8/lBKBz3wo4LtA==', ''),
(89, 1, 1, '2013-03-02 12:33:44', NULL, 62, NULL, NULL, '34661b14569b85c1cc9f8148637d768d3c75f84a6bc980ca9496387c912c773f', 'MqllQzoDD+/zKsZFI6Ie+JE9t+8tCC64w3d+mA27jH8TajQzlyG7Yg5/M580vmvvUaF4KnPYfbH4x+HV0e50lTxHOsb5g526csoE4VBgUqKFYHlWoMewNP3aYJ3jMEu81vhjsrjQjru2BPzLgTLe2hgUX5zXjFqdS4Ah9KAnuX8Mba2NMUL6AZ32ZTpnhWsNIz9+qEwUMcwnIBpBBEAzoWdRXAOT+FX/Bhyf7HeSWzKOj/xwOob4ktJaVsA9uk/YN/LUKC8SJ99ukxFjMKBDazxsvgeTcfJOMm+ASGQmWL938CP5vIt4jdT5Hgp5kfx89hoybS/VxUZeB0U3C4uOqg==', ''),
(90, 1, 1, '2013-03-02 12:34:28', NULL, 62, NULL, NULL, 'd51af782a7ebdc700d3677e4ffc00548de33e260c524eb10817978ae2717b047', 'dJwc5fTJvCUVpLqX61xC/EMX9HtAZdFkOAysgURGB8v5EKmDwsX+k02A7U3DJIwC6fCkUn+rBUPAToluKfdybMTL+y3B+f8llptt8LDPl2HDW0PN3jyFxW05pNxGI4yEUw+DMj3c9XwHykhcW2H1p12atFaEWr5yEob1GtNCTUiLmXQcAMclIe0ZaKwfT+p0IBg5WJgIdgtjyV9PG751Zix5XVWrYKG3Aq2kMz8g7EQakgyDiVr7XmVskGLkq9vSqOTSws1ZPUfz8YS5d3eBRCjLlHugtFy12LXF/IT2fhi83ZzjIPWARGufWSAuNE1UKoQLBR/NCf58BMGiAgCtWA==', ''),
(91, 1, 1, '2013-03-02 12:35:15', NULL, 62, NULL, NULL, '8b8d16dbc52adfbcc83aae349547b4a80953bab9b3a25f113706bd2ec6e60016', 'nI8AkKjrqdQ2Qs/tFwJ9oj520Eykk0Mti5zEU/50SeoSz5gwgy+VWM7tYl4riaNFo6IIf55dKNcelWZLfLUiUCvskmWY7GhHQxemSVeF6yzGcL/fMZVd7IPwg0P6bkPbnDn/pvm5vskIqP3YPsdf0aMnCES7bDThylHA/pt3DY2IESfiojjWDUMKJ7gJgNvpkU+yilHu7OWkF0wiIA3bTBXQVZIiKfE1hzb1aSpFKxEEQkN4A3xrL7us8+k8EpZ43zjNRYrR11oL22sLPisXfood9wQZgXnQ6reqtTN/plz7bEt7eUJNtS9PfG43cjPNbJOui166iBGCO0iXA2x/3A==', ''),
(92, 1, 1, '2013-03-02 12:53:42', NULL, 62, NULL, NULL, '678b06fff2981a8c268a43ec5d6b1f26f704e5acb0a04c4d469cffe0d1fa8533', 'K6ajODjUNfCNShyN65DGIZWDf22g/DXgqW6auWK5D7TIg89RJhFc88q7tj0ZzvOrEX6f8UdRXr2D3zSqYZCvMpEOgNUFTW4ykpc1DBzq8Z4g9+Kpyhg0qaTs27xRn1oKMS/giOkOafy7jm5+urwL59PxAGpZ6bK9O5LJF14VLopiQWA7y6rI3wTSbtMzPniY+LoUTRnAmqviO2JXvhMOvLVQs7M64kIwMjjvQMDpqj6nouOehxkgyIY/7ZlKvecJJGBS4RmH4Eo5mP8+eNWTGVQ6lvhamxoQTllQeX3boSbuWyg5hhazmg1JE2+Dr1A3Edmf7dHBp5+s4h1HSvarPw==', ''),
(93, 1, 1, '2013-03-03 09:43:07', NULL, 63, NULL, NULL, '93bc030a327991a35d90e8b610b99fb2b8d4ef54cf02386ebf645397d80c3ed7', 'WjYDIXg+1nD3dhtiL9XwcZQw0+Q9HZTDI/EJI4x8b5ab/Fk21tfcMz1g09z8lvl4AyBIfPTKjb04hyyjlIRRszrUgsekTl1hgwrzS3kOlXpQ+AYjnEQlzKRlFUmaU8HsDWkHKHY+1vIauHVo6f66Hj6BGq6tBlI4U8BEAD3VvBqqi9DZgovqLjIWVAyFyrxOAHNg6eahJIlW9VYiLddTwy2tTlZ1kWXC/7ixuhtEMRw+AF5vnG/U4TzEds9iGn4wQnnwscDlBr7+qz6ODyRXCiOjeHotyoCdA6H5zdS+3paHg7lFI3dWBEPBmoJC2QvMS+K9juqUyKtvGt+JOvEUHw==', ''),
(94, 1, 1, '2013-03-03 09:43:34', NULL, 64, NULL, NULL, '0a3494d12137f7f7eed46434b51f5126b357738c4c4d8a6a12349c08295cb456', 'U7DZoEjI/YTXnxJnPIdrDch6sRPaUSqdsCXJgWcBf7vbtZ001sFZK7vaUJyHunOEtxkbXGFmwdbbKvkm96l8wcYdKy3ptFdGMYusdFMx5WA+lqFOBdQ0qab4LFvxphEjqq1QTnwXAU12/0Qcuan28UrMWY3cmLBD1RWuwThEukhTAXhiRnzWah0H1PWpGYzSdOP2KsyBs84vOoGzKJ22fuZnlUB6l7jSQ8dlZ4KcqMGGfzvD9eGHE/gWiihsIwwO+bE6rXmEPyVN780AaAENeP9PR28ulbspy6kY4T2/D6e2Dj4GGjCvznNc/BZ6hBU74V0ZGScImA8O52SZ7V2p4g==', ''),
(95, 1, 1, '2013-03-03 09:49:38', NULL, 65, NULL, NULL, '205eacdc068af5e12cb640ed8d76a62aba227fd2058eeb8424cafcf8fcdf406e', 'jPlvYIJzIluGmUTextXfQjKEVFGujwTkF59hK/cdAokqOEKd+u6hR5SM3dCWNOWbVJhQ/NbGfSiXucDScZ1lcCP1AFZS+0YnqZgIINa1JW/RovS3EJdLP560MdSdOoVJZU0CKm9JUywq0Ep9ihUxzlrhWcoXlxgJPNgpwjO66xun3LnkECQkBDHfEtYm+f2l74dVZJNHbX9egHoNgd8mjlPh4QwdF1CzJSg9E8mPA/UEcNofeZr86uS4vQEDl8yvqlPYRxsoL3azzkdN4ERPAbES2mh1F3/6p6Qj3kPSzH4V/BVlmHRmFAUzgZSQBYsHOj4s3JQkelFpF6d1rjmQ+w==', ''),
(96, 1, 1, '2013-03-03 09:50:48', NULL, 66, NULL, NULL, '47d6963e5956ae010483be1f60ff24d0e74288ac4b180f3c213941bb38b0a2e8', 'FdPftUrv+rCQy9WaovbSTFzgSAHvUyR8daNeZgNtAF/+wccB0zw6k9rPGjQ9S31SNaMjSrqzZRsuXBjUwqpNt13EidRq/eopCpZhz//12dZhZsLY1+bmwG7hcnwze5mdSkCKYo9FaGnvdcZMthobgX/6Smf5KyRU7XO7pJpIyfHLWDxLOWZvq0eLdHCEQfgj1yQZAvNIeJQuTiZJTt1+38NWPddlF5DRUeEFbMcQteR+kO2J6MUeo1Niu4zJYn9hxQ8ZfWrxoHZsiIsJtmH2HQ1hYYWmMzvdX95UYCj6cgtZYutpefY2ktQEI4ziMOMa9v18xHPN3cPOcLyyLTPEeQ==', ''),
(97, 1, 1, '2013-03-04 05:25:55', NULL, 67, NULL, NULL, 'fede07cdbb8f2fdd3f42327a5496e6a6d641f383296cbeb30e54b93f8da02cae', 'l66WBIHW/j4H73OuMNbK32LHB/XYNZYDyG2BXWcMl4gJv737cA1UvYChpcY0ddq/eCegyUPqdf5hS8eNlqoCf6+9ElTuPOYLdtF1mAmozTTUGFkLbxU8D8KYSq2C9YHqzANiwt3dU6MDwZa9bTUOm8Vvtjh6SbkOkzIWrLsMOv0lvciEPMzOxEw5DHP5c56O/l663Fsz2A97ZSaXCuB8GAkj2cf4khZmBc118M+54XQEyOzGcrlIjdfFJIFd7z7Nt3O4WjaYZ8yiPp27MZyoT7WOQvXW6JqBxUY2QotIHgvDWoORvwNJGcqds9oyNCEt8SSPlJDfwtcLhkIbfKxfHg==', ''),
(98, 1, 1, '2013-03-04 09:14:28', NULL, 62, NULL, NULL, '69ea3487cac1e51292536b65f818e642dcc514f4873e04beb1d2d22d86442d89', 'MA4PxHDpyz+vOLV27NcISJKew0/AfR4/+puqwKnHVNpC1NW/Qd6EJOjWuhm2fDwhRLIrKbmogmbLF2/PuQzxunO0/flFFZMZnmVRBNrxQJ3QwN7eXRcNibShe25i9nQl00TJ2/ujoNuyGWwxpumHYm5kONKBXzmBu1zhSPX0Vl64dqHKK6hQ4zRWr6pIybSh6vSH9FEoVYsX8UNmlnRfHaefmTK4TabxCl15xIvx7L7tjd3xOn9wYuOKTXs0Nt5Ci6Z6Dyf055yfiPLGfw2EF0tb1Qso6iIXDpTqTltJrPsH/OiQw0yG9iD+pD0UNWQQRLdCHjMu2ItQu4IzIB013A==', ''),
(99, 1, 2, '2013-03-04 09:28:28', NULL, 53, '2013-03-04 09:03:00', 4, '2ab16b6da70c901ebf665b2feade869c9b21927edbb06f9e436888ad78066e14', 'ETEXhta4Ms33vnHQD0SzPr6XGe/jzuOfo3FihjNQOvpvQ123hZzNEWYs4YNGhUpo5lHb8BWkV5D3POz/k17e4hdzkgTR4MwQuDyPc77jguEiGC9Hs6MOfyIbESF5tEfx6isaIAoiXLynTTlZmarSg+JBzYzNf0fsX7rtXMrldQdOoDlBvyRNgMgo5C0uvX43jytehZSu2b0XN7jkGgi2Vgbjb0Xj+9n3B1j1tAaFzRR1O463++hRKuIDP7CKU3beLn6FEHsgiJW7YV8BK71LRYJRUxPUVkFaG4YNLWsqIMihnLVyZpmxDiox38JwX87N1FVVjcFFNmp+7dBtj9dN5g==', ''),
(100, 1, 2, '2013-03-04 09:29:10', NULL, 45, '2013-03-04 09:03:00', 4, '81ef25e16d1665110144ddbb9f3051e71173708106eda2310f31a640d956bc48', 'XMYutam8WkopoLRFguFng0nyiuWaY13bQRPJ7xJDr28wRv0Y9/gVksRBDGfNeLbpgZt2mor8t8k2HUQJOoebYwETp9ZiE0mj1hYpt42/QzRABS1u8IbdIiUEc6uGQpM/koFYok18dziX2sO7KseRcIkR79rWVRlpIfHrQarWjz7K27LH2TzLfCZBK/aHo9SeuAEjkLb0vintqD4haZAO8YqNjb+C+QGjB88nd27Pvx3Zki1HoWLCN6UvGz+y6WI5+9GgnVJ8oJwqOpHxr3yvsL4KGZuZlIy51+5zScGT7j3LMZzdYnZS8I7a3jRLaG9RV9vMElLJF9cDoZ9LyucK1Q==', ''),
(101, 1, 2, '2013-03-04 09:30:35', NULL, 68, '2013-03-04 09:03:00', 5, 'c3bcc4513474d5085cc16df25e8ce1c48e0fad944e313f5c5279794155c643c2', 'qUsYOX8jyU5FzcgvdSa1+FO3RW8M5BkbSd7+TggEABeDN+UepY7wWSuCa9JLYEGR9NOqus6XH45hAQAhotYjI/ctDC/TCQCR72CUlbUzmFWy/agsr+dZayTesSfvrLPTIZd8ACAevu6hvk2Z2SpSNHI02Wy60HUxrOa892AMYRssV+eRvwpYQfNWdBBEg66J0KNln7W54egJBYqqyZhX4pY7Xyh+LNDKQO4IeGCHSHhvY3FNHWRXHbHGyxe9MVbtnzmKZKkU9cjLtiPc9Ydryo4hnUUii3CjejEZYUQ00kgCaCLOQC7IIBObgBE9j7M3u06yTzrHnRlIYy0jwvXEsA==', ''),
(102, 1, 2, '2013-03-04 09:32:22', NULL, 69, '2013-03-04 09:03:00', 2, 'ed7303b8d60e5f4a20a2405e6b2f07d437c1e3bb5fd93a2dc67ef559d31aa025', 'Ygm0CV2rkdmGq0cZwkBxEh6Q75bDfPL77dC2Pk7KaBLbFnX1NKcU6cpm3/ekMIOUeoQCdGhfrxpPPuoTtx5O5VV39jeS/YdjzezmWvR43qDtsftumrHTM4pGhu+U+//ct79V5ZJN9DE2ZIBlKBBsagLYkZyShWqkNNAFzdWhL4tJJGKhy5spbsZBqYA3+sd1ShGXNKBy1EZCJCBHVZAd84sdZS/q0cCqjuWoOrSINv7e1aeevN6uVp1sinn5bntwAQjuOWYWrkR9YrpQ56XvfLHMLEW/N8k2c4AMrljpt3uTCyCUna8VgyOEhdtEUSGgMPbN/PAja6izAB8wIhXdyw==', ''),
(103, 1, 2, '2013-03-07 07:44:15', 26, 70, '2013-03-16 07:03:00', 4, 'cfc3f41b9bb4147d912a12963dc055eb179f7591d4424de6981accc82412f870', 'W9IzRgQa5YSA0NyvB/X+n4SDUyXwCCxwy1pbrJ8n5sgxcet7yRWJOFtvZ5hzJwDEt3nz6HvEd7ILd4vUmtg9xdSFd0jx/72K9zWRxjSzCBso7oZ4UtmR7uf5I7OQUSaRyBntN/C6qLe39ReGUXO0xITuNxJutU/LuXr2vQPXn82LzbfLue6HvBQuSe+WP7rY/Iilu03ZQbeEluOQ9nOP8L5N5gHQ0/QFJNEX2ods/LQlhl8NLjmRE8TjkUHtcim1SNeVHT2FJxt1MjOiJUzvQpg+vDi2YFP+TCQMgiKV9QItYTek70A2EI4kfHlzUUvISrrJVEg+UOgQ7ITAsURunA==', ''),
(104, 1, 2, '2013-03-07 07:53:33', 26, 70, '2013-03-07 07:03:00', 3, '42761edeb96a949749fe2dae58afdb5af33c53754cc30bda05f720251ee6a91c', 'CuLVXfk+f1MshYdzo3dm4nVu826kxmOBalVzBUw1dm+BegFx53kEO5uZCT8WiN/TV3v4aNsIr2+5G4cG0NcwJ5CNPxIQd71hlbwKQ78MQJ3CxgcCqrsEKX+gY0d2Bv6a7D9HsG3p28z7IVQS4iygbznn8ASFgKcm9E+Mlg0aStCPIsf/ljSolJcUstOrKQYqSM17TmAnI/oNUZ0iuQbvEiNoOAx2PA78rnTp2B1GzLNjeFHd3o3O4STeFSACsZkJMPW4OMjxaCNTwbP1cCQMKdYkq9BWjXn/zQ8Xr6I52Zswz/UHU138WSDI0HzUiSUX3CPb9xJ9CyZwp6EcH8r/tA==', ''),
(105, 1, 2, '2013-03-07 09:27:22', NULL, 71, '2013-03-07 09:03:00', 2, '657323466fb80758d805f6dd2673c33885a7f86a5fe6854b0d09c4dbb2025ed0', 'hx2SM4eTNXwuwAc50cpgLqvIFjOGrPMD8zhbGsTJODxt0ELk3czV6C4XDp+vt7et0lYmdogAbeXUzsDH3+MRIoTZkInPcURONdCQdcrnDiXwfOB29y0OgxePUay2xqjY+/dDXY0+y5HG/wZ7jvLwzIIX+VZOLTHYs3rgb7Ib4TGsvQGFrFbWhFV/L9izO0kgB2gmiFojaWkBBUZrTWV2n30OJ1ib2rVwMznh+uycUYuoRSrLB6n294s9HSz5jGHMHRwJqES0egkL3RnP6G6bMjnvk1fNWjMqvfO3d3jNDw5UEOklg/p9YuEsgc39C761K6iIdbRZsJORmR8e40zdDw==', ''),
(106, 1, 2, '2013-03-07 09:31:32', 26, 70, '2013-03-07 08:14:00', 4, '14e2bee708a9191d1d42f62a3de3e1b5e236cb4b94a7fbbdc4dad15e2b810b1a', 'lM1IRDGHJu1wwzUKPF8Wh55MlD52yOUmpL+EWnwy5ecXP+HJWKuhotbg+QbF7kYnuSRnSZgpNLWp8KvChuq38Xr2ZLLCMPolTD0Len66YYIC3qvFyQCk8xWVvhZaee/N6E57ClvKP51Gd5y+GeKvISzJ+qShIyYrFGCxozKi2BxqGVqkJh09sXQ8GEsgsTQme3hmjruw2KIdVyBWY4cLIhuK/QQc6buQmtWTWmsdA8x2AXmWJVU3mwPNwQa53fweAT7hrCQ1DWnLi2ulq6V7nrXuq0J8hVNFyiEbvADrs30abVpIjauHekderAIo6PmEJDwyrKiROLhrtnuOtLVRvg==', '');
INSERT INTO `servicio` (`idservicio`, `idusuario`, `idestadoservicio`, `fecharegistro`, `idpersona`, `idautomotor`, `fechaentrega`, `idempleado`, `hash`, `firma`, `observaciones`) VALUES
(107, 1, 3, '2013-03-07 10:25:11', NULL, 72, '2013-03-07 08:23:00', 2, '007762dc21b43063ddf542a8ca5973cbbecb1d54b88b16000b2ed53362f0525e', 'K0+VJtIt/AtlQ/qKDxihWO1K5451DQAWligsYferlffAw+4XL/VhMtSPPtF2Rsd6Zggm5cKGemPqtTgrDMUdtWe7TJg1ci9eSatOy1ty1rZHbY1erOrmaDBT6bE75R+mth195ernnMXZfEqEZkaZ+HplHfDFrljNDBAtXzp4UP15/rrTUGABEz1pANoz2mVjc+VUv+dS6B795KQZ61oJ3Lco0fuB3E2Km3n4CWaOHZ0ltYqYN/6iAvKFNgdtRIb+7OdYDoDysl7T7j6bR2hJLoBg0FspJVXtsU4tpT00OPqlnL0kpMgXugJfyT55bjmcdbjH/V1HNhGfzHxi9uzs7A==', ''),
(108, 1, 1, '2013-03-07 10:28:37', NULL, 73, NULL, NULL, '29310e22d7e165979d32f0b97ec38de82ef1249cadc24fe1eb62ccf830da15e9', 'vJd2/ZqQFR+AKLHYn9KqIvRgxiHwRW34mOBWBsnbSqw0iiOOg4TU+DnUeSX7doDgAwp+2S21cye5EcOQLBU3WBzEBOKKC/g8pV+MQqTdrVE64s+6rKz5QNqNMIG0m9ZR4hCufKBRSwQaTH/skAXPnEeOvrWOGECB6L+TooPG6Tu6FlVGZwf6UqD+dGhlU3jLG4gOtIv33ZEodppb4d4ekPAkNB0zCRVuRJ1c5Qz/TKE8fY3aw39IM1X5YkzCLcRYclq2aTvbs/Yhi7X1A7upxk3i72TvBSc4lxUNnItmjDo7IxAvd8vPu7FZMlcqwtYb+J7nAeEk/a+rcy49KLYRrw==', ''),
(109, 1, 1, '2013-03-07 10:31:17', NULL, 74, NULL, NULL, '70cc855450e3125f621c95806dac231968e28c9993c970a54fefe5c2a2f429b3', 'RHsoSv4qykf7j2Br11Qek/S3TGRY+P2/hmwmGBZ650WWGGJHPtTY9HXShjbAygPeb0aS9O+AQLK9E6ie4sm9lE9CwC/LyKGcSbEFRDNw7289UX0HbTF6ik73L/jYDe6w5y2oyW5JeBFn5piiNA8qAN09lwikDfCxUa4p79ffoSmqjLGdhdkVDFT2Fd+acjBUnAAeOKl6Nde0t2aaLALfXF6gLbRlV+OhmoRuCcLZumZHpQiI/SR6KuPVo3x7LCiuTgV1RjDVtPGffzE/O4FsX5W19lXDplMujl1iNGv1dXg0v3Rh7/rcR5ip+QEkJBDbaTJe9pghyJQudCapmJrdtA==', ''),
(110, 1, 2, '2013-03-07 08:09:56', NULL, 75, '2013-03-07 08:03:00', 3, 'f2e13a265128da78eaf0c986248d86f2f539083031843af3b91e435f1c04dd38', 'G7RsLn3WPiSwB5ytJQ+Gh0Ypblhlr92KCKWTRfCytVh38GmyEss1DOBAWcwJoU5i0z2UJXEYcJc3D7sXMGh4d3UPEOK7p77pJOD52jbTLIVlKBPlRXS6ofQUfRUW78wgc6aQaWScN+cN1zBoGkUIVz+QaOmIrezH2UWCRRjlSnwu8D8wNK/HzjJXbU/lVZlUwaCsBH8H/Yp6QXZDD8vwb4kmWeRzPjQR8Tjl9F8M9YbjypM/zDxb8IAOF221qmkRRrrrlMeJznOxD3ehVYrEp3vKLRd9qgQcbgVLmGlu+LM4eIfxcUI++azNxSe0YNwMFmBVTA6Zjk5PIPAsk222ig==', ''),
(111, 1, 2, '2013-03-07 08:10:18', NULL, 76, '2013-03-07 08:03:00', 4, '8734cdadcae9b319a256dd0ab2984ada3b5010440d0a014b454af10691ad74b9', 'LweArjDnetFQPDgXc6Se89i3vCLl4G9QSXWUAP9bZfbMwMYeUep0ljiYHGN9217rdS3OMlhhX1xs2+Bw4jKaS+NOn1OWaUrO7OaaykfTBPK/MYZnLgZtgkr7a1QU5OlycY/nkv2zARh+44ladRy0IwMIDrff6oOQu0m5FPrThwfa75sxY+3QB2CYMpsLRUkXAcZ4bHlDKpm/OkjFgnOOUuBfkhR+RxBdNoha9/tm8nciqGzeOjP+mEdiabm4Mn36arWLL1qs8f5ZNQndZiyy2iKEpnmNdtSAUd6RKeG2fEW0IfjzeKL0EHx4xPKAPaxJguLWnLuzyz6Qj2IXxrG4gg==', ''),
(112, 1, 1, '2013-03-07 08:54:10', NULL, 77, NULL, NULL, '90c2c7b5140b347e2a573ec1ea19b76267009be355272d0061dc55c0f60fe121', 'GgF6Gcatd75GbVsda7uN2bdKdiHyTx7TzcTdBiTN25btJDbls0HENk+6A01u7es0IYNswW+jstDT9eCDKcQGMrqJ4afWYlj0O+Ft62FbrqvkqY3DSOmZm/r3kqXfWk3AAyRftPUHVwza6urszO2VM3FXEZge7Ngh6kCXraIC25Bjl10gE8TfT/fISMRdPsB6yEZwn6+PAjzdUJD4AsiGk6gEAMMFFkkr10GDVOtSe32afVxk6yZ6Vv34abfvDfYJvYxt6ZKoq5c5BVD6lv0+i5yjKul6wzdn0EQslBApgyjLgnE1qUE2/qHLKC7LlAZlKfUI2Bv0Ib8emXAcyjtyBQ==', ''),
(113, 1, 1, '2013-03-15 10:38:06', NULL, 78, NULL, NULL, '926b9d6b5759ead554b14015396bdfc0de7f4915661eab914b06684513b33679', 'gx4ErVlY8rJevKoI2hpnq1+fKrWwfSPx49U4XDm9fcgLllCVMlJPA+IAdkU94VuIi46Ru+wavlYdFZuFGDgh3eEWbU9D2ONQAtt474BkFohwNf5K+2dDNRK9o9FxgJl+WpbqhtJLtl1vxVYD5x7oNyw+XVyWLz1wc9HLrPIepqahWbUrO5JMq73txnTLfDQI3VcMtO9feEbRejV3JSacC0iCFf8Zasv2k6W/J5P/V2G3pqxhTuUbVF+GAaKsDwEXXCTAg1f+t3gl/KSrW62S8oGnwvLE37diJcO6VkVtXPXgiox8O0pRpJ31l06BMJLFvRc8U3+G1hyJit7LQJm2Yg==', ''),
(114, 1, 3, '2013-03-18 07:27:05', NULL, 79, '2013-03-18 07:28:00', 3, '8d76a1d949b58ea1490878cd4cdb41bb8f0bce1bb76bc1b86724e60dc37aa53f', 'UEaFp//hoAoBtONNF6RTJ++9nyz4gvLeYlHhwk/ByVpMzVJxPFJZPYay4I7HaCBZZuLkNlqiPtNB30RfXAzNMA/c8J0iyWoW3JfgfP6/hq2PCfzF/VB7eBjxotCo6rsO1haYJQFi6grJdgFPqV5fi3kFZICt1odypb/LdLZG2PUqYV/CT2sx7Dy4Hd82XDMlFESf2HGKnoWO0aWBDk4GEsP7//HIoK7A9SkCcrdk3qc3iCUKyWnJ0gwPA1AdDyi4vwKxYT21gUXs2hdtvPmSiDViPfqfaHH3fCicByhynJcfNvXD7rICYvzqoU/08LQ9MfBY8eEDCjfzlkI1I3BUlQ==', ''),
(115, 1, 2, '2013-03-18 07:28:54', NULL, 80, '2013-03-18 09:13:00', 3, '18f3be55cddc2d93d2137e479cdd25da739259a4aaf043338fdc910d1dcca235', 'VcO4IGAWmpj1pbsmxXoe+Rvl6wNwtbqKDdsnLfrINJiDwEnxOjnbmJ2EruuH/PvAcXD7nyEvtpurhBO50uT4zDquBqHbxeTexZyxLK5KZ6F0yHq/1Ltvh1wttcRxKHGk8MCV3uofufTXmzjF/mJEzGZWiV6Z+pqDJ1kZL4zzeMVb/WAstgU3onWw/EC9yAqRBdMWzVexl/dqIxArUCzMgp0TDEOFkhz7vEvOykPRTwK/zdgMzvxD9ivwJZFaJs5S6ae0oqjRtmQ++/h4K555bBmed4u3X5VGg8tAvwiABzlOGsWwzm1OReeU8VFdaIKop4Xy0x4OvAZIo4mQLLeGzQ==', ''),
(116, 1, 2, '2013-03-18 07:30:45', NULL, 81, '2013-03-18 09:06:00', 3, '74d42b4e6df85052c82331ef81b2b713a4a82a0668bdcf7db247ab7fdc4e09c5', 'QNsOMuWIrFnAp2FIcHWxnau5muFaiXoDCHngmrK6pK7RJtK42BdAZTW7W48ymGdEuMChyQWI/EhoYUL5lu/W2/Yg8olXMbaooP8/VJe9CJwE6gBfXguRKQiP8AfWkovptgdoVkHsAF07/GKuSU8EKjDzD/M41g8E0iDB+Qmituf2kOeLqbrMlaO946rM1ziwpXWbWF2kp/JBwbmM6nbRWYemCqOH/nq879A33DWNuMZwyExejPXiNKN8PwYLVzSEAjAgLSCjYP2UWHWC2PAcmBXz6nUyRNmZSqkZS/T24BxmRmyrNb76j8KrKq1KHEUUpyqLh2qzWUZrhW3O5+EBJQ==', ''),
(117, 1, 2, '2013-03-18 07:31:13', NULL, 82, '2013-03-18 09:06:00', 3, 'f902f0cdc5ebcf8105a65258e731e5a384669936a8bdcbf70391c6ce2aa0e73d', 'PjYMS7iBqfyapMV8u/tCYTAYoFIzpyK2aepZSrz5/Ky2vvM4l4eP/RnY8Rl0yxjWTTZq3oZdTWI0Bit8SyNAuttxCcsNh+y0HC6m+MOUFPyzrxozdhKsGYYAOPMwj48TJ0n/l1gfzZUlb4TXz1f+7gVk875aksbV/S9rQJBopq/F5IgURw6zRPH3MaWK7QeO727UdTuHMeFt9k45OVgOnYRc2yp3yiaaMjfAr9Zu5/v2xsP/3f+wlkDtPjFkj1Uq8NDpYQAoCXYP+5B3x6wLtIJ6YCGOUHaH1rvb+hS5JqE/IfOPq+Ml9JzDY0QIyAysb73hi18mna3VJFcsOe56Kw==', ''),
(118, 1, 2, '2013-03-18 07:32:29', NULL, 83, '2013-03-18 09:06:00', 4, '634c39211c1f01f98da983ff1393ab1dcfca6a1f2ca3ad4a26d67651c7e76c90', 'KqrN0IQwno/GruU9bPcZc047IWXACI4T4snhuxVCA1InnX6pBM1AkbfW6RBx9Uev2lfkpGGNrVGCyC3eASN0m0LEGYHZO1VIUuxNhgc5VQ/T1Kpqnv36b/9bWiV7rs1K+jXeLewJqmHWP+uqvsk1V0Fz7IEymdlz6C+wG5ozR0uz0bZWO2DPVh2JL/Ru0Chm5Z1QkZ1IEsfhTi5Ljn5tod9bhToXU8ESFdWHe8Nf4jMBMk7eK7nBJ8vlRV4r+B5oGZdBb3/3QMqeThswoPZ+CHQCQnT0FgEbsHlnlZ/PKO3EIUiQCB6z2ZNdGHghdeC9quvXLIZb+H1ZzhKQYfGWDg==', ''),
(119, 1, 2, '2013-03-18 07:33:43', NULL, 84, '2013-03-18 09:13:00', 4, '2e0baf9ceda0c5f5239c2cd863c75f0e5ce41eb9ac840997fb01143f871b69a4', 'KyHxief5GRiwetoZ2H5Tu5u5cv6DEwzpCFj3iqHPERchwmeA+mwQLFtvB20TJbkJG3GQ6DL/WsLytRWnQPh7q0ygxvYfkk0G4min4WvzzxTC8C4LcfAelH0jFTsZHp6+KddnDptDt8OesCjq6+gDWPQKfvnsvMaJ7rESvx7hNfTDgLiWp+GXgvcsOklj5z7xTpXRqCGX8PjdXNfhdlfWxDbpO1Ry9fJwF1CavJGt95zDRVfqX6mjVnUxn3piAi61YzxDpukhqBMwafnnkJ6g01syt6BCZPL93ydUdrKcFQqcLfEuyam8s9O5ryzT5l3As19tJAbxaMYsi2rltpDN8A==', ''),
(120, 1, 1, '2013-03-18 09:34:20', NULL, 85, NULL, NULL, '9f5d29cdb0a08f4fe11e375dd6a9e24340442bc45b5186ae6d7d1efa3255c9e2', 'rBH7RYUIshsrPMhg53FNnAQ5ctzHBGIasIteg/7lwcHX0ka9tL0c6vFO/H4c094n8mlOVqYL8eCqJYPwXXcGdS9kDXva1QLug4s2P1bty90k2sUgc7Q2WMD2JLKPkgpk2ciMcK5tWM5199VFHB4QljX/t0NggCB4YjCrOm9RRFK9P64n9QZ6a7s7WK9OkvWNyspS4VqnXjwRlkzxxcEqG3lln9MtDw4di/Gc7bFjUvN112dpFzctIW4MalvdGoYzm11V7HTRjSP5SKE/4biVfAT/lx8xUlOe/QxyPv2MJ4EmG76+R+5Bj6XzRUD1uGpzBjzfBBKclu4nKNlOr1cOPw==', ''),
(121, 1, 1, '2013-03-18 09:36:29', NULL, 86, NULL, NULL, 'd235ea74c6054d25e08423a5caa4273cc4a0b5485f5a1626218a8efb27260a6a', 'svsrlnNiVhxnCC20CVw2qkZTvCbhjQaD6HAM4ERDLMPcUqX93rUg4jcuPdjUwWwMCamwiZJqGSV9XK1JLUtdGF7TxktdyH6khYfRVrrbeCX2jCbS8NxGn6xd1NYsgY8YTmqWjnBwcM2/TjHAuq5Ap9TzYLRMLrCv63IlZLG/lIMj5pj7v5V7HH99MuPUKvtIwCfK4dyQn4MnqKFD16+5NpmmQVKQ8Eav1SXjDWqYgGO3KMAPKDScrX61Rb7x9xki12LsQ/UtIDD4UgVkEKJAnByB8ty1fGiQUrJa6LfkGEaOoj/1tWj5lKFtDMGxftqUoyzeL8nJtShnUd295ofnzg==', ''),
(122, 1, 1, '2013-03-18 10:43:13', NULL, 87, NULL, NULL, '262cd0492ad9accead5c8e236bf2083e4f4d889a0ce36ab66ee848a1ad38f314', 'WRvFd3LzzKr9O5nCFvMmzbL90wPjqYBl9b3YQuOAX7CW9mywW8mrzqoFIpYjuGobEMWLYWnNePvsykXNPGj7IQU13vov0j4Ij/9zlmOrsExeIjrpuXQZLN0biq2oeeBozR17pqk9oNvlF7vt3Ic48spKslYqjd1zCQzY3lsvCx+SJ4LIXZZs3o/c+4woCTJSnmFIgCDI9oUV+KlqZoTD7htaTb+CyswbwVkQPPFbXhEQIBL9PZRaftYztDV0MTI7aQm/vnH3S+pwqsGaiq4LgWpEUnIw9CJnEb6LatxT8PXKjaq3JINNzXIUbIeFYEKagCqYLoyipUcK6gi6g30RaA==', ''),
(123, 1, 1, '2013-03-18 10:44:36', NULL, 88, NULL, NULL, 'c795a1169bc799b6a21714217ae269ea0421a57266333e6af7961e76b0e4e324', 'b+TbbQMeySgjsQaeqbIWbuDUGOS9jIqcFdImOF9Uo0QZXsUHNqVfe/cvhp1NYhtC2N+s/qrjA01JABooj11qgz+g/Qcf7gAIuliLnMrAGJ4vkpiJNNKlRmn100yxivPnQz6DoU09SXvNXEKQ12fEnljgnDota9WS4192hjAYCwav1IjBf8q+ylUCbindKZVts+pys8u0dzYV7mi4fdht0oC8su7y+0CM1HrmNvn5MkOIbNUruaGxap7eN1jckuwZ3mwVgjM1WwNT9aeJ2fWb2Es3/kLxl5irmPzNu6S/PBXtDqOhtadKvuCcfh29QGgBK+EDyxGgt5cTZY8bJl4rWg==', ''),
(124, 1, 1, '2013-03-18 10:45:03', NULL, 89, NULL, NULL, '116630cf004347c9959cfa92036823a200152f721f542b34f7cb4e666652336e', 'CbLiO+3dVeCDb+/UF0khYu3E37YAtBCjUuDVzUWUGf3Ov7BNlNdKEkXkHBtzhXvsLnAW5m2CfnvGPLhfuA1wfTzrG+pn4xbBHYLUI56HudLfbYb3OKGk3HKd2nfW7xQUKJCwZAcusQPmwihIw8Jx7FwJkZEjaysvRZyCC1bBKZ6HbSUky0/nnee3UEoy3s7LDPkcbyySpjb7T0/IIrro/LxU8Y2YyXRFqfifQZsgy/TPnYCnstm/5ynh58mHcKzQUs3aElKruhcjbs+JmTuYSWf03qGEdLUWD3RBeXf4aKFowp6Gw6P6yhrBLKMhQjz2JPn5WNFaoRfAg5mHcYezvA==', ''),
(125, 1, 1, '2013-03-18 10:45:28', NULL, 90, NULL, NULL, '76744ece78a78846e9b686c19d3ac09801e4e3cde30e70693af9e8112c8fabc6', 'ojOEQD+NdTRr9fE1c7xi+bLcEWWSwthnsF6cYaeGpehsOloaY2d6Bgo27ei0oVcR6zog+nuweLPL94+k/XMRqCQNK8lo7YcLBad4C5ngzCyEo0JW+f4ufBEGXvpsD6ovPUcyKr8/WU99JA5ZWXB2kgx2ymnmyuxXMskCDxKubipttdGe7fTwYlI/MTuDpyXlMaAcb5iHCSRzmFYLr4ng7Nvd3N9IA0iC6adSEFlULjPyKqS2xT6Xq7BOr9RhGYF3m0RemQZaPXxoPnwHS8RiqfUnc2XPdXLJUiw1tauZcKdNNttm1ygSWE0m2l1V4y+J36XXjSTu5+AAKThMNdnGNg==', ''),
(126, 1, 2, '2013-03-19 10:29:23', 27, 91, '2013-03-19 10:31:00', 3, '943ce79671e021ec9c1c72aff6262eec384a6aea3e88a2a3263119ced87d52be', 'HT5ERFG/MlpXiNZua3xor5y/pFaj03YvuIKmudMZ67Xai0hvXRZfJ9QSsJpzlDLy99aKVyR2AaCuaibDKBqyg20r0cMGaCz2E4VOpNDeDzPvmcez4wdFHsBCxsbKeSW/e6bvuK7YaJoWvOYzF/8Lkoxc6VLXgvqzIc9VrKWOKJ85/6een/axGo9WLuc2QCQUZWfcMRJoxUsoV/v4c/9/CZlV/h1ubo5TGHrpHkekig/7baMttAhHt3bSnPV56HMpY/ypGNOSckU6ZFuVz5T1FsWaYQlGrVklPlRJvgJ5c3p6Wt0GyCmNIWMOnieZEU0u5PwalTM8ceqP3YLlS77OYw==', ''),
(127, 1, 2, '2013-03-19 11:14:32', 26, 70, '2013-03-19 07:38:00', 4, '34ef2bec0eeb3657ec9660e74b42b94c3d41c9a3a57f7a6109d11a7c95323c36', 'NbjaCIDkv+A/S3NHLJWq4fWsVISDaOUN7AizB4NkJMUVadhy8nAPp06keVNtPxCOCURoEEM0Rb4K102a5q9pNY3H+mlbGChntrBySqZ5pf179v8mjG6GhtXnxJPIR/WVcZy8ao5E309fkFNXAZQKVvY7oock90Qssnvg6lxE2YuRiAdWqtt7un/6CgGV38eAWpFOkbvwfnz8iRNl1A2pC+SfkfV7wQvwfsJDh9vPbXx11K5C1PYZPEmNYt4B36WwVk6sFtwNGFD9X4GW6ee9DaQ4Ry6qmtuMUh1iSODZKv17ckyuGbfldiCtHzJL2eWWNHZkAK/MSHjzNGaQBy9w3A==', ''),
(128, 1, 2, '2013-03-19 07:37:01', NULL, 92, '2013-03-19 07:38:00', 3, '3d6da55470541c40976a165cfe43e00226ae13d02d31e42deeedcdff3928d687', 'BA2931MNmiJcTQq32bIEfAqypJ8rYdAboTd1BIGeGq/pDBhZ41W7oycU49G8gNAG5hewfS0Ney4/BJ/l8lVBfhlwNw/LLtPPi+uxv8ujHDN1RDdCtrAX0EBnzz+jCiU0a9wHwsa0gs+sgL5vTFEBwu1l4kg7RRBGkAEOwDGR4owYDbLf+i8nxskPTv0IgasGwZO8NRBuJTzC8w3uzMA4vga65oi4op4pF2VBQU5kcs3K/culj5ZMc7W8EfpapMs1yRtAyZuYmWU/MyDeqv6o96BLtVHumWR8/7MSK6yIK1uLq6CHyQJgYOw3brYHybbXPzuLy00VJKDqKN2w2jX9VQ==', ''),
(129, 1, 2, '2013-03-19 09:52:27', NULL, 93, '2013-03-19 09:52:00', 3, 'afb69ea4f9c2f942fde61b64ee0d631d7439e8c2455ed2dbf413eb46fd3e57b0', 'J/6/x/+zGfhNKPfmqLsOJ/fbXmddv1DnBrJmtoNZSYdsyde+le1Oxa6TwvP5iWpamS4yjobPT1Ib8ucOlkbPJpvEQ2JMP8/1qR5ieG+xe1CvGR+xfQHbOEMAZI2GM/4/mqIPIiAOGU44hoTng0VN0wBcmohffBkoNhkzIKklnIGYi7RxmdreTRRZ12Y4yrwNhA2G0Xc1i0GOeZA2U6NBQ8AN5CySLrG26RthHq7Ph6WNu1OtM2nMW1QSxgFzw8196g/Y85owYKHE3/Te14E67p3KheBReKT9kD0CY1yRjFGsnuu2uCIhsOg59n7g7lUs72QvU+MEGdZgKf1SKq5+NQ==', ''),
(130, 1, 1, '2013-03-19 10:40:55', NULL, 94, NULL, NULL, 'e2699c54dee7a9a36150648ae4b15c3d863824a6576e2b543fc846880c13156c', 'AUIgbkwoGy0lLx7CHxKTmOB5AYKHYusUl153tnNMOJBG5qhy6BkMVdcsBmHOmq0u/rRYyxR7BF5fLv/7Sr3Eje0wUF5JG5EnIsP7eM4Cg6tCtAQby3Ir7puJJd/v+qJiMAVSj6RTy13lU2V2Q0YgT1VE/SoAd2+MkWWBRWPrBAwJKrZuAUJMI/DcFfQ04H0er3G5JLRrZynoVntT1clOJmt2n+dTuZoMUv1vohkWwvxem+USy04JMz46by+i1rCXE9w9U9regye81xo9NhVK+JBuFspPvvkr4FsnIQB68+2gAPOwf7Zmch/fhy9jIFEwoWbg/MT6z/CqoBpfC0tQgA==', ''),
(131, 1, 2, '2013-03-20 07:18:39', 29, 95, '2013-03-20 07:20:00', 4, '380407d90c29ee3aeaf412d3ee0d669a95b139cca090be96c8b3dc8abc3e270c', 'QKMISArP1wxCn3B0HomWcuEa5xuSW3wzSryQrCaCzv9zwaa2EWl4vZJyo9Fvzka/WNt+HnRJe45SPTB1SVjCx2kcby5c6woseTsAbY5icR8OawIeUFI+30xZSKuw82U0WMtfcjj68E3akPm7h6tgrUzdIIa3siL1f2vOElHBIjNnr8AUbcvIjYtMD9ttP7piYD2CXxMKAMLUeH22vcfXeCTaOmQixf5Gp+WHBuNw6wK1mmN3uQd3jy4eQ4g31QYelequsjLg4uQ18LLumUL5OwJy3OiodMvLqnHv1IBNr6aFfqRwIqM0//r/nkgGLPcn+JACZxcdx2vZNHlJcpdF2A==', ''),
(132, 1, 1, '2013-03-20 05:23:36', NULL, 96, NULL, NULL, '9a1d0d9e1593f114c2327c256500889296c2fad02b07c537bd3cb751c1f28402', 'EfzAc7DVCDEnC1aDz3ZnzxTxehwOZPrp7WNo5GFLLxUOyTK5MXgcTwX9zei/lGioWHJXB72ko1iOrHOGhwL3BgTkXBaxnRsjbqDWjqEMwwYUfmnAXgy2QFxsM/7X+4Q6gJwoEWlM04Py0rJC1QBDWV43M0PREhiTpBFKGc0ZMEAdXEvss1krFDgxKioVI0p7rna/rEJeZBpKARaJHn6z3kLUPSCfHA/Tfwe9VZ+uPywrM9lE4gTu7CSmgg7keXrcstBrQklFA9llsmyjYgSU061OI91qTFw7BB/BKL9KTWtyokUDkd+28IzD/6YWiDMaU0oD0JdahfuDgusFbZuLgw==', ''),
(133, 1, 1, '2013-03-20 05:25:32', NULL, 97, NULL, NULL, 'b7b1481cf020693a8619d8ec95865877be17704cf9c9de4253c8d9dd81892857', 'U9+CWGgPjOdnGRcTSqohB+G4nGGstlSvi5UdluCYWsurlzxuC0sfrJ2U03Pz0Ke4OrTj39YKKajhMcag8+P8MCHuA3EEGaOKKcNZX//aHLyOjnzYchhulyTbYD3EmDbU+8kZQqKjol+WMGHrpVKda5boVv7ZKrhCfyn2r3QkusHSgbvhRNy24smMzKUJMBjA+Ple8lbILQFCN1jGevAhIEmVOL2sekjdjgtO2Xia9tetwX93SiBF8FZreUiMZPXEesM/sRExIc0ezBREQRyEx5aQidxcweX+a+iweQQKnWRHN9uiJr4Mf/fKR0YO2c0d/GsOs/PdNDkDsg7QuIc7/w==', ''),
(134, 1, 1, '2013-03-20 05:29:43', NULL, 98, NULL, NULL, 'a28b15a20dbf6cddfbdeeb50abfbf1524b8a98ee73eebe2c096ccada763073d0', 'UxBbn7BgH+Vcbp6gFq83xiW8UE4Pk9JlLhTm2JfqjjVpLDICF8Jog2lvwd/4ytoiclWMHytiHoO0VS+/EoXlXPQJZyn7nFc4e12fWmkK/t/UUBpIsHCQr2jREDF0AWPFPHyzkcL1GfY9isrn2dWru4c4JD0Cd4PBZt3gojFaNvtjx6E0xV2fg2Npq5Jw9AZThYFYQpGJ3ptYhqWwhtVgqbqglXtI2rUJjuChXQRxFcvMjQHaKj0KQSNmPkVBUD2IMHaY/XiJjWjaVUnGVBISKD8koRB5K4IO9iUX4HJr4RO5xThGEAER8SQVE8Tvfo94MRVXCDY2wk+miKlh03vnVQ==', ''),
(135, 1, 1, '2013-03-24 11:14:55', NULL, 99, NULL, NULL, '02104ddcf73a5e2cf0ee3c54da9687e496bbe972240c106a18bf1eec61b341e8', 'EpVYHLPtGvVhkGRSSzOIidhnT05VLC8fh/rkT0ZjmRw62uFMS5TUx0k3VAkwGslbRWeZx7W5Cvu695eYDBI+Jnxrva8jR9wyofewghpzxnkYiTS52NRzM5alzi4ZktygiVsDe9WBI1p5RHXKAmSFs8LcS4dcCBpcsPsi67S8nkoWjfZfibmODLKlHfbFBLxSeqKbltAiWkUyfdJVLB7AnYv9gx6HGUJEZg4hY3kVi3PFW6troF3c9gPsh+2nzy6BAtguGz185J3nW95AspSeevEpDhb5LgGxCxuVzBK1u1PQTcFC02+nPCwLKtRMSOs9BGLbi0hdjUsG2vKkWaRXDw==', ''),
(136, 1, 1, '2013-03-24 11:19:10', NULL, 100, NULL, NULL, 'cbc3aae340d2e3edf3e299508d0c497989b1890098e197c8084d1814750e0ded', 'LQt2jChzG//WK9tNXtaokphDIKxvMTnVTIk8j9r0cJlHesepfP7peADOwq4OTzNAym1QCYTue8NssReBUgqYWTg3XITNgKJ1sKEBpcO5qCX6i7cqAwWkzQFruniImWxREpDSXPjUZ4eWMNWB2yNp4IBlWvPhL4PQuJxrBFLhfSiwjkcxN6z4LU1+X4STGkCEXaKrR4L1g1Z8WyEYKwkV55RcKbM2jamFxlDCdCQjF4KBU44aTk6Rg0yFmHvI747oPJlc9I2kImLl6wMWuEyRE1ybR2Dh6y/oyyDhZks7hPHmvP8keywMDyRl/8XnG9fFBenpBr5bdoNNxnS0XcZODA==', ''),
(137, 1, 1, '2013-03-24 11:19:44', NULL, 101, NULL, NULL, 'df02c3e3538ca792328386b7111a961aa9822d67b89f4d242b171d66077ed572', 'as2vsMFOuNnqwQDeIWtuqEhw4x8uHcJhqKP+FXGJartEuuf4Inb9+DIwbHWdWTOADbZrNgxj+fHjptYPVJ2h8BKxLctu5Pva/7PI+898bbD+OdRuCyaNDGVSds0LxyANvKsd28jQXyXeiXdqVdbBH8BKJ6SfiDD/66xeZq6/fODQBWVV9FYZNdepZvXvNsWQP6ldzVFHd7rI32KTYgaH8RRaYm4K/8d/JLLcxMxko9V40h0Y1k/+BbromBNFGfVPKsvBMkUyh/98GeJHtcD83hO36cP4JGViGIFSs7smS6WJW8jARQ2MhGpmygfPlnLzQwdUcnc5ntznV/izVzlE6g==', ''),
(138, 1, 1, '2013-03-25 06:45:11', NULL, 102, NULL, NULL, '67acbf9db81e3f08bfde8c74738e120df6475ac1addcc78dc00ac4d13803cd8b', 'JQ362CW6PShwihR0okQmhm8DDt9ATQVIsDYoo1rm5l58n7cbzjyNoWDH5h/yVxyASLX2SBbyqExA6FHQhfo7zrr6Z+NUyoZ/PTZzMoq7UQ7AOg9EBsOVP2XIkbfkxgOGrEuen2TJo10OXOj0gDpbPg/SMEUbu30myECeSW5sw407lelG4zWBdP+Mcr80O53156hpHIFQcVe+WO2I4oKfJYIuBG8X8Lm9GiFfM+yVl0dFV6DnCK4wCC32l98a0AJsr/itOTVkBbWD+ADfJISII1+NQ5YSVuyk2JnvAmFEkwFvb7y2/NPAi1z34U/2EB/X6/NvUBGijvzs8TzBJjgYdA==', ''),
(139, 1, 1, '2013-04-01 09:46:19', NULL, 103, NULL, NULL, '9d8d39f592253b94cb2f0db9336805993d1cce2019803565c8ed613c5438b926', 'g/oI76WWf3WKFYglkJ3ugHqNxzIOmCB543F5KLdib3CNFZBU3oxXkrwlgUpX6bAx64UYw3cC29RfzC8OqxG22korgELaBF+drdcNPqVIW0tzyyEHEtseblLU6yLfWCjxWACejnSNz8BJ1ZNLWuh5MHN2NEIiZsqx8/jpcK9Dp6UvaJIYcCk0tlq6fm4awWp4BeCSCcBR6vHFw4OpqUHku9GoJpGeURWxUM3OlMAnV1453MdbKLADotAXyF9fngXG+98qwotRhacc1qoG398ic0H8rr9Yoiz1QdUjgIbZWl6cZIfVdZjLlEKzd0ozfaiYUl6T6lZ3kZDIVhvKlgEu8g==', ''),
(140, 1, 1, '2013-04-17 08:23:53', NULL, 104, NULL, NULL, '385a094275d49f09b201c4870af294eeede2e544caf9bba4d067e2b4e97395cc', 'KA3KSPL2QY0rF4SO2hC6v9MM9mok+ttWSDSUL4wgOKuqtgT3ku/2ovlmLFU75Dt4WP7QSmJsI6Ppv0wrBEtGos+4I587nYoThJBOFxPNn6+rr80PbgY+4zCNo9e/hsMLaucocnwfIX3eDrRvAYxCR+mGY/N0hH08cCM8s/Bjbgeoj1TWh5n22PeYEcl/gY9XfLGQqftzfZwa6lOUrruGBfJl2dKQ9lHTIxBhGfSrdavOzEGZj36L47ICB3qmrOt30dGC4C1QYwDo0MYba+2Z/MOiAmkFKRUti/ya5K4kUdS2N11g1N3pdXFGGeKtYI08LYrBJyqsecUs15VDCFjh8w==', ''),
(141, 10, 1, '2014-01-26 08:21:57', NULL, 105, NULL, NULL, '4beca7e2db3871906afcb61f1a0c99217430d4f156276adc7b452760dace3e58', 'UQmgYlmuXLJ6UVcVSxzMct7ATmT3V2K2g/GdG/TrOzKUgaXxgVd2ZUGgjBI0z3/YoGdvedUM6Rd9uSwBPMAoqjsTk6W3rm5CbDk7Ql9jdJ0GKYvuzJklZntJh7lH8Yhm9mLXw1WY9FgvY57TjQX+kJog6eHsPaE7eX3R1NDQE2tw4s1JyQwJd1zALi2TNOUvAyk113vEGwniErprunudR0MB2a3xYxwcFeAp2X8WdW33PLt2c5eCgaEL6T2wHxaU7Y86cI7zHBLqmGm5dqUwERtEH3eg8Py6t+RPUE0BfW5G1gdB2gRA4ZAPbQQINyXl024FyvZn+liCBvSD5apgiQ==', ''),
(142, 10, 1, '2014-04-14 09:13:47', NULL, 106, NULL, NULL, 'f997ce5946cc096b000ae1103bc8fe788082b26db443b3f7ba8b8cc28a90ed95', 'HZw0CWRu/I8bsbpkX53wTG/emg+8k8D3vJ4muFibw+x+enPt5LLuFLlbX94nxDhx1UKb0aF0LYbadAt6Bfdct3fhA4KcsPzrYQbBVsXtXh1TkjuDjMcRn5mhk1iizXBYT3m9ZblBgIU7E1OsU9pPQtnPPunLjbwBvH2EUe/bueldbqwynOH4cFyruJAcG7mBHWgfje3XaYgIZ4n28ucBdR4LG9I1PPnUfOiUIeRedjDpny3Q9XKH+zGLhT8ZsFpUsU+X4AjVjtfDRFlxvQwOy88Z/Nd+CwLpnmq5Esj80IbZHenBiSiBkjBuyIXuKjYUAj4+Y8j4j+Yvzy+tMlSIMA==', ''),
(143, 10, 2, '2014-04-15 09:07:43', 33, 107, '2014-04-19 09:09:00', 3, 'd7a57e63e5bb8d69effbbd7c24b033338bfc512a6cd60c56c7cdd02046cd9dae', 'sTLMnF/6Dev3mJ8jmEAJYzyo5TQ29U5O5qJ3Zq/jy1czzCe+ZBZM/doJ1JtGyAAip74480BiMvarrVLmm7T/xp8TVmu4ycPnHOBfdfAeKuF5OBpNylhFZa0DbkMBQjI09+MHiTNcgCI41zCcDvkhpurX/c0gHqOVQOtCpZ54z7Izo7IoGfF/1EdVXaiy2iiwIZmhYWgAC+lSaORDcgiXM9Zi4ALr6aXOPw8+ceDnR6B50ESRE4bHcz23eRpZ5kik7OlWJuXWiIi6CRlyttlsaEXiskU6gi/2g6R86I6eRavIePtuHALLZtsX1R36pZ7I+Kxdls/xIPi2cqhQK40w7g==', ''),
(144, 10, 2, '2014-04-18 10:08:07', 34, 108, '2014-04-18 10:09:00', 3, '0b6879e51e30eab77597e17381d045e94d5526abde5e5d7a9cbdb0362375bba2', 'QgTGu2vM5hNCbuIS/BVMIBqzmRP/c1NpIci4u9AhN2LfKvBU/kB+GG/QH2XifBK3YHtewmvecHOJVAKtac2DsZzTT/tIQ+u6EZIz5Ctl/Idd2jBopWeepvWRkF3/XocCLOct6fvf3YqZoX9n8OcMyJWbSJX+oKhUv73VfIEA6RUkrBd6cCaqLXBGv+8sTs5V8wBgKvDxV+60MGi9IYvYENU4Jbao9jc7zKZfWjJLrmuy5agzTqgNVLjLAL/tRkDUq/ZlCzduF2atE1AzKR9CgjOb6TZ9weELe2FxrWxs8AJrvCXutOKdb+T4RD0OVBhvQ8T5EBht9Bvfg8TdQPO+fQ==', ''),
(145, 10, 1, '2014-08-22 07:16:19', NULL, 109, NULL, NULL, 'f71de5e515178a0213e22126a273a49fcfa78821531d3b2a2c3f5d759ed1ace7', 'iVSRicBnxQS/XIwRXC7e3XJcWU2LsKeAGsZQDPFtTf43YVFss+NLKtx47XIRnFQo/bylhAHecu6KIZrCjOnzavVOx6D/8hP+v2pdFC693VVMmXn6nfI7qpHCYcAGEZSSLOLJDHGtRlb6xUdGZcwGVnxmwF2+J4qL43JgVku8DOfH58BXvHGB6Vp5RwQhRYboacmuotl6tptQSrhZ1AVbHAd4QO9VVAev0dM9IcMiYvfJsLbcg73nmWURQmncmCXTd8jPXnpku20WYlEE1lgWNRBsShNOVfog5YyfMMC2qy06TufyRBr4++QayD2ZgYnv9L2l4rcyuF4oqIZog6KBWw==', ''),
(146, 10, 1, '2015-03-21 09:50:03', NULL, 110, NULL, NULL, '7bdf6ac0d1cbd4977bd31e52a50fe49552ca83d54fad6286de541583f0f5a0b5', 'nHm4WBnsFAk1rbfhqUABKtfL2k+Q1/9TS3y5pXF2WxIuhvzlPTP1TfdRO2YjZYcQ1wg+ocX06kb5LSbITVvIT/G/b/CirKfYflFAuim5GHrtTMb6PBDdp9psm7PZrfNVpSba1txyHU+Vw3dQu90Q+cmLPEeoBQVJu1fVDs5Awk1owGuFm2mnozrAz2ocdrCeCoCcpBXEgmWvWwdeM38CaBwdrbT4Xd5XDSpDCbSLa4TBTiGw1OF2wVYzPVCIebBhXpYIxV6Cld5r+uEn6Vtew/2bT383ODa5zPKEGnJqOcAGBgmU33htEWIbnYo120qKLzPez7vA4p8xmGUS58DCVw==', 'no se lo raen');

-- --------------------------------------------------------

--
-- Table structure for table `tipoautomotor`
--

CREATE TABLE IF NOT EXISTS `tipoautomotor` (
  `idtipoautomotor` int(11) NOT NULL AUTO_INCREMENT,
  `descripcion` varchar(256) DEFAULT NULL,
  `estado` tinyint(1) DEFAULT '1',
  `hash` varchar(256) DEFAULT NULL,
  `firma` varchar(1024) DEFAULT NULL,
  PRIMARY KEY (`idtipoautomotor`)
) ENGINE=InnoDB  DEFAULT CHARSET=latin1 AUTO_INCREMENT=6 ;

--
-- Dumping data for table `tipoautomotor`
--

INSERT INTO `tipoautomotor` (`idtipoautomotor`, `descripcion`, `estado`, `hash`, `firma`) VALUES
(1, '--No Definido o Cualquiera--', 1, '6e323e78d68b3e6fa65d80c33acb8aad9cb90aaed7d4303a68328706319a89e0', 'XKoQEVpXlTU9CWB4Vg6NV9SYwx3klEAA7STse26MX7LcJylj+ZaVd96gmzQSCdH1oUa0HP2ww/fL0zKFi6THYZXr4fguoGOnufeL4BCOjrtFK3RAp4RlRZPbvLsupeCDn7OxLT9bfpYc68f1eBYZ8JMyXye7kpHDCNrCh2jEQkC6VUwXl+XJlQdc3rdlnxh4Xx2ozS7AdzXb94cjRjN8yPAAVWHzKURi2PiN2T+sd6QBc5+gFFqb98JBGwBTr99UhT/uJSxc7BbBdGZ7MsONuIENPwIw6/QmFhc9jCJwNKKidNDSdOw2v0WBev5GlxtZbjzXUj0FWtfi8wGovD0KAg=='),
(3, 'Motocicletas', 1, 'b7a7835a5b82ba2660783484e0315a5a4d4889f67c0b6e96b99cb94fb9d417f0', 'Bli48AVartDjSiqpmV2j2vL97I9SOmPPUv8W7u35dJLK/AgAMCPtDh9nm5oGbrLka6BETEZkwKk7qQN8rW1tBlZRGHJ3UmIV5qOUk8TukuMljVj36ToWG+S2S4ORfByYnaYG3FdER1v4f/PEJscoily/7sshGfTSsJ7cQinOlLgFl0QKF/mJctmZNGMclPYeBbdQHpY2gMqI5VoV+LXsCR8ghQ84EnlT7ncc63Uj4BMK00BM0zTSdrTTqqGCm60iMO3zWfpHBU5TpYzfyVmOt+6y6MFfdSj/iGPVTMzABi+WOy7y508jOXdpaPoDqocX52pAPZdMv/uDFfe+sP8n4w=='),
(4, 'Automovil', 1, '83fcf460629c4f945c44f6718ad3a03d637f02324d71ce4f1b9932fd86c30116', 'Z2/UoJKSK9Zyz+Nt5brpo5Nrmpk9XSW/I5Rfneqi7tKgVkRRisD/2hApwvUbO6crnOXdzIvHBZKI0q7S8Me4x47a2iL/m1oHU6J4OV5wR2R/3fv1Pt/s2158TMLKrZvhXgNb9puZcieCrBATuYHVFS1mYJPRUSCCFJLBN1vt9yMEPSgGT9ZXjeasNsBtH3r4RR71l8nOuP5LzcRU+2vWJChcI8Mke+qIWruZHZzQpf0R/+1SJNTpPCeqsprnSvlZtYaTg5+UdoGZcohg+sg6KoX40w34e3uc2CgYJPhT2ihxZ2fU55qvtXZ1hjX3HAIK0gcN074z2msDFhuUhIGj2g=='),
(5, 'Camioneta', 1, '2e9013ead465fe86735d6acd3f91f9671ff504a6cba44098f2348fb633f43e2f', 'FNhlzzL8SUfpwvgBlawAbsm8jhYxFxX8mQ1+Jg3q5fvQcyhu/rCcMk8CCRwnOXL6tbDL5sEfWlluXon+t0ErFQrDOVrP8zKHThAIgO6Th6AnDQt4UZPlAYVPfw0v48Cu67LEzOH3a9cQKfCG0e6MTmsHGmhgga65QBXQddQOp4rkRTVKDOI2BgltHqdjeYzQXEIfVEkg/j8kycM5sp8Ei8ED10SUVYGc5o4IVy5oPg1Ow/h4r/2lOsfVVAYBy2hEtcmKdDkMCkjVRM5Vd9G0nqEueEvnle6kKT6IcatnCR77aJUK8P6z8OsfyAlg5STHU+dzVctyW3ukrEu6+JSm7w==');

-- --------------------------------------------------------

--
-- Table structure for table `tipogasto`
--

CREATE TABLE IF NOT EXISTS `tipogasto` (
  `idtipogasto` int(11) NOT NULL AUTO_INCREMENT,
  `descripcion` varchar(256) DEFAULT NULL,
  `gasto` tinyint(1) DEFAULT NULL,
  `modificable` tinyint(1) DEFAULT NULL,
  `hash` varchar(256) DEFAULT NULL,
  `firma` varchar(1024) DEFAULT NULL,
  PRIMARY KEY (`idtipogasto`)
) ENGINE=InnoDB  DEFAULT CHARSET=latin1 AUTO_INCREMENT=15 ;

--
-- Dumping data for table `tipogasto`
--

INSERT INTO `tipogasto` (`idtipogasto`, `descripcion`, `gasto`, `modificable`, `hash`, `firma`) VALUES
(1, 'FACTURACION', 0, 0, '58c03964e623f7966fd2c4842c3c52318012d326e690c74bbdd20203cb19e1c1', 'jvyZ6dABhAAhvZhmlmfKs9Q/ESai6gEo51yzr0gb6BG72e7GdSX01iWotbExTJzhUnqnjS4Hc+HKOPBufX8ObdH4wNjAT5esjM5aOzB+GFw157YbWfMZe7UFZhE6yuL11/AWGrNDUV0LRIkpm4aWRMM8uHy4UV55UqvlKJZOWIxWAGkjCRQDAyKgJJHRzzKht5WLX69Vvyy+kMgQMF2TfIkAwYkZl0n9wiWfhQ1S5rawWWgqyhnld7VfFFqZZTimNvtRy5JRVQdE/9zbeMnoyYE2fvAWdpmxFUBxqaACu6r7rmUTEMUqrQteSBsi+nKjt9O35yQ+B53qickvObqCWQ=='),
(2, 'COCHES SIN ENTREGAR DIA ANTERIOR', 0, 0, '8131a2ca1578e5831eb3e9fc2655c2d739e402783b78c3793faefdbe0c74427b', 'T9P8bu0TtCM7lyA+d5n6QOmjnz4QmvT3zgeRpqGhvik7r92W1rW4tzCaGBeQ5lrhR3cTSn6XXr9iR5PtSpNqleyIGAjpdAo3aPEg01OZV12JHBUaupRmd1Pkyg+uYEmUi7Qea331n/UCPScz1rAqch/CHiNwcoVYZdIAF8zgsDH3oyHbgaXMwoUbNfBNRZgCQdW6LmvrbyUOFZqfImzH7SsMIAcVRW3KbWOBh2MkF7Qj1XoFNx+HArQ/c9UZymKsLvUSQFiAa2UkcO1XLvRqzHjohtQ5EDs4/+8FknduVbmsXg9VYpFYnnLOuL9SUvNeejRWq6wr83MHRn87D6BGzg=='),
(3, 'COCHES SIN ENTREGAR HOY', 1, 0, '238f830f8b4d80a07ce048417c8d7bebef5d4bb48d579a538f6a0e8f6da1f641', 'DRzZgqKa3ckZnnN5iqSYEtWeOjqJ2vU84u1aWDOd8y0ideUHnalLPDXhD7k1CfcGRYNhPc5XH4K0I0gzNON26y0TQv7JeOz/WhDOzpqjkvKaTFoiqlKUD0MAfLotlCL7KTRvWTsh4WpQTO22xBD/waBVpOUqb5kxtbYNRA3yIw8BQO4HoBkxWaFgtZHucGZE20UejEMmK8EbH/QbX4IdpsyQpL4vBKEMzpiP2EwMo1WNH5ogGyWj+C1R6BmBUsVVtp/vFUUhJPtcIUso98k964eROThrctuUYmouCaaCVdo+omtOyASJ9W8udhcZpljKMe9jcSQ4YavoJo1uDYFQ5A=='),
(4, 'PRESTAMOS', 1, 0, '5091ab3c4c8b3693e7c0a32e59e0882107b1ba7010e35d268e9f38b6e7d71aac', 'dAe0pfvQpFiVoBlYyTV43PD1OpVDj+rrHhWvOFaM+LqAUJKU469npiD6xze67hnyEwCDv2Xxh1ZY3VTu+LRgIV5Bsn//JlzMzbk6hPon0VhZW74eaUV8y3v1Tv4bHYSzLdIRpfdvsVX+k/yrMoWErcr4/F1R9084uDepv4MiONdRlbdTdoTfNWymZk4A0RyQJxidDYpXbkodG7JUGbjApk0zwPM/R9+U/BfNAloBqAEdcjRxzhrUFF9ZsoJSEXW1KOV7BE3oDgQ2GyXvuejtBlYsfi+vrClSDUTEZuRQXkRAAOuUbmTZcGeshU49GleuNxChH8nMsa37r2ENEpWZvQ=='),
(5, 'OTROS', 1, 0, '916b8f023a3a73d07840da6dfea390ebb29caf65119ffe3ec0af4c07952c7068', 'hZuUVOlqL6LDz6m7S4zGR9WF6t760HBwLXRVuqiAH9HUpBXqE9MIS+DNxlfI9fRdmLGvhKfNmUlYy8FJfxvd1+m6mjg1fufzTn8qHXpVPWQd71ne9bcopwwo3bIwoQ2Fq7QZE0wRIlu1Wc7glPlZnCmGp0QHrfXBkShaylZ8hOwgAFXdP5kDSJXoLGgHD+VS+nnklIE4KRByYcNmx/NpdXt7Q/mB1x8zxwKmmNcyAS+vSDAyV7EK4pqcPPMMiyuzgYZMJGmlmssAVSrQxe070viaFEaOK66oSn2aTqgV313xQUmSR+wh/hTKvLe4EuwSNMZ0+rENWgbIjBYlwyHQBA=='),
(6, 'TARIFA NOCHE', 0, 1, '1f70345def7d1e0fc9205b0530023f288fab9019c386ec104d14377f099f7846', 'DfwGvXyUgsNeqZphMIfJFKjUAd9JRvCTkQVbhm+CrzxerxZUDaV4EMEQMCGaBb/M2s9oLqGAFIAWX3Tmb5QLQBMFD6YwBz1Ynqnk63P2p3N40jwTIbLO2H+t+LQ/VxqUNazSlguMPdJJ6aPyEUw43ZXbTtQ3je0mgsEGlrHIFygppbPaG0FFLbpTfcWQXJF6MV/bTzmgAp+BkSsFE88flakzRSaP+u9M4rJjsmUFmb7Z/I0DzOAzosJkqNz1ts0kJbPoWXThWhP/POIB63MhrummTdt3FLJ9yRneWIrSlBMaS/rJFEaErJ4N1oBM5u91svX7Z8SgeoaL3/2QG8Q/Pw=='),
(7, 'AGUA NOCHE', 0, 1, '0b17a81081a838587dc0769e7b2fc97fd5f2f89fc290cc751d570f2c0b2d122b', 'bhXUTyT2qhxnVbC8rN+RLaTZy3G1ID93XwOem4vWligoEFs5kjLUul7Z7TEBGAlU36RKcCdMoXfGyamwsoQEWJRiNozaMdCm5CHD/U7IsGsi1Tp7qBd67/xTYa25PpB0BEdwZ/5py6WedmJEzxVJAMueMTlX9MNnkrIaDAwtniwI2XFJXyXXsFTkY/95yoRuoGeDXrh2wgyfxHfrVDD4SsmbEK1ReQcbZEjWuVO2/KLN6HrVenE0AptcfkuddXNTjEjRBHt5I6LLjHyJVjcmb23K4v1/gDkrVerKHTW/9GJXikT9OT2a2cWdtrGkCibFsJQ/XX9WLgxjct9/Si5n8A=='),
(8, 'FACTURA CERA', 1, 1, 'e3f4d8822af4d02cbe2f1b973a2a44a7578f079cf528837f6ea87beff94d8fbc', 'M8deLuOxZJtGSaxJnrvj99Boiuwm9Hbh+KdFMpKLavhTu9E7K6t5Lpjj2GeFivh/ANJVrQ5XyhFB1mih+sx0S53AmxGdlJSgxKupNlnM8FD6nGg7Tf5Br2AzGa+SotViQfKYQM5i8Z0gejmWqZE9lWL0IDGG0gs3T72eV6FgPPJptd8ayXumSQIHC3a/db73AZ1b0RwhwmACJ1m3KndklvDBcP/zbGJGHtpx3zLm3tUh4SoX52zn8dZvS3snrIIiJl2JCkmKxURpVpiSVm6jz8xsuNvIytBWRfSWWTGZEdCXl5mn4WIrkOux5yZnjYkxaTSgbqBch1aCpbzNyKN82A=='),
(9, 'FACTURA AGUA', 1, 1, 'bf5faf1bd5b2cc23a769ba45df858f6e9ec87a31e1bfc0d6da9cdaf7e19373a0', 'eWWpC2X8uYmNeWJ5ZeEVwIOPlFO2iAv4YQcZB1S0iNWT47SZY3+ct5fD9eCLH4whc0MyRiVYbeVupsOaRod0HrZVbIWDAqOeWO6j9FmZV6jIdWmtN5BD3kfSfQn4XiU7BtUYktEHZUgquyaHUJckzqrvhS3sCWB44FVeUkEFw7/4FEmXGW/wVsq5EFrIBc4/9M4DVIIIdOpTYLvA6jwAsq/xz6yvektxQV7/775qoGRjadu/EsfbccJi+9voh5YwV5zpWY/96CyjXuRO01W0BYk9vLI40x8uNrJZtPpkY4u2d307pHcA5p22S0PL+b9bcTPbJzBu1gbZOZLOhq11hg=='),
(10, 'Prueba Gasto', 0, 1, '88a8138b823f7ee760d039e009d11e2ad4fd05ea5b20ee772e814c274012dfa6', 'M19wlnqMdifWGOI9C5Z/KPKLK7CIp6/b5OMY67OoZ/VeONdUpsUNpcvOFw4VAnhZyE6zGBBNfSCYyNgKQ0ihxkg56opVtwuMAP1RvC0HiNYELah1OiWh2eFLSKj7qZNCl2whuTpsuFTtSW9ODCu4xiwhE3K3ATlEQdpp11x7FO2k4XyeN2GZonjLxD5uyz3QP4lp8sIw3IF7l4+tdB/yHlXb8T1nsC3FDj1U0hlCSAFPOxyhmFk/n4p2eouY3xqmSgOINjBMEBMF2+K3V2EBtLgUf7mN4NrpvKH+69suHMO2OFyZAX+o9JxaD8oP/lArBZmtGXbnOHxXOdeoL1nEEA=='),
(11, 'Prueba Gasto 2', 1, 1, '55e42088c1eba50c2f7853d91ff502f4f59ec6f0e6d722eb6e654d2eeeaf6830', 'aH8LmFK41usfxnTvSATFUrqNp7aiF09mE41GUMxPZxTiBKS5QWa5W+LNNd7C7+61Su9NHta237cQW62c5LJ7KdyLQkafnoPPwupvgcyb0r7O7F2n0LeRgldQG6/z/2siXchyZI5fgTJuuZ/sCQbCr+65TwKkKfgrcMgDlySKFp/VYYuW+dokMLFutKGKiAlEkscCVefG+5DHJut6d0fFkJsPYI/GB5B7i/kFaV7XLjhxutU6PkfgYY2DyfuZiCeRtfSsyiWETFlQM1W+FEilSQnpNIr22lS67bkHnJide5iLGT889Oa2Qn+GPkZ8v9pbfBHOz/GRr8xfqFjZhG6rqw=='),
(12, 'pago tv', 1, 1, 'aab47109ce7ccc785b40fd8a8759932aeac8f61fd1f70275e3c556193c66d659', 'Bsx0plYlFcF4+OzfoHGt+R8VuHwgntvYCLqNpHriPG8TjbZaxDgXNTzKvHBYg4CfYmImVbCJ6GWs6wCIM2ZpQga8DFa5VbOC3Q1coYCUjiP7QKzxGRx+m+m6teNFiw6KQ8YncmikRNsMdhF3U411Jh76wzCh1dKfFoMIDnozJCPHV+XpHV7nQQR9Z5jcJj53K4Qd8kxNVf+rwbqoAI7l3QEZoB4cBPxKbZTUBC1z5cmdzabz/6gmGXCYYU2yvATCJMzS1kWUPL09fj+PucEv4dIEeq1c1fd5Y91/IonoNUnM3PM49NmVXFWUpYQafzoHmx57D9LcMLYkm1yNvNyDlQ=='),
(14, 'rrrrr', 0, 1, 'f5885f7d5ffec28826b108d24d13312950577fc41cecb0cd15bde8f5aa6ae6c0', 'HH5PLDXr+V3h3xo01Z69wyf7fV58KExpCg3yDQMEqoxkFOtYTW+kaQb+g12xzVH2hSAjplsa7fzM71ftZIXSrrAx5fLgJrdsObuYe4REqhlOkklcEnBQFPIMLqnxY5pTnuIy6rqQOXVU3OR4ej9YHQmsYMwYCTGIyPsn3FI6++exJFqpE26HXw4XzbxUec2gGtV6pKa3c4XQf8Ma5qKxje3DtUeS+LnJRE47fz8eE7mPj/Iw5bpLrCPCfcNbJ9DGDv92HqzDYFqwRd6FYg4P7zoy6rPJ1XpV37H/uYPpfECUGVnFZhvIXSNkg/ZfzQ0zvQmGjWy8B5V8ffBlWHQswA==');

-- --------------------------------------------------------

--
-- Table structure for table `tipoidentificacion`
--

CREATE TABLE IF NOT EXISTS `tipoidentificacion` (
  `idtipoidentificacion` int(11) NOT NULL AUTO_INCREMENT,
  `nombre` varchar(256) NOT NULL,
  `abreviatura` varchar(10) NOT NULL,
  `espersonanatural` tinyint(1) NOT NULL DEFAULT '1',
  `estado` tinyint(1) NOT NULL DEFAULT '1',
  `hash` varchar(256) DEFAULT NULL,
  `firma` varchar(1024) DEFAULT NULL,
  PRIMARY KEY (`idtipoidentificacion`)
) ENGINE=InnoDB  DEFAULT CHARSET=latin1 AUTO_INCREMENT=8 ;

--
-- Dumping data for table `tipoidentificacion`
--

INSERT INTO `tipoidentificacion` (`idtipoidentificacion`, `nombre`, `abreviatura`, `espersonanatural`, `estado`, `hash`, `firma`) VALUES
(1, 'Cedula de Ciudadania', 'C.C', 1, 1, '8a62bc1c2f803f4e8eb56a94507c7b3f869fcea755c1ad67f7c4252c673fb95c', 'aaTqnjD3IsaY8mi6w81hexYSi8WxYmVSWfllgrMu7TZQhvLXgJgoRj8EL8Zi3Mt72xPULJKoxMOKJ8GFrHzi+niKQzy+lXxSpFBZ4zayw1GYX2nMYY/I43HtQGcST23C+EuqwSnz+r9QwVfkACWdcrb9FJjPfoF6lOC5FprM+rTn67Me44su3WeXkZD0JQ8OmwB40GBo6tJ6VNKpvrddoPCIVU+8o7MxH+Iy7Ar6mcBL8YayFR56NRaybInlTbqzYTkqmdLCcy6CjRVg5gf8JUyoClqhy+AoDRnmIVZOxoKgrGnAaq1R0b0H3H1OuwCewj9OkL92Y3B6PTiVQvn5ug=='),
(2, 'Numero de Identificacion Tributaria', 'N.I.T', 0, 1, 'dd51931b5533a84868e847c683e540e0c6cc57830a11902ba6c8ec4add2ad309', 'OrRPAkWlrmVfenPMQtXUGggR9zwzont6iqCP2iVwKBXgsXkhENS5WgpzzkwOQ0Goc7jEBYitiMnMVwgDn3VzQz7b+6uFs/yFrywsgSA0L3iH5lRcdweVmj6t3XjRIDmB4FW/cHEyxDk9rlwQatFNVYRCs6vCvtdWk8XAwdAouVNuoSgw/4+T6g574NKa7T2SEqlsH/wwdJDKfHX8L3Ol9P5/9jrDD4p3wCdo/lNaaHBQbRTROHrE5J7cLRnBdKVxr/QXrg2O7/KWj1sVLg+rPeiZeZtJuLIM9Qnf/hutHM2WqEZPZke+Qjf+YV1Jv+0YF2ZVQGPx4Ds6PJ9B8f5Bpw=='),
(3, 'Tarjeta de Identidad', 'T.I', 1, 1, '4ee5b1983a5b68b49b162a8144d33be7213db05a4875fad645c1fd19bd6ec7ef', 'gMaJROBkJ0KVhbIdsDXbJfQwBnIC1PFgpfnDiOt6S8Pm082/Q7Ejnh7+o9nHYbC9FgsRkIplvkyqScEZcMs6RkEU0E1z0QrASYzjViF8lDUsuyiS4v1ShyMoQMlMe8YW4VHyFc7FFTP9dtgDwG2hZ5l3UoozbzFy0wlqmSMgXRkVfuO0TbR/Aw7bLOTBlrVKj30QlHdQ731/lEoMrr/BWbSHeisktNLp1nbYJb4qAvgT2wtzK7r+JJKUU3TR89z0pCtKrFU6iMqQx+8Cj6q+er4vZmbtiJUYv9Vwjw1JPBDmMs7C7kLhX8lTj0CoxLKWg5v1nDKSaCowQaRMTAYLgA=='),
(4, 'Registro Civil', 'R.C', 1, 1, '2fcefe507c269b4ef0307986dde0b53589b5aac7b4e98546efff92854fdcb89d', 'LxUTh39m69NQe9a9BPuJvKvmIWRG+CGjsNKGyDW9+NXmkJRdC9ACRl/TA7AVJkz5cS5qaHWzDDL0m5uC1zojSKUXb9SzPsXanBvnpOTtMvI5xCrD6Jm6bM01ROWZ6fHpsHYBhn9zHK949xjheEqSi+5O5WPyicgk5LQUX/u5cr/W125YADMQpUcdEBrFwybV5euDctN+JPHx/fpE7uxruxKQd/yHCtj0zs7A4KWv3GLfA0BvNZKPJr+BSQC1rbcDbzKMECAW88fpeH6Hu8hSjnM37lBKwtkgsN/f+/rXPUUlXT71l+2HJ69oU4JQFWUs2gDCHC6TlQxY/Le6pQ1jJw=='),
(5, 'Cedula de Extranjeria', 'C.E', 1, 1, '46d71dd7500c4337c1d539dd53dcb2964e2da3f63064d5f34ca12684e67f2eb6', 'dnTa18SIG/A2eg0gFbUzKMtHn2Xj20p0SR3W1AFX+J0NRbCwiWVqd/ozDuAYtylmyYRknpZbj3rDcvM7fqeNofQ4Um6I+b4zmffWOKIK7xcPjDSlTF5jN+HX/fxzqCAvs/OpYSyYQMM5GhHP9ftqda9Ipgg7j0gtOmO1WA5pGTEhypDv1N2MjjyHF5U48/7qPVaoz6fisNt7HFfu4b7/hKEM4ccSOwVV2TmR9my1HiE3bRHszW0i3gLEp1ULi8rIbJhozfz7H4Jz4hJEzvYF+S+HaQa4UYrcrhnThIIrNlQ6qEeRd12lFC9qnqleXWwcLYBlr7x4FoJ277q9cWLDRA=='),
(7, 'Persona Juridica', 'P.J', 0, 1, '75238f0562c14070f5e98a05397042727da47a435eba92d3574fb89406f61999', 'AQ3shNQrYnRcWszSY+6WpqRpuHIT3W12G36b2voLsCqeiChLSukpTC/e76c0u3Mo7giyKn8PbdH9Zbof/pAdMTCR38MDEf/TDGKV8g3N0OX1jqFhgAFiE1cYXpU+Me1RWiFqXkpE0HzjNJjwuD2F4kp5ab3HIujPgb+2zNxvTOGVQngobCbBhd3B7/fKcgI2BDkXzbLxK6lHN+UszfGZ6c+NNkvCgjdXW+RgeTKLCDmc5cMmzyLlyGDEWRCGFLpLgs2JIYQyf/uIKFJ9xaGJ/lAl6wEL+X+fZscoBwrU1g4wPOAtbMfz70dsDIIGL1qes5xv57mmKVeb1WARKLkhYQ==');

-- --------------------------------------------------------

--
-- Table structure for table `tipoimpresion`
--

CREATE TABLE IF NOT EXISTS `tipoimpresion` (
  `idtipoimpresion` int(11) NOT NULL AUTO_INCREMENT,
  `nombre` varchar(45) NOT NULL,
  `hash` varchar(256) DEFAULT NULL,
  `firma` varchar(1024) DEFAULT NULL,
  PRIMARY KEY (`idtipoimpresion`)
) ENGINE=InnoDB  DEFAULT CHARSET=latin1 AUTO_INCREMENT=4 ;

--
-- Dumping data for table `tipoimpresion`
--

INSERT INTO `tipoimpresion` (`idtipoimpresion`, `nombre`, `hash`, `firma`) VALUES
(1, 'En Impresora', 'bb367c64432c082903fa74dc402373368be5fd08f3b6f0cac8acc60b3b9aa938', 'CtTfdFdNLm1nNNDb329zV260Lex8d95WvZnLNpY7wPLw9LurrgT9BvA8HcZDHJFAGgUhAxbeo6z30+79qbFSCed7yJuNqPWNXTM7Yla7ICFAxmina+o1Ono1V2X2sEdkJfBHAey3rmC4ZYIjlkydLcv9pB9sRlZVTnyeBTa3cjyQWVqVJFBz1fubXAlOvabDcyXfnwNcqRLqf8zvvVOo6jj0WoNa5NNGq25bRhMveX2ZPM+Uu7FdxxY+SOTvdKvosAgVKfFxr5p/zhSfS08f8cPWm1YLLL0HKNTcROzcB5znE2oPhlteUkUi4gL2LM0FxQYTQRvU1QkLmcK4+Agw8w=='),
(2, 'PDF Descargable', '62ad5869fdbc86729756340309bcc952634cba81603882534e3fe1fa7f3c1c66', 'nmYNx9+WwHL3ELCi2resiPKddE9jGZhMsz2Cr61pWy6vXl0nm63VB9XxF+lYpqlEynrwGVMc4coDVGT8S0u9xOQQrmnZk5KRkYcSYyGykp3O0xvAqnIL/s8mIvdOf2J0UbLlWUyfMpwqv6zcvS1/HBYQ+L02k2tGE7yP97BPv1HatFfdvi1Lbl6ILXASjAe6B55x++C6Syfgs0IS2dx0g02+lbwDS+n6/MnDdmwURc+D/sfFcPAqDBAXcieIGQWBj6pA7gY/uC9StwJb1ObFuF2bOOXcyh6KdupOxWiHNocbZz9JZ8xEmbBSweFtTJBCUEauvX5z2u9iY+BH63onJQ=='),
(3, 'Excel Descargable', '85187917e98c53e1c688485d955c883e8a681b0e18ba9ae4ad6b89b50bef3ccf', 'kuWHnZswJ5zSzfSwboFSl/D9qDHPKnoR5PjWS1+d6yey5IX8a6X6/ERcZBFm5GeKGYSukkrK8s46wC2VsD0QUC3MApW6XNFj1CUT1G8fiNXL59MLPAPBi6jnEIquQ5gTIilxTgjCJv1ukvc62GtAk0p25sDrG0ebIpb6JciY+5pkpds9OkCc6sz4Mp1QyBrhQekEnULDnRywBypBMeEJ48AzHqwA5TDrZnNWQZcZPrr2ji+1pdQ3tre8b8/QcbZZGY0iAibhlQ4G16Y4IqDSxAdFgI0hO8XxSHbj14q5cZIKevA9dQTHsDJDa041/pQB5+v1uMrhmff0izp4OrEZvQ==');

-- --------------------------------------------------------

--
-- Table structure for table `tipoimpresora`
--

CREATE TABLE IF NOT EXISTS `tipoimpresora` (
  `idtipoimpresora` int(11) NOT NULL AUTO_INCREMENT,
  `nombre` varchar(256) DEFAULT NULL,
  `hash` varchar(256) DEFAULT NULL,
  `firma` varchar(1024) DEFAULT NULL,
  PRIMARY KEY (`idtipoimpresora`)
) ENGINE=InnoDB  DEFAULT CHARSET=latin1 AUTO_INCREMENT=4 ;

--
-- Dumping data for table `tipoimpresora`
--

INSERT INTO `tipoimpresora` (`idtipoimpresora`, `nombre`, `hash`, `firma`) VALUES
(1, 'Para informes, listados y otros', '78cdc03aba1c4b9220f4df70d0133f7e0f0a3a36432fc49b61dbbf7bba1c50be', 'UD53Q15mEN+KOR9p0KKUlwiExZJwLEo0BDp64AdMhm+7k7NX0D0UmfwA/GQpsEUmdgysUssdM+6p84d6NI37Q6TA6orTRnrj8IKBaggXHz/jze9waiO9qfu/ilTa834YGSLG5wvSuQgWxDfWh9IUoJkZThDlGovB60XMh7JJUOC9O6HuFrnDABXjDc6K34lqpoSy7zaX6PERv3TV1IvTg3vBtL8/SOvywnp6tXFzbEnZrqK9TyMIeXkYqxKL35reQf3Cj2NsMJZF+CjJlbfrggc0VNIo/ZrdPytQPcry0PFGf1qMNelOTnOhOoGKlFkRr7mkwDW+BDBoGF8eLZ+F6w=='),
(2, 'De punto de venta y recibos de caja', 'c6ef720cf3c250970dae0fed4692fb4daeac6e7389a243d2e3e36b766519a253', 'Ij0I5idL+6BpSPg3YSp8lUKgBtM36iu7hhp1Z7uPTEJyR7YusaKbLaw81pqd86B6xNye6H9ft8GBTB5dZMJ8G6NAmlYOCxx29xXdyPFbWbtL8U3om0XtdvOAn0DjZ7fARufqzIkOeUXj/5t//pt7yjlGql+4Ht4jvq0N2Mf+tMFRZyu9GiAnIwfwUJtCcqA65BdvNelbhD9hBXQ7Ke/jamowEEPxRQhGx4HrWe8KP51ifxAowN9FBI9sYpZVQC7HlslOTfoqOK1Sijdp6fUYCJL3UIFNlGPqI3wxiGzpl4fYIdrIJOAneGUritYyaQCzqpGUiQ1qYw3zV8QkjUWXSA=='),
(3, 'Para codigos de barras', '003ca0d295c80da75f5196a84a5e1fd5b0bd2a28a9e8747302e85cc0ceb8d0ad', 'JUol3O0twDMHD/Z/XrFHElm7blpC7tnky6qjz8kdRiDyuKoyuoSNJk18G+oxSAA3Z8juUeHw+YN8lWFDGPfHLM6yg+HR8e/Zt7ZN4bbEu84ItvF5duBx8tlmVdaR4rVCgPBlQ4SqA3/fxMO1/gbyc0e+FmetiU875Xiyo+8xG3Cd9k0bCplIVe6d4POmI74Fkg0uT5U0MP8NingC381qBeBi3JuS7OEwQa9kX4AMC6Hob8F7Zj0aKTeJLyPbFLWriJhRO8S87L4U0Rc09GQDEzzevLR3IY28wWsSx2lqpGVZSJ/knKbJ63fjuNqUwyEWK8t5jsIDVXb32uVCExEfVA==');

-- --------------------------------------------------------

--
-- Table structure for table `tiporubro`
--

CREATE TABLE IF NOT EXISTS `tiporubro` (
  `idtiporubro` int(11) NOT NULL AUTO_INCREMENT,
  `descripcion` varchar(256) NOT NULL,
  `estado` tinyint(1) NOT NULL DEFAULT '1',
  `hash` varchar(256) DEFAULT NULL,
  `firma` varchar(1024) DEFAULT NULL,
  PRIMARY KEY (`idtiporubro`)
) ENGINE=InnoDB  DEFAULT CHARSET=latin1 AUTO_INCREMENT=3 ;

--
-- Dumping data for table `tiporubro`
--

INSERT INTO `tiporubro` (`idtiporubro`, `descripcion`, `estado`, `hash`, `firma`) VALUES
(1, 'Servicios en Combo', 1, 'ea7026270bb9cec994ddbaef23da070bbee6d9337c0f86592727d6a45c5bbdbd', 'nCa5lwC4NiIpP5TyqJ3q0GKsK864suVej9Tx8NfbzXtQn4vR6VpyMdgCduTRKPKwAEonufsoOBzCmhPeWkTebsxo6Nb2u6JqzvF+JynEoM3Bs70Dub8PwR+uzLz2UWtzgAh+mJw32ik6zPQaDls4hiojmOUec4hqtdUxACNkQGSbRVPvoG+MEjqRc6IXj3WxsGBrgSTsl/PCEM4Q4Y/IjcBdnbsmDbletivHJo+PzhzryrAirfNdz89TQjkwjYtebMtCk5sD1B8j0IIJcxqwJQZuKc4MbB7ErqCV2ArjqgcDTTMTL6LURnu5YkmhFQrU94a8yUnLcRDMFSupM7Enpw=='),
(2, 'Servicio Individual', 1, 'e18a43731c006b638dc03e3a592d279e5235f7bb3c7de1328cb60e8d2581da3f', 'Uc+F+LGo/fGX7jpFyCxL3Hjv+MOXY23P+9y1Ae+B6sbhMKuAw6dc0s/xBhYL6g8sJWftra7cVHUxa+5/C/qcVutf7tr/slFV3+hm6g+JYhdMEWWg0ZFxZeTLsrOQ2iu0RmA8gVPJTRo5fCrZPs72eLv3K8PGb+SSxPbwnFO8u6JtqX083zlBfJhXfrUsjpLkmnONxGDVa5ByKZzLWslTk/ISTkPiLuOsL8N6MYG6t6jzG9Fk+2EvoKPB3irfk7T9xLxeE5qr55I1goAg6AP9pkxUACxvJ2h5yQKYqQ3sGWJWfXR9WI+sUWqnOMDyo7yeASTh63uHDlHrfAO3QZf8Vw==');

-- --------------------------------------------------------

--
-- Table structure for table `usuario`
--

CREATE TABLE IF NOT EXISTS `usuario` (
  `idusuario` int(11) NOT NULL AUTO_INCREMENT,
  `idpersona` int(11) NOT NULL,
  `login` varchar(256) NOT NULL,
  `password` varchar(256) NOT NULL,
  `estado` tinyint(1) DEFAULT '1',
  `hash` varchar(256) DEFAULT NULL,
  `firma` varchar(1024) DEFAULT NULL,
  PRIMARY KEY (`idusuario`),
  KEY `fk_usuario_persona1_idx` (`idpersona`)
) ENGINE=InnoDB  DEFAULT CHARSET=latin1 AUTO_INCREMENT=12 ;

--
-- Dumping data for table `usuario`
--

INSERT INTO `usuario` (`idusuario`, `idpersona`, `login`, `password`, `estado`, `hash`, `firma`) VALUES
(1, 1, 'mabicho', 'fe036296c4cc8a672b0404d90c0e0c4fa15bc04a', 1, '80d6f66a078119617bec1baec44a8325e32cfef83e41788b6019333d66b6352a', 'eEXfbu3aJ5Ira0YTi5rOT1g4Bwe8+IfPRpwF5wJ+t/TkLGo/0SGdtIyG+s/MOHIpXoC34Azh5dwxhT419PDyri2Hao7zLXMSyz/tuNLkR/9Xg0wQhuI2nKAIelq1dID56MIfbx0ynppVxsJ0lo6BmwhjXOChjo+z6GLOeeRezmt26F1dOAcoNL2DWbStlISH9tDMEgUJENOfUxebeHLkcYujp/iUIZj5s0cT3YbzPbt78hDwNZ1f2GGc30Civ2NVlbo8raQz7htmwLn8TXizxo+abpOCptV0Y/jZzTSLdkZ89FEIOCEv5fTRQW2ewv6hfkrNQE7PDt/j/dzFgw5J9Q=='),
(4, 2, 'Us-3DY6E4|', '3dfc63337d673e63327c687097a075e7b2dc57c2', 1, '2fc3fdac2b745f8331c0adc65ba1f44e7aa03234cc5488ceb393ea20621c2574', 'RAF8rQPNR2MZAJuPsYuBVnD6K9vaVu3BiHhYepYJihr4oLNsUW2NMbiSb1V9fT/8K3fdPX+rd+cxaUzYR+ln28GRcV2MKwHbfuIa1exIVTtIUU+FWocdamWeg21DvWse1RlGa8agHKiUWOd2FhIJ1oTtB1dOQ5GeDzoO9yUVtcCJHvVmF7eBe7IhAEO4O0kczGfTl2DJR6ZOVUbytI3OPw0ZQZG64C78sNQw+se2ROxqXRHlslkRPyG0vzOlzjFfwaj0SaBmWRL4wIFwcqAUd78Qpk0Wyi7VzK4+fZh+/Zpi8k7OaYG+zgBPcX+Y9sfuV0eikURxQFALA0/A8tqOyQ=='),
(7, 3, 'Us-KNBWnKeTPHHO9', '5e3d2935e4ca633d73afcaca0a27c6b6eea87da2', 0, 'c3cf9f567d0c9f4819601d61b98a2126848deaf15cb6961413b79134807f2dc0', 'KuTSljwu1zaaR1pjtS3dWfKQ25K/k8vEASh46O+5caZoKOv8P+0t17F/bXSg/PeldnSKoLBA5fRFq+O6TRaMEwBCZzKbR6KXVl+MPy5zCsGPC/tzS1gtR+zsykJJcFjeEN+eLNuKtSAyqJjok5nB77Y7dH35f6mC+iaKRN7YIyLzbyBmvI33re79Q6AC71xiazqJKrl5n5ZxJ0MRrdmgmjZ9TNaGxPTkLNydfoTIR5OoPun2D5+P1dWC607JYnsMkRM++5+iueyhcy0xKPm9XNQBsNg8+Xj0vgBezGhpYi7G2mmP7VJZ6OVLJITOHn5tp421lPP1yprBYhh4idQYBg=='),
(8, 4, 'Us-v#c#S', '21941ba0a627abd6b539ff530f5b88ce2d949457', 1, '98556440e5cf331d97bfd32bc5ebd501c7b810bf867353422e9d8bd7216f342e', 'ffcFDaf75lfMptjr2BfqJ8FSAHSgRRAw54QzE50g6sW3MBSsHkEOIxJ0SRdIU8WQOXOLp49KWYRmXRop22PJjcaUNAvG5QoB5Cp3zUdf0495Wo4j1aC2AXizfOSn1ECHh1acf2vQXNG2/DVRYde6yO6/jccOLmuUhEeG/xtap6b6HQC3Y2Nb/y7DWmUpw/fOzmY3Dne5hM9LMqzsYVuhIYpBiymHm2ILL3uMLy14k9eEpQrvvPIJaV7m/stfPDIslTd4tch5qCzGw1SJgcOlUb4wj9yAUW33X6XuDyzj8fLAEtxBP5hVlNMNwExN/oNu1EYDDYeQRIqujntf5PtYHg=='),
(9, 10, '12', 'a346bc80408d9b2a5063fd1bddb20e2d5586ec30', 0, 'eb680e1f30618acc2a1a432ff77ab362515c042a333c2ba7c1bb4abd53abc3c9', 'dOit1SFUGOjrM7hbiDKBRm+qiAAPbCqKzgokz1VLXOrV0BjqQ6N1Tw0cD5Yv3uscRturMnyMBxaCOsYu+gpYdOW0HJJ7t5xti7Oosh/LRDm1zCpol9NUKvHCepjVqkHkvOg9oGL10y/ausidtE+ShogyliNTgl6Xb3DFk0AwOcZ8hsG7Gq4v1wdsZh9ownPvoDFCMUrhw0OeaswMWqU0eyuuEJKgS4mic7jcOiR36PiP3Aziy12Lf8yz9d32WPdQXwkjx5u5RiCeOdF28CWNBuDnImT75BTx0uh5QXuEgi7bZLZPqPx0+vR8IJXiA6bPNDfLpaY29av5oe1PadZJgA=='),
(10, 11, '123456789', 'a346bc80408d9b2a5063fd1bddb20e2d5586ec30', 1, '08f2d682132846de64ba7f9f58ee663d7d2c2a5e85f566bf4710d0d79bebbace', 'UjrgWPsczdC9mMFFEAg7S0q3V/K3NrO1s4Tv++8Crie5DopD+3P1JRyyz1u29g0sbpHvJsWAFSfbnHqLZb4RI3iV7qObV+lrXVyn5s7VmFYkP9Ht2aaKZojUXBqt3eXe+xV9XtogJA55pq9mDdE28j158NLP3GOeaqfIln3liRNP+5YLIPltCam5NYqBAPXM38z/8yyqFReOD1A12N9smjoTz/sSqcWaEpl7ctkxV2lq8jU3uKd8DqXzgQ91fV/R0tdk5CefaVf6FokF4OD660C2kKpmkMIhlhKW1jv0g9MzerGqIIQpT5o8dBElWiH3R+DuugW6N5LGF3XM7IVQAw=='),
(11, 1, 'maccevedor', '97a2a2d08fc8372e526960f867bfddd1f01c6b67', 1, NULL, NULL);

-- --------------------------------------------------------

--
-- Table structure for table `variable`
--

CREATE TABLE IF NOT EXISTS `variable` (
  `idvariable` int(11) NOT NULL AUTO_INCREMENT,
  `idcategoriavariable` int(11) NOT NULL,
  `nombre` varchar(256) DEFAULT NULL,
  `valor` text,
  `deusuario` tinyint(1) DEFAULT '0',
  `hash` varchar(256) DEFAULT NULL,
  `firma` varchar(1024) DEFAULT NULL,
  PRIMARY KEY (`idvariable`),
  KEY `fk_variable_categoriavariable1_idx` (`idcategoriavariable`)
) ENGINE=InnoDB  DEFAULT CHARSET=latin1 AUTO_INCREMENT=17 ;

--
-- Dumping data for table `variable`
--

INSERT INTO `variable` (`idvariable`, `idcategoriavariable`, `nombre`, `valor`, `deusuario`, `hash`, `firma`) VALUES
(1, 1, 'Contrase', 'notaria0', 0, '22761f6b5b25bccafa2cf678b99e6ab3d82fff6a8eae6da08dc308d2a0e2c247', 'VGBU/sjCFUPTQzuRXFdKf3X6m6R47HmjmVdGtO7eDtT0+hUR5q8FULn0i0npbcD+BOvC+y/HuXmHUpjfm4rVXf2hSToLBhes4yGKHbLIcX0AZVShFIrjKx8XBEKYGB6dBBeQ0JZVSO/0bZlpwVUaUqobn+CQ1R/osoN31wx1uUrQuzX+FnVMJT6VMRoX3l4tZFH0DvNaOFEDb7ht251BQvOa14fih81rmXyE1mPUXPwau1BoZFbj2XWZsSE6BbHGOTZEjunpIcnjtGmdPC3wKp3PqTi5e97pBFhxdOONFib2DdLiMUC+S+3+cHW5p8hZcmXzPg2Eghr9ntgq9EgMwQ=='),
(2, 1, 'Enviar correo al crear usuario', '0', 0, '57401c3541db7ef09bd841a943e4eeda6b9409d0d7eb65681ee003e2b875ba16', 'YvbTwwSC7AQV1hqFF1Wb91bj6FFgkIwypb/B5bNsVX/Bbenwz+G00QuYVtBb7+QXLVgIODBsgbd/Mes6eFHeq56wTo/8ZPIYZ19QleTkTPWy2avhg3+ZzWv3P8HlWhDYYgwloYrkfLpUEm47pEfcB8CgtGwP2J/UtHTlc2/N3MdbgMqCyY8kI/vQApRgTqmrQZuZx1SOPaiyr8tEZiLxm7COTFOEpncB517eIsScVSBjE9D8GGKzy4bqlSAwgyyCrGlxA/lCEt6/Vml+mOfnfYSEGlisj9q9zsOUf9DorLSxX9X3VELxq6N8Go3VhpwfHMfuSDe3gRH4UjpX660K8g=='),
(3, 1, 'Servidor SMTP', '192.168.1.37', 0, '374e4d4f3bbb700e3d3bf8c50d8838f8dec4376142e0d4ce72cadee7369d44cb', 'YUFFee2IHej9AsX8upVatY2YheoFojCllxE5/z6aNe7LhklhPrfcsgqSWXNQugXJMuDK0fVGEMbojEW/oMy099mGv6NCluNVp7bk4SDYJ9QqdfsM86LqWPXgs3mjf/4ywpIMj2AxA/TeKp3pvlEsavaEsyAr69szLXAjgvIeEwBg2lcUE/1Oq76d0TnOUs1ovzMfL+SYoI021cCtwWsQ/olmxJL5QcmyblRPI8pDp0T6wyAd/TLzsRjigN7sUsGQzpKxr2dNbw8Zj40BrUYxNej8Hcm0ypOF9EHkRTrjrG9tgiSLIGqVlI6rn0hYY4i+wib0a/DKwSnGZdVfGEr7Bg=='),
(4, 1, 'Puerto SMTP', '25', 0, '9aaef16fea00f2176ea06673af51685832ceba9cef927b359192b7d0587eacd9', 'ngu6t1x8ns/2H1hk5he3DdAawLoZCNq+VFw33y68iPWvpI6B8Z9V2ss4rtHPz9FzUtB7Gdlg0l7QfqcXAu+wFEQIjcd54Y+GQynQ113G5ZTCuTUayCl7beHfTwxxe0QhKWFWOMbzrEwvhXL/hUkXHd1J2HFfw6/XP0tg/0bmKVjKm13tKvCwoLjxte/7BVrgXM31XfJaL9A1MYZMUZPuwV4D9kThrRSXiHc8Wf2rl9kOdHJtHazpFtzeH87mnuFl0E/hgRvYezUvznqk3BjMEYaVznsmXcO0C1J6slAGGVjaSTU8pLtvRIRz05yVQDioKxDOjCRgG34k+Unf3Wzy1A=='),
(5, 1, 'Usuario SMTP', 'edgar.cortes', 0, '22bb4108a14bfe8b91595cdfb8a89a292568058e5a2b7744975140e4fe2d317c', 'agae4RqRpiRKp1UHmtyjbn8BnCjnxn7PecbRNANQP64IQFdpbLeNPnpH42GnNmfUqJGvzeY5KDtcVxdg11SUBDeZGSx0T9On8aypbBnoLolGmeOmj/D0EbDMoKIV4GkgktK17KVXQWK5RYbugkH0/JLJdNRxERKunmfccYe71e6oNDBROWtN46zP/9fMun9QiO9SCFQXlQdctwDc5mDGsapyVBtX8NEF3k6K7dVPnZe6WBwxdtC39wB4+WA41IvCGs7LXfQ2lhSeapVIodEtEioXzu2cVbqgPLH00hZK8CyDwCmBaxlZmewUZDn2zXIenIEbhPWgl2qJbWXAq6pCRw=='),
(6, 1, 'Password SMTP', 'Mabichiny2k', 0, '0d28adb2c76dd790c4fd6af5c28b216610704b0dc4143293ba72306b56253db9', 'iitZ+LyVPaHVVSfm8D9aLk7or+nYoPQVCaZMd4Kd57DcEhbxJDaIxk4rkwhXMinCsAZbCcR3sSazQJBvHqaksA8/ctaFWlZRKDar/9bakNswcvE/i9twnOCeFRlTFqQKva29X2x2zF00LErRTWIB6R+Sbtoj/uhYqf2rXF3QZDJbvlOvIMpTtoo4wf4QWLp0m5XTGN4S+za6X5j9Mx6VgY5J1ZkKYX8yorjodO914yDHikOZl9r/1wlgiuZcF5zlsJbYowe7w2l2OV2M4G7sdwFGaiCk7GV68hdxhLatKVLSYxdzI3UdVuyFPpPqX79IdYFnVceD0tEDy6s1VLnwQw=='),
(7, 1, 'Correo del administrador', 'edgar.cortes@avance.org.co', 0, 'f5f4103eeb3da61fa57bdbf3754962ad6b7154dcd4d53f03d1cfe1a0722f4724', 'BVtOIHUxSrmZKVqNoQFPRgWycGJTaBWiIO5LR1jIH+ZDAiQ2YkiDLU3xIpvyvwEVZkiVeoRGeAftxU9NuidDYaWFX2rvlNHsY9drl5N0Y/q4giz5LS4bHRlAFcY4EMrdH61nKjeO7rXRQ0+oMvDEKyO0B9nWUDcJIQG2gLCPMUjzn/VG59nAQZWoeOA6gJGxxkq/Xi6SJybDVp91eLPthx4TqESfSXZFXNOHFdmgwuDyavaVvu6iTBITjm4xzOsitjtj8YgAsMqmNP7STwV3Ec5lYkakNv/Yn90yy860tCB3jrP2pr4tSnURJfgUy6QLo/6CQGGjFFagAmplC0aegg=='),
(8, 1, 'Separador de Campo CSV', ';', 1, '0c28138853478ebe7b16ad4c6161c460072b7072096719ee08b6cfb918648cb9', 'bPNNUf6dTuqPwd8cpyGfLP7RvmBsF/7roUDzCBRbLYbQcFiXZOgu1vKX25j8SDtPGBUe0uI+l8WYzau3YdcY/aMCIAwCEQmLKgQdx9tIusZlwiZ/AZ37YSpGvymITb/espOKPhL8P71uRnaNF1O8npPE2LN/eX/NQyTGjCeAgdnvc/XaLb1rBl4ygVuKfbnYs0sKl8SHF37RcjfD556vmBVf1TGcuVrLcw+5G3FGn7gORuBIzYI4fYOZUQzNeok+6BS6WBe3B9dAXyDJ99ZSon3z0C9snoMrBAIXO2hZDZ1lkw9L9zQKMIn2UgpDg1sN1vj+MkdX4W0oM+w+870GHA=='),
(9, 1, 'Separador decimal CSV', ',', 1, '49f0f0bdbf801b2108df1c722ad271b8ad6869347969f930dee5caec259d067d', 'kBjXOqwhl+vaexNC7zdd8QRqhCgWVN8jUWMXhTlvkOeGCV2CQlYoD2WjQ5SbLvDk2cYyqfkQp2GgIeV1YRqqLVsFHFzZ6EJj6mJkHKDrOfCPwFDZLOiOqqpRMpgR7XA/tV+hTNXKeXLVYHqJVIZZ/HuJud8VMACizV4+r45v1C2hMfN/mDUYvrdZVyV//Pl6TtxShfzpaxrBWaXDLeeUy9jtYuZRcdCsNQLUXAjLqUxRtQqk8RLbOiwtYWIUNeRboOdP2+/uQoA8VTac9fYs+vzG/Mwvc6a+Cm8DRXeBFidykmnVafvXN8WvgtLTZr9E+5V6W80VfZhmVe2avZmFkQ=='),
(10, 1, 'Separador de miles CSV', '', 1, '2eebfc22f99c15ec7dba21755d25661a8696152939bf0b2862b7f12bc1970bcc', 'LiW42kbqaweR8LLI/3a0QbmF5lfWPwz566LN0KGularNwsHuQ1OgYiy1QJijQfvoy/Pq6CPk5E0JjVgTpAEN9uhhqQEdrW4SoX7ld+gLojUVAmXf4+mro5xCDk0+HCzqhpL5QUIquE8pbgr1eGDBFmyQy5IC0Rrbkza28xYIqdU1faQLPZa/Orc3n8g+AzXmj/t0tDbwLcFFvQLG+yNeWo6X32y8yyMM5SIfCS7wXhCucMJ1iqKLk33/LUS2RT7U2Bts46CVVuWOg67XLW+dIThDpSFrjCT3tznXvd0gr0buhpolpsSmF/qIZ3Ff9cWyuLWUSYgMPswRODgHS+P2Iw=='),
(11, 1, 'Numero de decimales CSV', '100', 1, '4c198b3eb23c40769eb068b9f736ea1ae08dbb570acf5080019332157a00aa3c', 'aVQfDVtQ1rYcqquCOpDIbtZuw6HaYbHWByTGWvB0Mm3ioWv+vwfQj1gS342uyVKRATeODwE3lV67OG6f2DTzi9wmQE7r70MPunhm/hAmmbWVXZoiw/vLoHWcqY8vXr2jYpvAVd/Bk2jamPbpPsurZUKcE4kYIjGVhuowhbWzb+4DWYV0EQOzI9m3EaPPMHYYSWvaun+3uu1Av7FVcFe39yx5Ef6G4WmRjfVAFU/H50h/FbQ516G8dQWnymU2psrdSK+naiI9Z/GrGELMbvxFNQgnIH0PQKyj+okYQs4h/U4hs7/ZDFVgaH0X9yvwQ+ww2j7GTsbd5ZnocRitgHKiRQ=='),
(12, 1, 'Redondeo de valores CSV', '0', 1, '1ceb0d27c83449376715be39bd95ae07a621c7ee7a372bff0f61b0b58e8babca', 'Dg9rx4oDCikvBcuHpuHWBTa8l/DkAVkGjYUaEa//HcxhUbnDCSMMlzVl6hmfdjSTAcuSD0St4Czqg4J+gZRpu1MxuZUXUXNMdvB/YdALw700IeU/OuRQYsOCIMaGBomGH8ty+5CI1toBIcpjHzGmaEcLKzrC7d/Rz0SYYhegzm8yYFbyl/oTOH0svCsQMQI05VD+PbFURGFY2lbIFJh970mDmjZSqIDn0CUgvluteqq0N0KGRcwghM7+MY98NjvuJnDO6M3CmSi3Ks01r8TecCWs6cgHsBaXQeIa7ypD99H9XMTveic3dZMQLOQV/d0JKjgEB4KvHkos4IFyMhxCfQ=='),
(13, 1, 'Certificado de Clave Publica del Sistema', '-----BEGIN CERTIFICATE-----\nMIIFLDCCBBSgAwIBAgIRAJ8mqBunn1kh0GLK+6/50U4wDQYJKoZIhvcNAQEFBQAw\ngZMxCzAJBgNVBAYTAkdCMRswGQYDVQQIExJHcmVhdGVyIE1hbmNoZXN0ZXIxEDAO\nBgNVBAcTB1NhbGZvcmQxGjAYBgNVBAoTEUNPTU9ETyBDQSBMaW1pdGVkMTkwNwYD\nVQQDEzBDT01PRE8gQ2xpZW50IEF1dGhlbnRpY2F0aW9uIGFuZCBTZWN1cmUgRW1h\naWwgQ0EwHhcNMTExMjI0MDAwMDAwWhcNMTIxMjIzMjM1OTU5WjAmMSQwIgYJKoZI\nhvcNAQkBFhVlZGdhcmF2YW5jZUB5YWhvby5jb20wggEiMA0GCSqGSIb3DQEBAQUA\nA4IBDwAwggEKAoIBAQC9surK9jLpVMg7J85fciH1ECgfKqaTUGrXpTpVCVFO39gA\nSusY2F76ZWHwSYFwz7n03dogjncypQWjw2yHzOim7tYGe/1V0704/FJKKVKZZ/Ib\ngTEs0XJYHFmOBD1ppPcAHdrGWdrVr7MADEwZpM9W3HVNyG+4NpMBpFYr3H1xCecl\nGOy2L4Q1kutB8GMwxzif3RWXirWXqoh1RKbkpJ6hWnLN9v2X/DFTRk/0PqiXuiBh\nb4+12mPG6ixV7zAWEiML2CyMH9rEvzTg1xXmBFT187lxd8VINt80zOvp7i9T+JqG\nU7+axOruUvw9F4WBFx/DK/O0xHXYx9UlJF8t82iVAgMBAAGjggHlMIIB4TAfBgNV\nHSMEGDAWgBR6E04AdFvGeGNkJ8Ev4qBbvHnFezAdBgNVHQ4EFgQUsSlYmq9bkjIO\n3I/sjVZkAqmkLh0wDgYDVR0PAQH/BAQDAgWgMAwGA1UdEwEB/wQCMAAwIAYDVR0l\nBBkwFwYIKwYBBQUHAwQGCysGAQQBsjEBAwUCMBEGCWCGSAGG+EIBAQQEAwIFIDBG\nBgNVHSAEPzA9MDsGDCsGAQQBsjEBAgEBATArMCkGCCsGAQUFBwIBFh1odHRwczov\nL3NlY3VyZS5jb21vZG8ubmV0L0NQUzBXBgNVHR8EUDBOMEygSqBIhkZodHRwOi8v\nY3JsLmNvbW9kb2NhLmNvbS9DT01PRE9DbGllbnRBdXRoZW50aWNhdGlvbmFuZFNl\nY3VyZUVtYWlsQ0EuY3JsMIGIBggrBgEFBQcBAQR8MHowUgYIKwYBBQUHMAKGRmh0\ndHA6Ly9jcnQuY29tb2RvY2EuY29tL0NPTU9ET0NsaWVudEF1dGhlbnRpY2F0aW9u\nYW5kU2VjdXJlRW1haWxDQS5jcnQwJAYIKwYBBQUHMAGGGGh0dHA6Ly9vY3NwLmNv\nbW9kb2NhLmNvbTAgBgNVHREEGTAXgRVlZGdhcmF2YW5jZUB5YWhvby5jb20wDQYJ\nKoZIhvcNAQEFBQADggEBAEEV2R1+Uy57lr1LfSP62/Y6bcirA7qEGLzuMvoZ2XaJ\nAxFGuuNGy7Lduzfy196U5begANsTc4kNSBFQKIramV0OjTDYqMvk3AHbGu3kUFAo\nPUCPk7lu/e7WVHcj0Z0+CqFyvbeiyPd6XL5/upA88kxnbXQlgrDlQSwyo6CRprP7\nWb94c76rQ9nD6K6TcJN7k4VPpvRBO9OZeEObTcYvASmxzklWorAMn2rY45eBo2dv\nJLPn1UI/htABn8xARQ+/82mVW/bgt2nE9s2RIkH2q7CfPAhILmIgd/D0leGJXabj\nuG9eDwMHOfcAjrrCiWMNIb4rOyxjr9rvjiWrkqdUC0w=\n-----END CERTIFICATE-----\n', 0, '177bf1212cee4812fa14a05c6a7f9a4f561760b4a7911b340b4deafb332fd4e6', 'pD0hq/hat+Wvu+nWiYRKUZUXSr+PrKDIjXdA3lKrqjSejSu+FzuGZkC+AkB/RgOY3lXbQzE5vefMIeAHiBXOS+4SFTuE94I1JabLH7DEQ8QzOPmG8hEEKoTGlr5gnI4cmpH8V2Ltr2MKuD9MWlA53HrNIrSb3t0KnL5EmuMzR41/iO3f+a9ogLJwzg80uOXQJMUcncpmTKBSK7XafO9U4k9Bm0Uhn83Si7mjsHwp3l5izGjHmRT331FjYiMLGW+Rpdzi5+7uo4WAMDcl6Czv3QBT++wIM3hAW1hWE6E8KAaME8JBNdpnXIxv+XOzkUqpjO1VQ4I8jRqUqhJQAyIwJQ=='),
(14, 1, 'Llave privada para firma y cifrado', 'WTgoaJFxPU7M5g1hEhqe/S7b+MPgh4DwaNE7aEfw7nwDEFf6Y5UKKUsgINVgbL/JyEYYqvXau2xdZC5ExbpOG5EBZggiFntPCwg+12hcEMgjSrhINLMf2wtCz31RuzbZ8KmOljkP1HH8neSBb696WsW/YdUSV4nLNBYvaI5LtRz3d97/Ah4virL+x0FynFMr+ankUYhhCttc9DdeWO6ZjVbaBZr7EF6/iw+6XVdQRBq7r//O3fDLLlm3BukAJv74rcUHPZpUhAT87XIkYW32AGr8omgW8u4mHxkBBX/0IomlQxljvUzPvyyDnI3l59u1SA3Ya/0Z0gbdYOzFNyuZCgaOll3fXHztGd9cK/Sp7S3IbGdXTVzr0PkebfHYsQqgurcc+oYFmK/MK2AxAwOKBtV4PmNMMTiRj3gvnDjObpMjhaQVsuO5e9lrfQC6seTlrr8O4mWxM4H7I9Ui7Ns9tQFX0XFefzlaoS3helWaNo5NlqURhgbYOmlTYFGGuzbCLOThirnPvjq8trRjdWnTRDFIcMYj3ley1I2ZfSdDplkdgbaopXXue4uqSL/Q9oJNHvmIZCJpk43PnGnEW3XSKpjn0GnbBmfWrLGvDQQWr5JNKMO4i6xNLih7ACwl8UAnli+cMNoCBeM5o6rq2HqzZ9PyEdc23VQ9a0lGk6fP8yERi2rHZmBQed3aY4wVB2rs30pe6+gDz50xvru60iZpSbPMC8i8grS/JmIlrXfhYLvgrv1uWPmfRYKxWdaR3Fm3h9WYtH26IzQIbQLIHrm7OC9rEO92tgSo3PKIREsL8LyxUn5sMzgeZ3EEO+q+RI77vhqExOIOrfTa/1lvIShsUDeCCY4oKNT6avDdvYgZBTmwDsGe3MSC1qWw1PFE4Dob1OZDVmqVFafy+cDUDkPZRyc+w41jmBvNpdqkEY7ibzpqVgND0bKZd+PQgCh0yh/mbNawsxpWAhwlMbQ56Yp05BXrN4ek0zSCSY2SA6dDKAJqBiMxcLFMe4fjaKWyCoeruiQQFSIKxdzz+3gpENF5qRZi6hlQO8RZszgDK/WWKia+I6VYEqAQTwUgS1g63Avl+Wdd0v1aOTuo7x/7UwZXTWOFuLuT+R0AoaBcGd2pXCDeS7XM5lJpnHlvX/DM4VrT0qjLFUIEB+ULSYfU0yeHiUyTEm4opgqyuxr7PbJ3TBOQqH9V8SP+oFA6dPwitalL73BypzSA6riJyTAfy1m0aRQ41Yy9b03W3bLVtj4wMoNMp3gSgA0Nn8yOi3d78jk+laE6VrIxmxTYnAuS6eAxEfw5G79YEojhsVRlVOB6t0n9mg3/1gaH5yFhCpRj/kQuuHDULvO90KMyn+hoCRWjS2AphJq65Nsvy4WgJsFDMt9ITt7FG2PrAy5J7u9IwJRp3Ipp0KMv14zUn/vZiFpYq6yksG+LqasGCYtXMH8OIM19vFLVhS2+zxEVRrSqjUwi1rjdZwzR4csTojZpJsoWtMJeb1ztTFEgVtmdGnjVeeJK0pPHmwtAarEoSOkGKFIzMpZgG0Ym+auhFLnJ3R6PddnOyjygVNiEAH31lGh0aZLnPZa32NPuGjqHRX6wwAyXdGFrGHYUNdenWUmivR3xOJY5OGuej3RA4Jbn1ec/hPOM3YdqT/5s8xbDlog+Nv0Dkpdk/de3uep3oENzac3IfP6kPAMCS3PArb6IfFAol9x5do2oZwtls+IwvEY8+/t0wlsXtjarVX4/8btE4BaSuJEJ6DFZc2HKCMY1EcA9rH+Z0lxfxTJ7CJREdVeESuwGZLRALdhrcEgdJha9Sj8C4vQly5kTKB/6zZsPUl9FHZpImKY1Eg8DVYWqVuICS6IBrm4FGuLMYTdKhCbrvc2rHtKJGq+6uur3ZjtDv/PGZ5VVTiIKUA0yVrtvBhWCavE9OmpdVFwUblKBKG5N/+afuMh9papjL3MM3vsOGZOdw0ThlSIlFzW9dPsqS3E4US7wR7UlN+nONAsO0ZmrMeabJ1janVeYHa35qwFC97BOwwHvASo7SaopJ8mAE3nQj9BVjxScbq/nLUwERDsNOS1hm/t/6MSoVgTy8hl/7OvLvguisG8qnLNLoqjQxH+y6IO7Ap95GmDrRwiU6obRgOaIlLRice/09KGfCPJKXm3d8dRpUPYAs+X+opBMdYWN9HJl65BmwiNOqdIAYDtWxKLk0ReenFo+lvcj75ShTben8r0e6s7BjzFXVMvV/sXY5pyAoMuhly5BIsa+xFqDxY/vBpkAWu68twUZQiItGgHL5U8=', 0, 'c58445b103577ae3392be0c08841423102c42788cd7c1ca18bb956234bf677a8', 'Ugh5/lO8zQMfuhu7xEw3b9xURjKhNFg1/BSS0Inh/efC1vz/AMd+idDILnK45/S/2mfsBQIgaBAODa93ClRcMm1I/NhXQzzWQTcubSklSaujtEAkGoS6pKArZGhOZm+PsMjI6iS7uxJzTEmc13RnX2GxzvpVRQ14djoNhXlipIrnV2Y97dBn0aQEPazCieNEajjNxzJGivgERQVYnG8kLY6EwV//oAvrTQIba+zUGrft2HWQIu57px6bQKNP/vjtKGDl9HryfUIh88pCRxeCCC2A3WZrrUtWbrfs1YBhkbMsvUniLDiAauBV4Vo3lqBs60HG2qXD7VuuNk4xJ+JCzA=='),
(15, 1, 'Password de Llave privada para firma y cifrado', 'IYUBhkdU7U0qjuuP', 0, '6c05719b6de20cf88dd785dffa796451cc9df1f08313871bbb4b13115f3d3a42', 'HOGVGhRi88rLs48NJxz3VorBFsPmWw3V6MKP/2jj2gP98SRQEdzUBJy62j5/lmNpS3kNpTEpKHHupltj90ykvK9ss+/UHIIpihHRn6pOIVUu2Qo5Q4j7treVabdWjv6sh0RUbmN+WoN6dKSmqxUNGdmJXmh01yA8aMO5+XUJs4QiHB9TJjAx+4c5gMB7+raRPaPFz7d85CAo2B0EqW1bTfC6oOf/qiigw54vCR3BrMHS2AiD6Az4NV7bIZgk7IqfP1wqNL6oDQIXpqgXY+QNXoOwGcjioSw40v/83d2XFMzbDHbrpjlC4V9yU8tiPeImPTLaTv20vm/Qan3fkL9vZg=='),
(16, 1, 'Sal de Llave privada para firma y cifrado', '3995465389982143', 0, '727ea564171136b793f76fd5ba977355871ab349c8f096b93dfd270925d0b692', 'lVApiN/5FbS3OcxOOD451Acx0qYkXQ+tvwtLNCyDdVRL1+G0XxaDBVKx7mMbIuksbEBovJAoSGr8xtSs3Yud7Sp60pBq9t0EIPZeTv/KFTm4Ssh4ns7PdUJE41lPkKDq8yD95XPyQK+B/4kd2EcGhb4In8mfaDZ+KpBIz423zPXFkOffnrQjuGXpwY852aFWKGSjJyOfvM/b9ihDvc1TLiLNyZ1biiFk87mopIa6WEzobv5M4H8pah7VGVVZIxRFFrnKm7/lIgPu8MC9sMNQMc+jT7a80GqNy2Tdgpwd5UcKIRNohYkaAmh7/xnWqVT3aOZHlTHEJNBYZKUmXLpa8Q==');

-- --------------------------------------------------------

--
-- Table structure for table `variableusuario`
--

CREATE TABLE IF NOT EXISTS `variableusuario` (
  `idvariableusuario` int(11) NOT NULL AUTO_INCREMENT,
  `idusuario` int(11) NOT NULL,
  `idvariable` int(11) NOT NULL,
  `valor` varchar(256) DEFAULT NULL,
  `hash` varchar(256) DEFAULT NULL,
  `firma` varchar(1024) DEFAULT NULL,
  PRIMARY KEY (`idvariableusuario`),
  KEY `fk_variableusuario_variable1_idx` (`idvariable`),
  KEY `fk_variableusuario_usuario1_idx` (`idusuario`)
) ENGINE=InnoDB DEFAULT CHARSET=latin1 AUTO_INCREMENT=1 ;

--
-- Constraints for dumped tables
--

--
-- Constraints for table `auditoria`
--
ALTER TABLE `auditoria`
  ADD CONSTRAINT `fk_auditoria_accionauditable1` FOREIGN KEY (`idaccionauditable`) REFERENCES `accionauditable` (`idaccionauditable`),
  ADD CONSTRAINT `fk_auditoria_modulo1` FOREIGN KEY (`idmodulo`) REFERENCES `modulo` (`idmodulo`),
  ADD CONSTRAINT `fk_auditoria_usuario1` FOREIGN KEY (`idusuario`) REFERENCES `usuario` (`idusuario`);

--
-- Constraints for table `automotor`
--
ALTER TABLE `automotor`
  ADD CONSTRAINT `fk_automotor_tipoautomotor1` FOREIGN KEY (`idtipoautomotor`) REFERENCES `tipoautomotor` (`idtipoautomotor`);

--
-- Constraints for table `combo`
--
ALTER TABLE `combo`
  ADD CONSTRAINT `fk_combo_tipoautomotor1` FOREIGN KEY (`idtipoautomotor`) REFERENCES `tipoautomotor` (`idtipoautomotor`);

--
-- Constraints for table `departamento`
--
ALTER TABLE `departamento`
  ADD CONSTRAINT `fk_departamento_pais1` FOREIGN KEY (`idpais`) REFERENCES `pais` (`idpais`);

--
-- Constraints for table `empleado`
--
ALTER TABLE `empleado`
  ADD CONSTRAINT `fk_empleado_persona1` FOREIGN KEY (`idpersona`) REFERENCES `persona` (`idpersona`);

--
-- Constraints for table `empresa`
--
ALTER TABLE `empresa`
  ADD CONSTRAINT `fk_notaria_municipio1` FOREIGN KEY (`idmunicipio`) REFERENCES `municipio` (`idmunicipio`),
  ADD CONSTRAINT `fk_notaria_persona1` FOREIGN KEY (`idpersona`) REFERENCES `persona` (`idpersona`);

--
-- Constraints for table `gastodiario`
--
ALTER TABLE `gastodiario`
  ADD CONSTRAINT `fk_gastodiario_tipogasto1` FOREIGN KEY (`idtipogasto`) REFERENCES `tipogasto` (`idtipogasto`);

--
-- Constraints for table `impresion`
--
ALTER TABLE `impresion`
  ADD CONSTRAINT `fk_impresion_documentoimprimible1` FOREIGN KEY (`iddocumentoimprimible`) REFERENCES `documentoimprimible` (`iddocumentoimprimible`),
  ADD CONSTRAINT `fk_impresion_estadoimpresion1` FOREIGN KEY (`idestadoimpresion`) REFERENCES `estadoimpresion` (`idestadoimpresion`),
  ADD CONSTRAINT `fk_impresion_impresora1` FOREIGN KEY (`idimpresora`) REFERENCES `impresora` (`idimpresora`),
  ADD CONSTRAINT `fk_impresion_tipoimpresion1` FOREIGN KEY (`idtipoimpresion`) REFERENCES `tipoimpresion` (`idtipoimpresion`),
  ADD CONSTRAINT `fk_impresion_usuario1` FOREIGN KEY (`idusuario`) REFERENCES `usuario` (`idusuario`);

--
-- Constraints for table `impresora`
--
ALTER TABLE `impresora`
  ADD CONSTRAINT `fk_impresora_lenguajeimpresion1` FOREIGN KEY (`idlenguajeimpresion`) REFERENCES `lenguajeimpresion` (`idlenguajeimpresion`),
  ADD CONSTRAINT `fk_impresora_tipoimpresora1` FOREIGN KEY (`idtipoimpresora`) REFERENCES `tipoimpresora` (`idtipoimpresora`),
  ADD CONSTRAINT `fk_impresora_usuario1` FOREIGN KEY (`idusuario`) REFERENCES `usuario` (`idusuario`);

--
-- Constraints for table `modificacion`
--
ALTER TABLE `modificacion`
  ADD CONSTRAINT `fk_modificacion_accionauditable1` FOREIGN KEY (`idaccionauditable`) REFERENCES `accionauditable` (`idaccionauditable`),
  ADD CONSTRAINT `fk_modificacion_auditoria1` FOREIGN KEY (`idauditoria`) REFERENCES `auditoria` (`idauditoria`),
  ADD CONSTRAINT `fk_modificacion_clase1` FOREIGN KEY (`idclase`) REFERENCES `clase` (`idclase`);

--
-- Constraints for table `moduloperfil`
--
ALTER TABLE `moduloperfil`
  ADD CONSTRAINT `fk_modulo` FOREIGN KEY (`idmodulo`) REFERENCES `modulo` (`idmodulo`),
  ADD CONSTRAINT `fk_modulosperfil_perfil1` FOREIGN KEY (`idperfil`) REFERENCES `perfil` (`idperfil`);

--
-- Constraints for table `municipio`
--
ALTER TABLE `municipio`
  ADD CONSTRAINT `fk_municipio_departamento1` FOREIGN KEY (`iddepartamento`) REFERENCES `departamento` (`iddepartamento`);

--
-- Constraints for table `perfilusuario`
--
ALTER TABLE `perfilusuario`
  ADD CONSTRAINT `fk_perfilusuario_perfil1` FOREIGN KEY (`idperfil`) REFERENCES `perfil` (`idperfil`),
  ADD CONSTRAINT `fk_perfilusuario_usuario1` FOREIGN KEY (`idusuario`) REFERENCES `usuario` (`idusuario`);

--
-- Constraints for table `persona`
--
ALTER TABLE `persona`
  ADD CONSTRAINT `fk_persona_pais1` FOREIGN KEY (`idpais`) REFERENCES `pais` (`idpais`),
  ADD CONSTRAINT `fk_persona_tipoidentificacion` FOREIGN KEY (`idtipoidentificacion`) REFERENCES `tipoidentificacion` (`idtipoidentificacion`);

--
-- Constraints for table `personal`
--
ALTER TABLE `personal`
  ADD CONSTRAINT `fk_personal_cargo1` FOREIGN KEY (`idcargo`) REFERENCES `cargo` (`idcargo`),
  ADD CONSTRAINT `fk_personal_persona1` FOREIGN KEY (`idpersona`) REFERENCES `persona` (`idpersona`);

--
-- Constraints for table `registrodiario`
--
ALTER TABLE `registrodiario`
  ADD CONSTRAINT `fk_registrodiario_empleado1` FOREIGN KEY (`idempleado`) REFERENCES `empleado` (`idempleado`);

--
-- Constraints for table `registrosemanal`
--
ALTER TABLE `registrosemanal`
  ADD CONSTRAINT `fk_registrosemanal_empleado1` FOREIGN KEY (`idempleado`) REFERENCES `empleado` (`idempleado`);

--
-- Constraints for table `rubro`
--
ALTER TABLE `rubro`
  ADD CONSTRAINT `fk_rubro_tipoautomotor1` FOREIGN KEY (`idtipoautomotor`) REFERENCES `tipoautomotor` (`idtipoautomotor`),
  ADD CONSTRAINT `fk_rubro_tiporubro10` FOREIGN KEY (`idtiporubro`) REFERENCES `tiporubro` (`idtiporubro`);

--
-- Constraints for table `rubrocombo`
--
ALTER TABLE `rubrocombo`
  ADD CONSTRAINT `fk_rubrocombo_combo1` FOREIGN KEY (`idcombo`) REFERENCES `combo` (`idcombo`),
  ADD CONSTRAINT `fk_rubrocombo_rubro1` FOREIGN KEY (`idrubro`) REFERENCES `rubro` (`idrubro`);

--
-- Constraints for table `rubroservicio`
--
ALTER TABLE `rubroservicio`
  ADD CONSTRAINT `fk_rubroservicio_rubro1` FOREIGN KEY (`idrubro`) REFERENCES `rubro` (`idrubro`),
  ADD CONSTRAINT `fk_rubroservicio_servicio1` FOREIGN KEY (`idservicio`) REFERENCES `servicio` (`idservicio`);

--
-- Constraints for table `secuenciaimpresion`
--
ALTER TABLE `secuenciaimpresion`
  ADD CONSTRAINT `fk_secuenciaimpresion_comandoimpresion1` FOREIGN KEY (`idcomandoimpresion`) REFERENCES `comandoimpresion` (`idcomandoimpresion`),
  ADD CONSTRAINT `fk_secuenciaimpresion_lenguajeimpresion1` FOREIGN KEY (`idlenguajeimpresion`) REFERENCES `lenguajeimpresion` (`idlenguajeimpresion`);

--
-- Constraints for table `servicio`
--
ALTER TABLE `servicio`
  ADD CONSTRAINT `fk_radicado_usuario1` FOREIGN KEY (`idusuario`) REFERENCES `usuario` (`idusuario`),
  ADD CONSTRAINT `fk_servicio_automotor1` FOREIGN KEY (`idautomotor`) REFERENCES `automotor` (`idautomotor`),
  ADD CONSTRAINT `fk_servicio_empleado1` FOREIGN KEY (`idempleado`) REFERENCES `empleado` (`idempleado`),
  ADD CONSTRAINT `fk_servicio_estadoservicio1` FOREIGN KEY (`idestadoservicio`) REFERENCES `estadoservicio` (`idestadoservicio`),
  ADD CONSTRAINT `fk_servicio_persona1` FOREIGN KEY (`idpersona`) REFERENCES `persona` (`idpersona`);

--
-- Constraints for table `usuario`
--
ALTER TABLE `usuario`
  ADD CONSTRAINT `fk_usuario_persona1` FOREIGN KEY (`idpersona`) REFERENCES `persona` (`idpersona`);

--
-- Constraints for table `variable`
--
ALTER TABLE `variable`
  ADD CONSTRAINT `fk_variable_categoriavariable1` FOREIGN KEY (`idcategoriavariable`) REFERENCES `categoriavariable` (`idcategoriavariable`);

--
-- Constraints for table `variableusuario`
--
ALTER TABLE `variableusuario`
  ADD CONSTRAINT `fk_variableusuario_usuario1` FOREIGN KEY (`idusuario`) REFERENCES `usuario` (`idusuario`),
  ADD CONSTRAINT `fk_variableusuario_variable1` FOREIGN KEY (`idvariable`) REFERENCES `variable` (`idvariable`);

/*!40101 SET CHARACTER_SET_CLIENT=@OLD_CHARACTER_SET_CLIENT */;
/*!40101 SET CHARACTER_SET_RESULTS=@OLD_CHARACTER_SET_RESULTS */;
/*!40101 SET COLLATION_CONNECTION=@OLD_COLLATION_CONNECTION */;
